{
  "model_id": "69e194df-89e7-47d2-894c-6a9903138a81",
  "task_type": "regression",
  "is_batch": false,
  "predictions": 0.6153430938720703,
  "raw_predictions": 4.286920070648193,
  "confidence_scores": [
    0.9991004467010498
  ],
  "label_mapping": null,
  "error_occurred": false,
  "error_message": null,
  "prediction_id": "99906e98-1d54-42e2-97fa-0fe279c09dbc",
  "prediction_metadata": {
    "prediction_timestamp": "2025-07-08T17:26:39.059546",
    "feature_names": [
      "SiO2",
      "CeO2",
      "lignin",
      "vinyl"
    ],
    "feature_values": [
      [
        0.8225418957115632,
        1.1298224829952,
        0.298187561338744,
        -0.21976082453199217
      ]
    ],
    "num_samples": 1,
    "prediction_time_seconds": 0.60383,
    "tool_input_details": {
      "model_id": "69e194df-89e7-47d2-894c-6a9903138a81",
      "feature_values": [
        34,
        9.9,
        5.5,
        4
      ],
      "feature_names": null,
      "include_confidence": true,
      "save_intermediate_files": true,
      "generate_report": true,
      "output_path": null
    }
  },
  "saved_files": {
    "original_data": "trained_models\\69e194df-89e7-47d2-894c-6a9903138a81\\predictions\\99906e98-1d54-42e2-97fa-0fe279c09dbc\\01_original_data.csv",
    "processed_features": "trained_models\\69e194df-89e7-47d2-894c-6a9903138a81\\predictions\\99906e98-1d54-42e2-97fa-0fe279c09dbc\\02_processed_features.csv",
    "predictions_processed": "trained_models\\69e194df-89e7-47d2-894c-6a9903138a81\\predictions\\99906e98-1d54-42e2-97fa-0fe279c09dbc\\03_predictions_processed_scale.csv",
    "predictions_original": "trained_models\\69e194df-89e7-47d2-894c-6a9903138a81\\predictions\\99906e98-1d54-42e2-97fa-0fe279c09dbc\\04_predictions_original_scale.csv",
    "confidence_scores": "trained_models\\69e194df-89e7-47d2-894c-6a9903138a81\\predictions\\99906e98-1d54-42e2-97fa-0fe279c09dbc\\05_confidence_scores.csv",
    "combined_results": "trained_models\\69e194df-89e7-47d2-894c-6a9903138a81\\predictions\\99906e98-1d54-42e2-97fa-0fe279c09dbc\\06_combined_results.csv"
  },
  "folder_structure": {
    "01_original_data.csv": "Original input data as provided",
    "02_processed_features.csv": "Features after preprocessing/normalization",
    "03_predictions_processed_scale.csv": "Predictions in processed/normalized scale",
    "04_predictions_original_scale.csv": "Predictions transformed back to original scale",
    "05_confidence_scores.csv": "Confidence/uncertainty scores for each prediction",
    "06_combined_results.csv": "All data combined: features + predictions + confidence",
    "prediction_summary.json": "Complete prediction results and metadata",
    "prediction_report.html": "Detailed HTML report"
  }
}