{
  "model_id": "69e194df-89e7-47d2-894c-6a9903138a81",
  "task_type": "regression",
  "is_batch": false,
  "predictions": 0.7466889023780823,
  "raw_predictions": 4.483504772186279,
  "confidence_scores": [
    0.9986842274665833
  ],
  "label_mapping": null,
  "error_occurred": false,
  "error_message": null,
  "prediction_id": "3ab7bfe3-b4a3-42c9-a63a-567744e8b369",
  "prediction_metadata": {
    "prediction_timestamp": "2025-07-08T17:24:23.665615",
    "feature_names": [
      "SiO2",
      "CeO2",
      "lignin",
      "vinyl"
    ],
    "feature_values": [
      [
        0.8225418957115632,
        1.1298224829952,
        -0.150788028176979,
        0.3366399891716193
      ]
    ],
    "num_samples": 1,
    "prediction_time_seconds": 0.494487,
    "tool_input_details": {
      "model_id": "69e194df-89e7-47d2-894c-6a9903138a81",
      "feature_values": [
        34,
        9.9,
        4,
        5.5
      ],
      "feature_names": null,
      "include_confidence": true,
      "save_intermediate_files": true,
      "generate_report": true,
      "output_path": null
    }
  },
  "saved_files": {
    "original_data": "trained_models\\69e194df-89e7-47d2-894c-6a9903138a81\\predictions\\3ab7bfe3-b4a3-42c9-a63a-567744e8b369\\01_original_data.csv",
    "processed_features": "trained_models\\69e194df-89e7-47d2-894c-6a9903138a81\\predictions\\3ab7bfe3-b4a3-42c9-a63a-567744e8b369\\02_processed_features.csv",
    "predictions_processed": "trained_models\\69e194df-89e7-47d2-894c-6a9903138a81\\predictions\\3ab7bfe3-b4a3-42c9-a63a-567744e8b369\\03_predictions_processed_scale.csv",
    "predictions_original": "trained_models\\69e194df-89e7-47d2-894c-6a9903138a81\\predictions\\3ab7bfe3-b4a3-42c9-a63a-567744e8b369\\04_predictions_original_scale.csv",
    "confidence_scores": "trained_models\\69e194df-89e7-47d2-894c-6a9903138a81\\predictions\\3ab7bfe3-b4a3-42c9-a63a-567744e8b369\\05_confidence_scores.csv",
    "combined_results": "trained_models\\69e194df-89e7-47d2-894c-6a9903138a81\\predictions\\3ab7bfe3-b4a3-42c9-a63a-567744e8b369\\06_combined_results.csv"
  },
  "folder_structure": {
    "01_original_data.csv": "Original input data as provided",
    "02_processed_features.csv": "Features after preprocessing/normalization",
    "03_predictions_processed_scale.csv": "Predictions in processed/normalized scale",
    "04_predictions_original_scale.csv": "Predictions transformed back to original scale",
    "05_confidence_scores.csv": "Confidence/uncertainty scores for each prediction",
    "06_combined_results.csv": "All data combined: features + predictions + confidence",
    "prediction_summary.json": "Complete prediction results and metadata",
    "prediction_report.html": "Detailed HTML report"
  }
}