{
  "is_fitted": true,
  "target_is_fitted": true,
  "config": {
    "numerical_features": [
      "SiO2",
      "CeO2",
      "lignin",
      "vinyl"
    ],
    "categorical_features": [],
    "scaling_method": "standard",
    "impute_missing": true,
    "use_one_hot": false,
    "target_task_type": "regression",
    "target_scaling_method": "standard",
    "target_names": [
      "target"
    ],
    "target_shape": [
      53
    ]
  },
  "feature_names_in": [
    "SiO2",
    "CeO2",
    "lignin",
    "vinyl"
  ],
  "feature_names_out": [
    "SiO2",
    "CeO2",
    "lignin",
    "vinyl"
  ],
  "target_names": [
    "target"
  ],
  "input_feature_count": 4,
  "output_feature_count": 4,
  "preprocessing_steps": [
    {
      "transformer_name": "numerical",
      "columns": [
        "SiO2",
        "CeO2",
        "lignin",
        "vinyl"
      ],
      "column_count": 4,
      "scaling_method": "standard"
    }
  ]
}