{
  "model_id": "9063132f-77f6-4bff-92d1-075c8280fd57",
  "task_type": "regression",
  "is_batch": true,
  "predictions": [
    0.7123976945877075,
    -0.2542789876461029,
    -1.0075249671936035,
    -1.390102505683899,
    -1.7836275100708008
  ],
  "raw_predictions": [
    5.24963903427124,
    3.7395641803741455,
    2.5628960132598877,
    1.9652599096298218,
    1.3505226373672485
  ],
  "confidence_scores": [
    0.9987046718597412,
    0.9976223111152649,
    0.998072624206543,
    0.9951918125152588,
    0.9927298426628113
  ],
  "label_mapping": null,
  "error_occurred": false,
  "error_message": null,
  "prediction_id": "78685c87-a1a2-457e-8f48-9b90a24c1ad9",
  "prediction_metadata": {
    "prediction_timestamp": "2025-07-09T11:45:34.932752",
    "feature_names": [
      "SiO2",
      "CeO2",
      "lignin",
      "vinyl"
    ],
    "feature_values": [
      [
        1.0432746575987168,
        -1.2002591147802568,
        -0.7793538534989913,
        -0.10848066179126993
      ],
      [
        0.16034361005010234,
        -0.24818276300103775,
        -0.45010508785412773,
        -1.5551227774206595
      ],
      [
        -0.9433201993856658,
        -0.4987291713639902,
        0.028802207629310097,
        -0.5165079251739182
      ],
      [
        -1.2744193422163963,
        -0.6490570163817616,
        0.08866561956473988,
        -0.8874418009763259
      ],
      [
        -1.8262512469342802,
        -0.4987291713639902,
        0.26825585537102925,
        -1.4067492270996969
      ]
    ],
    "num_samples": 5,
    "prediction_time_seconds": 0.707079,
    "tool_input_details": {
      "model_id": "9063132f-77f6-4bff-92d1-075c8280fd57",
      "feature_values": [
        [
          36,
          0.6,
          1.9,
          4.3
        ],
        [
          28,
          4.4,
          3,
          0.4
        ],
        [
          18,
          3.4,
          4.6,
          3.2
        ],
        [
          15,
          2.8,
          4.8,
          2.2
        ],
        [
          10,
          3.4,
          5.4,
          0.8
        ]
      ],
      "feature_names": null,
      "include_confidence": true,
      "save_intermediate_files": true,
      "generate_report": true,
      "output_path": null
    }
  },
  "saved_files": {
    "original_data": "trained_models\\9063132f-77f6-4bff-92d1-075c8280fd57\\predictions\\78685c87-a1a2-457e-8f48-9b90a24c1ad9\\01_original_data.csv",
    "processed_features": "trained_models\\9063132f-77f6-4bff-92d1-075c8280fd57\\predictions\\78685c87-a1a2-457e-8f48-9b90a24c1ad9\\02_processed_features.csv",
    "predictions_processed": "trained_models\\9063132f-77f6-4bff-92d1-075c8280fd57\\predictions\\78685c87-a1a2-457e-8f48-9b90a24c1ad9\\03_predictions_processed_scale.csv",
    "predictions_original": "trained_models\\9063132f-77f6-4bff-92d1-075c8280fd57\\predictions\\78685c87-a1a2-457e-8f48-9b90a24c1ad9\\04_predictions_original_scale.csv",
    "confidence_scores": "trained_models\\9063132f-77f6-4bff-92d1-075c8280fd57\\predictions\\78685c87-a1a2-457e-8f48-9b90a24c1ad9\\05_confidence_scores.csv",
    "combined_results": "trained_models\\9063132f-77f6-4bff-92d1-075c8280fd57\\predictions\\78685c87-a1a2-457e-8f48-9b90a24c1ad9\\06_combined_results.csv"
  },
  "folder_structure": {
    "01_original_data.csv": "Original input data as provided",
    "02_processed_features.csv": "Features after preprocessing/normalization",
    "03_predictions_processed_scale.csv": "Predictions in processed/normalized scale",
    "04_predictions_original_scale.csv": "Predictions transformed back to original scale",
    "05_confidence_scores.csv": "Confidence/uncertainty scores for each prediction",
    "06_combined_results.csv": "All data combined: features + predictions + confidence",
    "prediction_summary.json": "Complete prediction results and metadata",
    "prediction_report.html": "Detailed HTML report"
  }
}