{
  "model_id": "9063132f-77f6-4bff-92d1-075c8280fd57",
  "task_type": "regression",
  "is_batch": false,
  "predictions": 0.646401584148407,
  "raw_predictions": 5.146544456481934,
  "confidence_scores": [
    0.9978736639022827
  ],
  "label_mapping": null,
  "error_occurred": false,
  "error_message": null,
  "prediction_id": "0a060766-2e3d-44aa-8ade-d500251c9814",
  "prediction_metadata": {
    "prediction_timestamp": "2025-07-08T17:22:07.135323",
    "feature_names": [
      "SiO2",
      "CeO2",
      "lignin",
      "vinyl"
    ],
    "feature_values": [
      [
        0.8225418957115632,
        1.1298224829952,
        -0.150788028176979,
        0.3366399891716193
      ]
    ],
    "num_samples": 1,
    "prediction_time_seconds": 0.473201,
    "tool_input_details": {
      "model_id": "9063132f-77f6-4bff-92d1-075c8280fd57",
      "feature_values": [
        34,
        9.9,
        4,
        5.5
      ],
      "feature_names": null,
      "include_confidence": true,
      "save_intermediate_files": true,
      "generate_report": true,
      "output_path": null
    }
  },
  "saved_files": {
    "original_data": "trained_models\\9063132f-77f6-4bff-92d1-075c8280fd57\\predictions\\0a060766-2e3d-44aa-8ade-d500251c9814\\01_original_data.csv",
    "processed_features": "trained_models\\9063132f-77f6-4bff-92d1-075c8280fd57\\predictions\\0a060766-2e3d-44aa-8ade-d500251c9814\\02_processed_features.csv",
    "predictions_processed": "trained_models\\9063132f-77f6-4bff-92d1-075c8280fd57\\predictions\\0a060766-2e3d-44aa-8ade-d500251c9814\\03_predictions_processed_scale.csv",
    "predictions_original": "trained_models\\9063132f-77f6-4bff-92d1-075c8280fd57\\predictions\\0a060766-2e3d-44aa-8ade-d500251c9814\\04_predictions_original_scale.csv",
    "confidence_scores": "trained_models\\9063132f-77f6-4bff-92d1-075c8280fd57\\predictions\\0a060766-2e3d-44aa-8ade-d500251c9814\\05_confidence_scores.csv",
    "combined_results": "trained_models\\9063132f-77f6-4bff-92d1-075c8280fd57\\predictions\\0a060766-2e3d-44aa-8ade-d500251c9814\\06_combined_results.csv"
  },
  "folder_structure": {
    "01_original_data.csv": "Original input data as provided",
    "02_processed_features.csv": "Features after preprocessing/normalization",
    "03_predictions_processed_scale.csv": "Predictions in processed/normalized scale",
    "04_predictions_original_scale.csv": "Predictions transformed back to original scale",
    "05_confidence_scores.csv": "Confidence/uncertainty scores for each prediction",
    "06_combined_results.csv": "All data combined: features + predictions + confidence",
    "prediction_summary.json": "Complete prediction results and metadata",
    "prediction_report.html": "Detailed HTML report"
  }
}