{
  "best_params": {
    "n_estimators": 100,
    "max_depth": 7,
    "learning_rate": 0.14230159041369264,
    "subsample": 0.826302483526643,
    "colsample_bytree": 0.9224223733399903,
    "colsample_bylevel": 0.9458858799301658,
    "reg_alpha": 0.001270233604433591,
    "reg_lambda": 7.705998465395172e-08,
    "min_child_weight": 2,
    "gamma": 5.803418188018687e-05
  },
  "best_score": -0.30595117493431634,
  "best_trial_number": 60,
  "n_trials": 100,
  "n_completed_trials": 100,
  "task_type": "regression",
  "sampler_type": "TPE",
  "optimization_history": [
    {
      "trial_number": 0,
      "value": -0.3346938546837809,
      "params": {
        "n_estimators": 90,
        "max_depth": 10,
        "learning_rate": 0.1205712628744377,
        "subsample": 0.8394633936788146,
        "colsample_bytree": 0.6624074561769746,
        "colsample_bylevel": 0.662397808134481,
        "reg_alpha": 3.3323645788192616e-08,
        "reg_lambda": 0.6245760287469893,
        "min_child_weight": 7,
        "gamma": 0.023585940584142682
      },
      "state": "COMPLETE",
      "datetime": "2025-07-03T14:43:09.150778",
      "duration": 1.453962
    },
    {
      "trial_number": 1,
      "value": -0.33026869748682175,
      "params": {
        "n_estimators": 50,
        "max_depth": 10,
        "learning_rate": 0.16967533607196555,
        "subsample": 0.6849356442713105,
        "colsample_bytree": 0.6727299868828402,
        "colsample_bylevel": 0.6733618039413735,
        "reg_alpha": 5.472429642032198e-06,
        "reg_lambda": 0.00052821153945323,
        "min_child_weight": 5,
        "gamma": 4.17890272377219e-06
      },
      "state": "COMPLETE",
      "datetime": "2025-07-03T14:43:10.606740",
      "duration": 1.172799
    },
    {
      "trial_number": 2,
      "value": -0.4269033736904106,
      "params": {
        "n_estimators": 110,
        "max_depth": 2,
        "learning_rate": 0.027010527749605478,
        "subsample": 0.7465447373174767,
        "colsample_bytree": 0.7824279936868144,
        "colsample_bylevel": 0.9140703845572055,
        "reg_alpha": 6.267062696005991e-07,
        "reg_lambda": 0.00042472707398058225,
        "min_child_weight": 6,
        "gamma": 2.6185068507773707e-08
      },
      "state": "COMPLETE",
      "datetime": "2025-07-03T14:43:11.780474",
      "duration": 0.992402
    },
    {
      "trial_number": 3,
      "value": -0.5281990610453102,
      "params": {
        "n_estimators": 110,
        "max_depth": 2,
        "learning_rate": 0.012476394272569451,
        "subsample": 0.9795542149013333,
        "colsample_bytree": 0.9862528132298237,
        "colsample_bylevel": 0.9233589392465844,
        "reg_alpha": 5.514725787121931e-06,
        "reg_lambda": 7.569183361880229e-08,
        "min_child_weight": 7,
        "gamma": 9.148975058772307e-05
      },
      "state": "COMPLETE",
      "datetime": "2025-07-03T14:43:12.773876",
      "duration": 1.098654
    },
    {
      "trial_number": 4,
      "value": -0.5757247667668233,
      "params": {
        "n_estimators": 60,
        "max_depth": 5,
        "learning_rate": 0.011240768803005551,
        "subsample": 0.9637281608315128,
        "colsample_bytree": 0.7035119926400067,
        "colsample_bylevel": 0.8650089137415928,
        "reg_alpha": 6.388511557344611e-06,
        "reg_lambda": 0.0004793052550782129,
        "min_child_weight": 6,
        "gamma": 4.609885087947832e-07
      },
      "state": "COMPLETE",
      "datetime": "2025-07-03T14:43:13.873525",
      "duration": 2.234908
    },
    {
      "trial_number": 5,
      "value": -0.37571067464234453,
      "params": {
        "n_estimators": 150,
        "max_depth": 8,
        "learning_rate": 0.24420460844911424,
        "subsample": 0.9579309401710595,
        "colsample_bytree": 0.8391599915244341,
        "colsample_bylevel": 0.9687496940092467,
        "reg_alpha": 6.257956190096665e-08,
        "reg_lambda": 5.805581976088804e-07,
        "min_child_weight": 1,
        "gamma": 8.471746987003668e-06
      },
      "state": "COMPLETE",
      "datetime": "2025-07-03T14:43:16.109431",
      "duration": 2.254307
    },
    {
      "trial_number": 6,
      "value": -0.5320091950491238,
      "params": {
        "n_estimators": 90,
        "max_depth": 3,
        "learning_rate": 0.16755052359850303,
        "subsample": 0.7427013306774357,
        "colsample_bytree": 0.7123738038749523,
        "colsample_bylevel": 0.8170784332632994,
        "reg_alpha": 1.8548894229694903e-07,
        "reg_lambda": 0.16587190283399655,
        "min_child_weight": 1,
        "gamma": 7.620481786158549
      },
      "state": "COMPLETE",
      "datetime": "2025-07-03T14:43:18.364738",
      "duration": 1.412495
    },
    {
      "trial_number": 7,
      "value": -0.5370950677151921,
      "params": {
        "n_estimators": 130,
        "max_depth": 2,
        "learning_rate": 0.010189592979395137,
        "subsample": 0.9261845713819337,
        "colsample_bytree": 0.8827429375390468,
        "colsample_bylevel": 0.8916028672163949,
        "reg_alpha": 0.08738424135626986,
        "reg_lambda": 4.638759594322625e-08,
        "min_child_weight": 4,
        "gamma": 1.1036250149900698e-07
      },
      "state": "COMPLETE",
      "datetime": "2025-07-03T14:43:19.779233",
      "duration": 2.574242
    },
    {
      "trial_number": 8,
      "value": -0.34479073970935425,
      "params": {
        "n_estimators": 140,
        "max_depth": 7,
        "learning_rate": 0.030816017044468066,
        "subsample": 0.6254233401144095,
        "colsample_bytree": 0.7243929286862649,
        "colsample_bylevel": 0.7300733288106989,
        "reg_alpha": 0.036851536911881845,
        "reg_lambda": 0.005470376807480391,
        "min_child_weight": 9,
        "gamma": 0.0001778010520878397
      },
      "state": "COMPLETE",
      "datetime": "2025-07-03T14:43:22.355843",
      "duration": 25.912708
    },
    {
      "trial_number": 9,
      "value": -0.33539958215348686,
      "params": {
        "n_estimators": 60,
        "max_depth": 8,
        "learning_rate": 0.13297554090738672,
        "subsample": 0.8245108790277985,
        "colsample_bytree": 0.9083868719818244,
        "colsample_bylevel": 0.7975182385457563,
        "reg_alpha": 0.0005065186776865479,
        "reg_lambda": 7.04480806377519e-05,
        "min_child_weight": 1,
        "gamma": 9.354548757337708e-08
      },
      "state": "COMPLETE",
      "datetime": "2025-07-03T14:43:48.271502",
      "duration": 9.996295
    },
    {
      "trial_number": 10,
      "value": -0.45370203894316957,
      "params": {
        "n_estimators": 50,
        "max_depth": 10,
        "learning_rate": 0.0719075144108287,
        "subsample": 0.6071847502459278,
        "colsample_bytree": 0.6065184434376476,
        "colsample_bylevel": 0.6154900799844731,
        "reg_alpha": 4.3444691085504505,
        "reg_lambda": 8.476957030644504e-06,
        "min_child_weight": 4,
        "gamma": 0.013605119130214149
      },
      "state": "COMPLETE",
      "datetime": "2025-07-03T14:43:58.271366",
      "duration": 2.221498
    },
    {
      "trial_number": 11,
      "value": -0.3549156876056619,
      "params": {
        "n_estimators": 80,
        "max_depth": 10,
        "learning_rate": 0.08486603434290378,
        "subsample": 0.8541718318573286,
        "colsample_bytree": 0.613453041929617,
        "colsample_bylevel": 0.6378133308102594,
        "reg_alpha": 1.153207114563693e-08,
        "reg_lambda": 8.838190591167548,
        "min_child_weight": 9,
        "gamma": 0.032972661587959216
      },
      "state": "COMPLETE",
      "datetime": "2025-07-03T14:44:00.494865",
      "duration": 2.456864
    },
    {
      "trial_number": 12,
      "value": -0.34698440682323245,
      "params": {
        "n_estimators": 80,
        "max_depth": 10,
        "learning_rate": 0.2947927028325085,
        "subsample": 0.6987469056962589,
        "colsample_bytree": 0.6591479590042345,
        "colsample_bylevel": 0.6874429257486369,
        "reg_alpha": 0.0001390707804559974,
        "reg_lambda": 0.251843773259432,
        "min_child_weight": 4,
        "gamma": 0.011789862047242508
      },
      "state": "COMPLETE",
      "datetime": "2025-07-03T14:44:02.954220",
      "duration": 7.52678
    },
    {
      "trial_number": 13,
      "value": -0.38049234580515756,
      "params": {
        "n_estimators": 70,
        "max_depth": 6,
        "learning_rate": 0.12626689958632767,
        "subsample": 0.8793979599376268,
        "colsample_bytree": 0.7642038623187328,
        "colsample_bylevel": 0.7208816568242454,
        "reg_alpha": 9.51076774548724e-06,
        "reg_lambda": 0.030245290872329324,
        "min_child_weight": 8,
        "gamma": 0.8251356297038693
      },
      "state": "COMPLETE",
      "datetime": "2025-07-03T14:44:10.486001",
      "duration": 3.924664
    },
    {
      "trial_number": 14,
      "value": -0.3515275045793717,
      "params": {
        "n_estimators": 100,
        "max_depth": 9,
        "learning_rate": 0.04779944309421835,
        "subsample": 0.7599922797534859,
        "colsample_bytree": 0.6478678977239448,
        "colsample_bylevel": 0.6628745710687507,
        "reg_alpha": 1.3128371253956633e-08,
        "reg_lambda": 5.289671088186326,
        "min_child_weight": 5,
        "gamma": 4.126783770729224e-06
      },
      "state": "COMPLETE",
      "datetime": "2025-07-03T14:44:14.413664",
      "duration": 10.193234
    },
    {
      "trial_number": 15,
      "value": -0.3600326318093336,
      "params": {
        "n_estimators": 50,
        "max_depth": 5,
        "learning_rate": 0.1906306420081584,
        "subsample": 0.6782117032268764,
        "colsample_bytree": 0.665106651524602,
        "colsample_bylevel": 0.7573370607981865,
        "reg_alpha": 0.00023037850725026422,
        "reg_lambda": 0.004305080963629689,
        "min_child_weight": 10,
        "gamma": 0.0015579107174789602
      },
      "state": "COMPLETE",
      "datetime": "2025-07-03T14:44:24.607898",
      "duration": 2.936471
    },
    {
      "trial_number": 16,
      "value": -0.33102950575146767,
      "params": {
        "n_estimators": 120,
        "max_depth": 8,
        "learning_rate": 0.0965059210208812,
        "subsample": 0.8091962413989698,
        "colsample_bytree": 0.7454407075423473,
        "colsample_bylevel": 0.6094781646023328,
        "reg_alpha": 6.548409096945668e-07,
        "reg_lambda": 3.2135178592704884e-05,
        "min_child_weight": 3,
        "gamma": 0.22109672151250476
      },
      "state": "COMPLETE",
      "datetime": "2025-07-03T14:44:27.545369",
      "duration": 1.245845
    },
    {
      "trial_number": 17,
      "value": -0.37183350634366097,
      "params": {
        "n_estimators": 120,
        "max_depth": 8,
        "learning_rate": 0.07768129142413341,
        "subsample": 0.7934781813932416,
        "colsample_bytree": 0.8211856580058811,
        "colsample_bylevel": 0.6001750403064846,
        "reg_alpha": 1.5949783981171683e-06,
        "reg_lambda": 6.146230951364021e-06,
        "min_child_weight": 3,
        "gamma": 0.8688100789574876
      },
      "state": "COMPLETE",
      "datetime": "2025-07-03T14:44:28.792214",
      "duration": 8.013666
    },
    {
      "trial_number": 18,
      "value": -0.32789089559785295,
      "params": {
        "n_estimators": 130,
        "max_depth": 7,
        "learning_rate": 0.04302553031342479,
        "subsample": 0.6805454483691531,
        "colsample_bytree": 0.7727431143998708,
        "colsample_bylevel": 0.7032982611959189,
        "reg_alpha": 0.002777094909513919,
        "reg_lambda": 4.127966570808534e-05,
        "min_child_weight": 3,
        "gamma": 1.1004402406791896e-05
      },
      "state": "COMPLETE",
      "datetime": "2025-07-03T14:44:36.808891",
      "duration": 33.425188
    },
    {
      "trial_number": 19,
      "value": -0.32624298708044747,
      "params": {
        "n_estimators": 150,
        "max_depth": 4,
        "learning_rate": 0.039581211000772006,
        "subsample": 0.6643430891823505,
        "colsample_bytree": 0.8606973659414263,
        "colsample_bylevel": 0.7700210375950243,
        "reg_alpha": 0.00196836971675819,
        "reg_lambda": 2.2533505404213392e-06,
        "min_child_weight": 2,
        "gamma": 1.0622231863000599e-05
      },
      "state": "COMPLETE",
      "datetime": "2025-07-03T14:45:10.238011",
      "duration": 22.574504
    },
    {
      "trial_number": 20,
      "value": -0.31678838178133917,
      "params": {
        "n_estimators": 150,
        "max_depth": 4,
        "learning_rate": 0.04148289128561711,
        "subsample": 0.6490496731641451,
        "colsample_bytree": 0.8740916730817063,
        "colsample_bylevel": 0.7868451737823827,
        "reg_alpha": 0.0058773254508151145,
        "reg_lambda": 2.5584618793486867e-06,
        "min_child_weight": 2,
        "gamma": 3.351228494126288e-05
      },
      "state": "COMPLETE",
      "datetime": "2025-07-03T14:45:32.815515",
      "duration": 23.281139
    },
    {
      "trial_number": 21,
      "value": -0.3200190131971769,
      "params": {
        "n_estimators": 150,
        "max_depth": 4,
        "learning_rate": 0.04096213373685787,
        "subsample": 0.6484402147105183,
        "colsample_bytree": 0.8802489778678998,
        "colsample_bylevel": 0.7935535469143117,
        "reg_alpha": 0.004871347826183158,
        "reg_lambda": 7.83473999020248e-07,
        "min_child_weight": 2,
        "gamma": 2.7044675759076765e-05
      },
      "state": "COMPLETE",
      "datetime": "2025-07-03T14:45:56.100653",
      "duration": 22.532916
    },
    {
      "trial_number": 22,
      "value": -0.3505937588126904,
      "params": {
        "n_estimators": 150,
        "max_depth": 4,
        "learning_rate": 0.02019813969345196,
        "subsample": 0.637641142896754,
        "colsample_bytree": 0.9259308962023542,
        "colsample_bylevel": 0.7901223464240994,
        "reg_alpha": 0.016449080244325433,
        "reg_lambda": 4.719461647152538e-07,
        "min_child_weight": 2,
        "gamma": 3.548525072653729e-05
      },
      "state": "COMPLETE",
      "datetime": "2025-07-03T14:46:18.637572",
      "duration": 19.184451
    },
    {
      "trial_number": 23,
      "value": -0.32452887443422246,
      "params": {
        "n_estimators": 140,
        "max_depth": 4,
        "learning_rate": 0.03738406812874759,
        "subsample": 0.6480526377505997,
        "colsample_bytree": 0.8608775194487167,
        "colsample_bylevel": 0.835769093398875,
        "reg_alpha": 0.4260904985725722,
        "reg_lambda": 7.045620621924334e-07,
        "min_child_weight": 2,
        "gamma": 0.0005684884287374529
      },
      "state": "COMPLETE",
      "datetime": "2025-07-03T14:46:37.823023",
      "duration": 8.173263
    },
    {
      "trial_number": 24,
      "value": -0.607743185476228,
      "params": {
        "n_estimators": 140,
        "max_depth": 1,
        "learning_rate": 0.0181139716982351,
        "subsample": 0.6006392431158748,
        "colsample_bytree": 0.9440163417454057,
        "colsample_bylevel": 0.844926950030995,
        "reg_alpha": 0.9725345451847724,
        "reg_lambda": 1.1439381884125041e-08,
        "min_child_weight": 2,
        "gamma": 0.001041499016453935
      },
      "state": "COMPLETE",
      "datetime": "2025-07-03T14:46:45.997317",
      "duration": 0.94392
    },
    {
      "trial_number": 25,
      "value": -0.3276107569936666,
      "params": {
        "n_estimators": 140,
        "max_depth": 4,
        "learning_rate": 0.05835093768579696,
        "subsample": 0.7079765215760704,
        "colsample_bytree": 0.8130282176338727,
        "colsample_bylevel": 0.8304804084654805,
        "reg_alpha": 0.3128660200488964,
        "reg_lambda": 6.127822833575295e-07,
        "min_child_weight": 2,
        "gamma": 0.0008523428823928042
      },
      "state": "COMPLETE",
      "datetime": "2025-07-03T14:46:46.942237",
      "duration": 2.116966
    },
    {
      "trial_number": 26,
      "value": -0.34432743499565255,
      "params": {
        "n_estimators": 130,
        "max_depth": 3,
        "learning_rate": 0.03400043138030734,
        "subsample": 0.6460998726160444,
        "colsample_bytree": 0.8805446564194923,
        "colsample_bylevel": 0.7491359371427625,
        "reg_alpha": 0.009585309575505073,
        "reg_lambda": 9.16200167292307e-08,
        "min_child_weight": 3,
        "gamma": 5.369501528027652e-05
      },
      "state": "COMPLETE",
      "datetime": "2025-07-03T14:46:49.062222",
      "duration": 7.52229
    },
    {
      "trial_number": 27,
      "value": -0.3221874857148538,
      "params": {
        "n_estimators": 150,
        "max_depth": 6,
        "learning_rate": 0.05827809473202778,
        "subsample": 0.721487044261303,
        "colsample_bytree": 0.9732377141339927,
        "colsample_bylevel": 0.8593527264542068,
        "reg_alpha": 0.12616164648803171,
        "reg_lambda": 2.364925075319214e-06,
        "min_child_weight": 1,
        "gamma": 8.638350246961829e-07
      },
      "state": "COMPLETE",
      "datetime": "2025-07-03T14:46:56.588544",
      "duration": 31.853052
    },
    {
      "trial_number": 28,
      "value": -0.330501538778697,
      "params": {
        "n_estimators": 150,
        "max_depth": 6,
        "learning_rate": 0.056605858371455584,
        "subsample": 0.7129451097031119,
        "colsample_bytree": 0.9734926762658744,
        "colsample_bylevel": 0.8687625878017431,
        "reg_alpha": 0.0025024912671117736,
        "reg_lambda": 4.624454548069251e-06,
        "min_child_weight": 1,
        "gamma": 6.056274033551835e-07
      },
      "state": "COMPLETE",
      "datetime": "2025-07-03T14:47:28.444487",
      "duration": 7.873907
    },
    {
      "trial_number": 29,
      "value": -0.33848902501324285,
      "params": {
        "n_estimators": 120,
        "max_depth": 5,
        "learning_rate": 0.023400736956391836,
        "subsample": 0.7269994883463314,
        "colsample_bytree": 0.9552034251543335,
        "colsample_bylevel": 0.9993986750197682,
        "reg_alpha": 5.768422924309891e-05,
        "reg_lambda": 1.1320643450617698e-08,
        "min_child_weight": 1,
        "gamma": 1.1517701404971383e-06
      },
      "state": "COMPLETE",
      "datetime": "2025-07-03T14:47:36.320386",
      "duration": 14.408049
    },
    {
      "trial_number": 30,
      "value": -0.47466633556405113,
      "params": {
        "n_estimators": 150,
        "max_depth": 3,
        "learning_rate": 0.06504546300960876,
        "subsample": 0.7697847388383272,
        "colsample_bytree": 0.9993327314036022,
        "colsample_bylevel": 0.7794763802579506,
        "reg_alpha": 9.923751706834334,
        "reg_lambda": 2.0999309977158843e-05,
        "min_child_weight": 4,
        "gamma": 2.020736593482302e-06
      },
      "state": "COMPLETE",
      "datetime": "2025-07-03T14:47:50.731406",
      "duration": 2.36512
    },
    {
      "trial_number": 31,
      "value": -0.3228024730726348,
      "params": {
        "n_estimators": 140,
        "max_depth": 4,
        "learning_rate": 0.0460335284120668,
        "subsample": 0.6549128223618985,
        "colsample_bytree": 0.8951106580830703,
        "colsample_bylevel": 0.8150095184445941,
        "reg_alpha": 0.2014494010471465,
        "reg_lambda": 1.3779049838155053e-06,
        "min_child_weight": 2,
        "gamma": 0.00032247753967876635
      },
      "state": "COMPLETE",
      "datetime": "2025-07-03T14:47:53.100501",
      "duration": 5.433249
    },
    {
      "trial_number": 32,
      "value": -0.3153502880901331,
      "params": {
        "n_estimators": 140,
        "max_depth": 6,
        "learning_rate": 0.047428446181337715,
        "subsample": 0.6655925833546317,
        "colsample_bytree": 0.9108771563627138,
        "colsample_bylevel": 0.8100584446250992,
        "reg_alpha": 0.11653702857726948,
        "reg_lambda": 0.00011832626603282392,
        "min_child_weight": 2,
        "gamma": 2.1776789673828324e-05
      },
      "state": "COMPLETE",
      "datetime": "2025-07-03T14:47:58.535732",
      "duration": 18.672054
    },
    {
      "trial_number": 33,
      "value": -0.3296964224997472,
      "params": {
        "n_estimators": 130,
        "max_depth": 6,
        "learning_rate": 0.02829287915791722,
        "subsample": 0.6215161121220943,
        "colsample_bytree": 0.9333560634098192,
        "colsample_bylevel": 0.8748003509457359,
        "reg_alpha": 0.04294797707730784,
        "reg_lambda": 8.316309310693016e-05,
        "min_child_weight": 3,
        "gamma": 3.344704065994573e-05
      },
      "state": "COMPLETE",
      "datetime": "2025-07-03T14:48:17.210788",
      "duration": 6.283108
    },
    {
      "trial_number": 34,
      "value": -0.32881895466783134,
      "params": {
        "n_estimators": 150,
        "max_depth": 7,
        "learning_rate": 0.09274755167479498,
        "subsample": 0.685512552058962,
        "colsample_bytree": 0.9137790550046,
        "colsample_bylevel": 0.9298754020955218,
        "reg_alpha": 0.010280500520753785,
        "reg_lambda": 0.0022269895785181435,
        "min_child_weight": 1,
        "gamma": 1.087985460865599e-08
      },
      "state": "COMPLETE",
      "datetime": "2025-07-03T14:48:23.496925",
      "duration": 8.743677
    },
    {
      "trial_number": 35,
      "value": -0.3405906501101078,
      "params": {
        "n_estimators": 140,
        "max_depth": 5,
        "learning_rate": 0.05274794578314034,
        "subsample": 0.7246476247119695,
        "colsample_bytree": 0.964468032598951,
        "colsample_bylevel": 0.8528241694902432,
        "reg_alpha": 1.438618651331083,
        "reg_lambda": 0.00024758337785362887,
        "min_child_weight": 5,
        "gamma": 3.764329821329793e-07
      },
      "state": "COMPLETE",
      "datetime": "2025-07-03T14:48:32.242607",
      "duration": 1.974429
    },
    {
      "trial_number": 36,
      "value": -0.3830862583335509,
      "params": {
        "n_estimators": 110,
        "max_depth": 6,
        "learning_rate": 0.017331282244595757,
        "subsample": 0.6729018335340771,
        "colsample_bytree": 0.8400126257736578,
        "colsample_bylevel": 0.8969312545364934,
        "reg_alpha": 0.0008087921799714155,
        "reg_lambda": 1.259285490034137e-07,
        "min_child_weight": 2,
        "gamma": 0.00010704911992578419
      },
      "state": "COMPLETE",
      "datetime": "2025-07-03T14:48:34.218036",
      "duration": 2.028749
    },
    {
      "trial_number": 37,
      "value": -0.35771116651846924,
      "params": {
        "n_estimators": 150,
        "max_depth": 3,
        "learning_rate": 0.024402680314433493,
        "subsample": 0.6305254148250062,
        "colsample_bytree": 0.8620505698171447,
        "colsample_bylevel": 0.8101032641701311,
        "reg_alpha": 0.1190813174357518,
        "reg_lambda": 0.00018195025075456482,
        "min_child_weight": 1,
        "gamma": 1.3682073273682897e-07
      },
      "state": "COMPLETE",
      "datetime": "2025-07-03T14:48:36.247785",
      "duration": 1.567332
    },
    {
      "trial_number": 38,
      "value": -0.3369165309880422,
      "params": {
        "n_estimators": 130,
        "max_depth": 5,
        "learning_rate": 0.10605433255623456,
        "subsample": 0.7416357684291842,
        "colsample_bytree": 0.9858188991842226,
        "colsample_bylevel": 0.7427209139117215,
        "reg_alpha": 0.005050101511015519,
        "reg_lambda": 2.3757677577415573e-07,
        "min_child_weight": 6,
        "gamma": 0.002979413166730752
      },
      "state": "COMPLETE",
      "datetime": "2025-07-03T14:48:37.816115",
      "duration": 9.65772
    },
    {
      "trial_number": 39,
      "value": -0.37799080828256326,
      "params": {
        "n_estimators": 140,
        "max_depth": 7,
        "learning_rate": 0.013563812183330987,
        "subsample": 0.69629115239499,
        "colsample_bytree": 0.8994444171710542,
        "colsample_bylevel": 0.9353465291258575,
        "reg_alpha": 0.04458699994710633,
        "reg_lambda": 1.0772218363069034e-05,
        "min_child_weight": 3,
        "gamma": 5.561232387476638e-06
      },
      "state": "COMPLETE",
      "datetime": "2025-07-03T14:48:47.475836",
      "duration": 18.909057
    },
    {
      "trial_number": 40,
      "value": -0.5056316845180063,
      "params": {
        "n_estimators": 150,
        "max_depth": 1,
        "learning_rate": 0.033259020175118656,
        "subsample": 0.7834724999744861,
        "colsample_bytree": 0.7972159874326937,
        "colsample_bylevel": 0.7750955578890563,
        "reg_alpha": 5.210739127496411e-05,
        "reg_lambda": 2.5617090984790024e-06,
        "min_child_weight": 1,
        "gamma": 3.487964041262802e-05
      },
      "state": "COMPLETE",
      "datetime": "2025-07-03T14:49:06.386893",
      "duration": 4.202543
    },
    {
      "trial_number": 41,
      "value": -0.31906878701338187,
      "params": {
        "n_estimators": 140,
        "max_depth": 4,
        "learning_rate": 0.046036950225663516,
        "subsample": 0.656312866678641,
        "colsample_bytree": 0.8906884058746397,
        "colsample_bylevel": 0.8131745617474915,
        "reg_alpha": 0.18074860776394555,
        "reg_lambda": 2.6026300528428876e-06,
        "min_child_weight": 2,
        "gamma": 0.00016776524694772375
      },
      "state": "COMPLETE",
      "datetime": "2025-07-03T14:49:10.590937",
      "duration": 11.157822
    },
    {
      "trial_number": 42,
      "value": -0.3373943154868203,
      "params": {
        "n_estimators": 140,
        "max_depth": 3,
        "learning_rate": 0.0632089340483443,
        "subsample": 0.6669262652996625,
        "colsample_bytree": 0.9257690667397063,
        "colsample_bylevel": 0.7966345201780677,
        "reg_alpha": 1.0483413956732226,
        "reg_lambda": 3.9912915076152514e-08,
        "min_child_weight": 2,
        "gamma": 0.00020856849060679302
      },
      "state": "COMPLETE",
      "datetime": "2025-07-03T14:49:21.749754",
      "duration": 8.67487
    },
    {
      "trial_number": 43,
      "value": -0.36613736102440153,
      "params": {
        "n_estimators": 130,
        "max_depth": 2,
        "learning_rate": 0.049654565631005516,
        "subsample": 0.6186160696702252,
        "colsample_bytree": 0.8795008261217034,
        "colsample_bylevel": 0.8179825419658902,
        "reg_alpha": 0.02183058853391523,
        "reg_lambda": 0.0010650791412727904,
        "min_child_weight": 1,
        "gamma": 1.4619555946204791e-05
      },
      "state": "COMPLETE",
      "datetime": "2025-07-03T14:49:30.426620",
      "duration": 5.897316
    },
    {
      "trial_number": 44,
      "value": -0.32051787483213423,
      "params": {
        "n_estimators": 150,
        "max_depth": 4,
        "learning_rate": 0.03883546885136796,
        "subsample": 0.6522067140296758,
        "colsample_bytree": 0.8417710543559568,
        "colsample_bylevel": 0.8861079170146087,
        "reg_alpha": 0.08926227272826089,
        "reg_lambda": 1.3894150261486747e-06,
        "min_child_weight": 3,
        "gamma": 0.004173640255704986
      },
      "state": "COMPLETE",
      "datetime": "2025-07-03T14:49:36.324936",
      "duration": 12.157203
    },
    {
      "trial_number": 45,
      "value": -0.32619876190636893,
      "params": {
        "n_estimators": 140,
        "max_depth": 4,
        "learning_rate": 0.03792484497622394,
        "subsample": 0.6459813262788234,
        "colsample_bytree": 0.8371223570432155,
        "colsample_bylevel": 0.8875094462010773,
        "reg_alpha": 0.0009405041137921522,
        "reg_lambda": 1.3655770719204458e-05,
        "min_child_weight": 4,
        "gamma": 0.004876060529942586
      },
      "state": "COMPLETE",
      "datetime": "2025-07-03T14:49:48.483818",
      "duration": 10.962107
    },
    {
      "trial_number": 46,
      "value": -0.34099613379204935,
      "params": {
        "n_estimators": 120,
        "max_depth": 5,
        "learning_rate": 0.029474204723337546,
        "subsample": 0.6147209887074314,
        "colsample_bytree": 0.8469704861119333,
        "colsample_bylevel": 0.9570640171595874,
        "reg_alpha": 0.06097681090763964,
        "reg_lambda": 3.289803708755326e-07,
        "min_child_weight": 3,
        "gamma": 9.928918239901731e-05
      },
      "state": "COMPLETE",
      "datetime": "2025-07-03T14:49:59.447927",
      "duration": 12.980067
    },
    {
      "trial_number": 47,
      "value": -0.39358419263617705,
      "params": {
        "n_estimators": 100,
        "max_depth": 4,
        "learning_rate": 0.04288171973954427,
        "subsample": 0.6934306893617895,
        "colsample_bytree": 0.889317810451582,
        "colsample_bylevel": 0.8297904446297959,
        "reg_alpha": 2.548590222254909,
        "reg_lambda": 1.1225061987402686e-06,
        "min_child_weight": 4,
        "gamma": 0.06885885896563522
      },
      "state": "COMPLETE",
      "datetime": "2025-07-03T14:50:12.428994",
      "duration": 11.357749
    },
    {
      "trial_number": 48,
      "value": -0.3513521344688193,
      "params": {
        "n_estimators": 150,
        "max_depth": 2,
        "learning_rate": 0.07325901416753564,
        "subsample": 0.8971207337636383,
        "colsample_bytree": 0.8230705893726287,
        "colsample_bylevel": 0.9047959292773671,
        "reg_alpha": 0.5500199465074376,
        "reg_lambda": 0.00010195620704581226,
        "min_child_weight": 2,
        "gamma": 0.00029936276619530003
      },
      "state": "COMPLETE",
      "datetime": "2025-07-03T14:50:23.788741",
      "duration": 12.123751
    },
    {
      "trial_number": 49,
      "value": -0.3649873536678311,
      "params": {
        "n_estimators": 130,
        "max_depth": 3,
        "learning_rate": 0.024820234118012634,
        "subsample": 0.6608586733296681,
        "colsample_bytree": 0.8711771940703723,
        "colsample_bylevel": 0.7195099000187091,
        "reg_alpha": 0.006206409477355971,
        "reg_lambda": 0.014072976132025823,
        "min_child_weight": 5,
        "gamma": 0.00231607368069525
      },
      "state": "COMPLETE",
      "datetime": "2025-07-03T14:50:35.913481",
      "duration": 15.061137
    },
    {
      "trial_number": 50,
      "value": -0.3384860896452623,
      "params": {
        "n_estimators": 140,
        "max_depth": 5,
        "learning_rate": 0.03503202604082793,
        "subsample": 0.6399922227873758,
        "colsample_bytree": 0.7994095401327492,
        "colsample_bylevel": 0.763239230127081,
        "reg_alpha": 0.019358318036495036,
        "reg_lambda": 5.446617871817048e-06,
        "min_child_weight": 7,
        "gamma": 0.008126124234550555
      },
      "state": "COMPLETE",
      "datetime": "2025-07-03T14:50:50.976618",
      "duration": 23.909424
    },
    {
      "trial_number": 51,
      "value": -0.3269095920398476,
      "params": {
        "n_estimators": 150,
        "max_depth": 6,
        "learning_rate": 0.051114214883290696,
        "subsample": 0.9976391626618667,
        "colsample_bytree": 0.9065682081612724,
        "colsample_bylevel": 0.8554817946095906,
        "reg_alpha": 0.14189362083426252,
        "reg_lambda": 2.1234064235395303e-06,
        "min_child_weight": 1,
        "gamma": 2.6823518092859307e-06
      },
      "state": "COMPLETE",
      "datetime": "2025-07-03T14:51:14.887042",
      "duration": 31.467606
    },
    {
      "trial_number": 52,
      "value": -0.3136827712915815,
      "params": {
        "n_estimators": 150,
        "max_depth": 6,
        "learning_rate": 0.06311915989820159,
        "subsample": 0.7175889204417334,
        "colsample_bytree": 0.9425700975845576,
        "colsample_bylevel": 0.8811921830194918,
        "reg_alpha": 0.09159976397481359,
        "reg_lambda": 4.015276397466624e-08,
        "min_child_weight": 2,
        "gamma": 2.234730129495769e-05
      },
      "state": "COMPLETE",
      "datetime": "2025-07-03T14:51:46.356648",
      "duration": 31.5482
    },
    {
      "trial_number": 53,
      "value": -0.31801949060809764,
      "params": {
        "n_estimators": 150,
        "max_depth": 5,
        "learning_rate": 0.04200439891144271,
        "subsample": 0.6745482918352257,
        "colsample_bytree": 0.9458969750455871,
        "colsample_bylevel": 0.8810783213089426,
        "reg_alpha": 0.06927419425130732,
        "reg_lambda": 3.1355687476338146e-08,
        "min_child_weight": 3,
        "gamma": 1.97468972993392e-05
      },
      "state": "COMPLETE",
      "datetime": "2025-07-03T14:52:17.906850",
      "duration": 25.440365
    },
    {
      "trial_number": 54,
      "value": -0.3135369948302074,
      "params": {
        "n_estimators": 140,
        "max_depth": 5,
        "learning_rate": 0.06572449408835195,
        "subsample": 0.6776517038743574,
        "colsample_bytree": 0.942773381279557,
        "colsample_bylevel": 0.9169632977665418,
        "reg_alpha": 0.02860056803353631,
        "reg_lambda": 2.8602533154745523e-08,
        "min_child_weight": 2,
        "gamma": 1.7198959908811987e-05
      },
      "state": "COMPLETE",
      "datetime": "2025-07-03T14:52:43.350218",
      "duration": 13.591957
    },
    {
      "trial_number": 55,
      "value": -0.316601383274525,
      "params": {
        "n_estimators": 110,
        "max_depth": 5,
        "learning_rate": 0.08133251076744683,
        "subsample": 0.7431853094678836,
        "colsample_bytree": 0.9452708551005157,
        "colsample_bylevel": 0.9496125224439947,
        "reg_alpha": 0.025620978318180873,
        "reg_lambda": 2.8545600979809932e-08,
        "min_child_weight": 3,
        "gamma": 1.730898426295986e-05
      },
      "state": "COMPLETE",
      "datetime": "2025-07-03T14:52:56.943177",
      "duration": 2.721284
    },
    {
      "trial_number": 56,
      "value": -0.3256993853209108,
      "params": {
        "n_estimators": 110,
        "max_depth": 7,
        "learning_rate": 0.08320330570959947,
        "subsample": 0.7500272662490481,
        "colsample_bytree": 0.95055782672027,
        "colsample_bylevel": 0.9611970472135838,
        "reg_alpha": 0.016885225485645392,
        "reg_lambda": 2.731624184226084e-08,
        "min_child_weight": 3,
        "gamma": 1.6364952052036363e-05
      },
      "state": "COMPLETE",
      "datetime": "2025-07-03T14:52:59.665462",
      "duration": 2.019963
    },
    {
      "trial_number": 57,
      "value": -0.3219447483053076,
      "params": {
        "n_estimators": 80,
        "max_depth": 5,
        "learning_rate": 0.11009838087044684,
        "subsample": 0.7371571524673709,
        "colsample_bytree": 0.9365978762821686,
        "colsample_bylevel": 0.919275857607188,
        "reg_alpha": 0.03306751522975773,
        "reg_lambda": 1.8031878553014503e-07,
        "min_child_weight": 4,
        "gamma": 3.778362167341948e-06
      },
      "state": "COMPLETE",
      "datetime": "2025-07-03T14:53:01.686566",
      "duration": 1.304642
    },
    {
      "trial_number": 58,
      "value": -0.335727119570805,
      "params": {
        "n_estimators": 70,
        "max_depth": 6,
        "learning_rate": 0.06691731015521062,
        "subsample": 0.7036156672476876,
        "colsample_bytree": 0.9621760639919231,
        "colsample_bylevel": 0.9948196225895792,
        "reg_alpha": 0.36070858210913304,
        "reg_lambda": 2.8311413317660368e-08,
        "min_child_weight": 3,
        "gamma": 9.088219457512365e-06
      },
      "state": "COMPLETE",
      "datetime": "2025-07-03T14:53:02.992208",
      "duration": 1.421586
    },
    {
      "trial_number": 59,
      "value": -0.3107115512653479,
      "params": {
        "n_estimators": 90,
        "max_depth": 5,
        "learning_rate": 0.14396661026377977,
        "subsample": 0.771648922028464,
        "colsample_bytree": 0.9141702066704902,
        "colsample_bylevel": 0.9450843507145472,
        "reg_alpha": 0.0014207500034786687,
        "reg_lambda": 5.4221187353869285e-08,
        "min_child_weight": 2,
        "gamma": 5.5741700592701285e-05
      },
      "state": "COMPLETE",
      "datetime": "2025-07-03T14:53:04.415795",
      "duration": 6.905201
    },
    {
      "trial_number": 60,
      "value": -0.30595117493431634,
      "params": {
        "n_estimators": 100,
        "max_depth": 7,
        "learning_rate": 0.14230159041369264,
        "subsample": 0.826302483526643,
        "colsample_bytree": 0.9224223733399903,
        "colsample_bylevel": 0.9458858799301658,
        "reg_alpha": 0.001270233604433591,
        "reg_lambda": 7.705998465395172e-08,
        "min_child_weight": 2,
        "gamma": 5.803418188018687e-05
      },
      "state": "COMPLETE",
      "datetime": "2025-07-03T14:53:11.321994",
      "duration": 12.293395
    },
    {
      "trial_number": 61,
      "value": -0.317735308047837,
      "params": {
        "n_estimators": 100,
        "max_depth": 7,
        "learning_rate": 0.15705929724607687,
        "subsample": 0.8343592010528424,
        "colsample_bytree": 0.9173161277418327,
        "colsample_bylevel": 0.9454591067839613,
        "reg_alpha": 0.0014870614026407027,
        "reg_lambda": 9.432443139824143e-08,
        "min_child_weight": 2,
        "gamma": 6.750046315690031e-05
      },
      "state": "COMPLETE",
      "datetime": "2025-07-03T14:53:23.616389",
      "duration": 2.058558
    },
    {
      "trial_number": 62,
      "value": -0.32716924121104335,
      "params": {
        "n_estimators": 90,
        "max_depth": 6,
        "learning_rate": 0.2088032088843608,
        "subsample": 0.8132335660546459,
        "colsample_bytree": 0.9210553059066515,
        "colsample_bylevel": 0.9778109903848801,
        "reg_alpha": 0.0003717314702068648,
        "reg_lambda": 1.6528552722958368e-08,
        "min_child_weight": 2,
        "gamma": 5.318561574053264e-06
      },
      "state": "COMPLETE",
      "datetime": "2025-07-03T14:53:25.676947",
      "duration": 1.684715
    },
    {
      "trial_number": 63,
      "value": -0.32417833331228374,
      "params": {
        "n_estimators": 90,
        "max_depth": 7,
        "learning_rate": 0.1425287462868773,
        "subsample": 0.8501285164224835,
        "colsample_bytree": 0.9359495423462308,
        "colsample_bylevel": 0.9095328123919078,
        "reg_alpha": 0.00014909604814061843,
        "reg_lambda": 6.25015696397269e-08,
        "min_child_weight": 2,
        "gamma": 6.966786736052429e-05
      },
      "state": "COMPLETE",
      "datetime": "2025-07-03T14:53:27.362658",
      "duration": 2.412515
    },
    {
      "trial_number": 64,
      "value": -0.32030050634891866,
      "params": {
        "n_estimators": 110,
        "max_depth": 8,
        "learning_rate": 0.12231419625612659,
        "subsample": 0.7714224014241651,
        "colsample_bytree": 0.9072324933550673,
        "colsample_bylevel": 0.9461914625025261,
        "reg_alpha": 0.003334503071705977,
        "reg_lambda": 6.576628621473462e-08,
        "min_child_weight": 1,
        "gamma": 0.000551638841867162
      },
      "state": "COMPLETE",
      "datetime": "2025-07-03T14:53:29.778230",
      "duration": 17.568405
    },
    {
      "trial_number": 65,
      "value": -0.32006097369548947,
      "params": {
        "n_estimators": 100,
        "max_depth": 9,
        "learning_rate": 0.19019969023552089,
        "subsample": 0.8034935466230819,
        "colsample_bytree": 0.9756670517837587,
        "colsample_bylevel": 0.9769278488884061,
        "reg_alpha": 0.010589339665185785,
        "reg_lambda": 1.7154777526511538e-07,
        "min_child_weight": 2,
        "gamma": 4.5739667666436803e-05
      },
      "state": "COMPLETE",
      "datetime": "2025-07-03T14:53:47.350624",
      "duration": 27.569922
    },
    {
      "trial_number": 66,
      "value": -0.3428243829381031,
      "params": {
        "n_estimators": 90,
        "max_depth": 6,
        "learning_rate": 0.2558991076541655,
        "subsample": 0.7560687577951479,
        "colsample_bytree": 0.9989380469249369,
        "colsample_bylevel": 0.9425007505891781,
        "reg_alpha": 0.0012937169306834508,
        "reg_lambda": 1.77971066970419e-08,
        "min_child_weight": 3,
        "gamma": 7.264558974548892e-06
      },
      "state": "COMPLETE",
      "datetime": "2025-07-03T14:54:14.923974",
      "duration": 4.839861
    },
    {
      "trial_number": 67,
      "value": -0.32003838908607496,
      "params": {
        "n_estimators": 100,
        "max_depth": 5,
        "learning_rate": 0.09112833586483002,
        "subsample": 0.7853723607445785,
        "colsample_bytree": 0.9624320935458874,
        "colsample_bylevel": 0.929838296694164,
        "reg_alpha": 0.0004973239148162994,
        "reg_lambda": 3.8730116458932124e-07,
        "min_child_weight": 1,
        "gamma": 2.265475266694886e-05
      },
      "state": "COMPLETE",
      "datetime": "2025-07-03T14:54:19.766758",
      "duration": 4.916042
    },
    {
      "trial_number": 68,
      "value": -0.3186317904421501,
      "params": {
        "n_estimators": 80,
        "max_depth": 5,
        "learning_rate": 0.14602430989716841,
        "subsample": 0.8200904846686479,
        "colsample_bytree": 0.6936617168495975,
        "colsample_bylevel": 0.9142524288117337,
        "reg_alpha": 0.006819024014629766,
        "reg_lambda": 4.9294273193160645e-08,
        "min_child_weight": 2,
        "gamma": 0.00015710347039664575
      },
      "state": "COMPLETE",
      "datetime": "2025-07-03T14:54:24.685804",
      "duration": 8.295965
    },
    {
      "trial_number": 69,
      "value": -0.31488917070263034,
      "params": {
        "n_estimators": 70,
        "max_depth": 6,
        "learning_rate": 0.10351367662738838,
        "subsample": 0.7142675127211743,
        "colsample_bytree": 0.9354086236112209,
        "colsample_bylevel": 0.9564958227054716,
        "reg_alpha": 3.0298102817643258e-05,
        "reg_lambda": 1.2729919299060198e-07,
        "min_child_weight": 2,
        "gamma": 1.933891172736982e-06
      },
      "state": "COMPLETE",
      "datetime": "2025-07-03T14:54:32.982766",
      "duration": 8.387567
    },
    {
      "trial_number": 70,
      "value": -0.331435920010696,
      "params": {
        "n_estimators": 70,
        "max_depth": 7,
        "learning_rate": 0.10127355068640065,
        "subsample": 0.7662479115282677,
        "colsample_bytree": 0.942555698244593,
        "colsample_bylevel": 0.984478910204791,
        "reg_alpha": 1.5303850958292606e-05,
        "reg_lambda": 1.042222651378804,
        "min_child_weight": 4,
        "gamma": 2.399745038376824e-07
      },
      "state": "COMPLETE",
      "datetime": "2025-07-03T14:54:41.371336",
      "duration": 9.783096
    },
    {
      "trial_number": 71,
      "value": -0.31598770333213355,
      "params": {
        "n_estimators": 60,
        "max_depth": 6,
        "learning_rate": 0.0781221601856131,
        "subsample": 0.687923772371443,
        "colsample_bytree": 0.9233223349722928,
        "colsample_bylevel": 0.9608330783504282,
        "reg_alpha": 2.5809433035826543e-06,
        "reg_lambda": 1.6608974459036713e-08,
        "min_child_weight": 2,
        "gamma": 1.8980128211997453e-06
      },
      "state": "COMPLETE",
      "datetime": "2025-07-03T14:54:51.155427",
      "duration": 7.64519
    },
    {
      "trial_number": 72,
      "value": -0.3153906511020437,
      "params": {
        "n_estimators": 60,
        "max_depth": 6,
        "learning_rate": 0.08132508457279974,
        "subsample": 0.7151835594246975,
        "colsample_bytree": 0.9316434908609806,
        "colsample_bylevel": 0.9636640044285422,
        "reg_alpha": 2.5863085995648597e-06,
        "reg_lambda": 1.1976039537772917e-08,
        "min_child_weight": 2,
        "gamma": 2.3693772699632617e-06
      },
      "state": "COMPLETE",
      "datetime": "2025-07-03T14:54:58.801556",
      "duration": 7.550426
    },
    {
      "trial_number": 73,
      "value": -0.3251424232959911,
      "params": {
        "n_estimators": 60,
        "max_depth": 6,
        "learning_rate": 0.07377286032796565,
        "subsample": 0.6865157191702537,
        "colsample_bytree": 0.9277409622365198,
        "colsample_bylevel": 0.9601649098417118,
        "reg_alpha": 3.0964428272188566e-07,
        "reg_lambda": 1.05849704710324e-08,
        "min_child_weight": 2,
        "gamma": 7.63417576409842e-07
      },
      "state": "COMPLETE",
      "datetime": "2025-07-03T14:55:06.352983",
      "duration": 7.503457
    },
    {
      "trial_number": 74,
      "value": -0.3215594752493426,
      "params": {
        "n_estimators": 50,
        "max_depth": 6,
        "learning_rate": 0.11501406604070949,
        "subsample": 0.715421615713827,
        "colsample_bytree": 0.9021500522970839,
        "colsample_bylevel": 0.9691195855886945,
        "reg_alpha": 3.014225597614505e-06,
        "reg_lambda": 1.6897459040870008e-08,
        "min_child_weight": 10,
        "gamma": 1.1614796111020845e-06
      },
      "state": "COMPLETE",
      "datetime": "2025-07-03T14:55:13.858443",
      "duration": 5.851291
    },
    {
      "trial_number": 75,
      "value": -0.3223142778190683,
      "params": {
        "n_estimators": 60,
        "max_depth": 6,
        "learning_rate": 0.13373203739198097,
        "subsample": 0.7354573048530093,
        "colsample_bytree": 0.9167579209919404,
        "colsample_bylevel": 0.8985147495067904,
        "reg_alpha": 2.8104495174831617e-05,
        "reg_lambda": 1.063901266425873e-07,
        "min_child_weight": 1,
        "gamma": 1.933750482396835e-06
      },
      "state": "COMPLETE",
      "datetime": "2025-07-03T14:55:19.710733",
      "duration": 7.624843
    },
    {
      "trial_number": 76,
      "value": -0.325678972240936,
      "params": {
        "n_estimators": 70,
        "max_depth": 7,
        "learning_rate": 0.086577667225324,
        "subsample": 0.705707956232208,
        "colsample_bytree": 0.9834560005735088,
        "colsample_bylevel": 0.9855490455523688,
        "reg_alpha": 1.6638699550249272e-06,
        "reg_lambda": 2.4552002883506753e-07,
        "min_child_weight": 2,
        "gamma": 2.683198450794842e-06
      },
      "state": "COMPLETE",
      "datetime": "2025-07-03T14:55:27.337715",
      "duration": 10.041868
    },
    {
      "trial_number": 77,
      "value": -0.3524980502612369,
      "params": {
        "n_estimators": 50,
        "max_depth": 8,
        "learning_rate": 0.06149330606159044,
        "subsample": 0.7291087042703233,
        "colsample_bytree": 0.9633599278059952,
        "colsample_bylevel": 0.9310890834533081,
        "reg_alpha": 5.513865015460776e-08,
        "reg_lambda": 0.08614236593437877,
        "min_child_weight": 8,
        "gamma": 6.21354567703928e-08
      },
      "state": "COMPLETE",
      "datetime": "2025-07-03T14:55:37.380585",
      "duration": 6.743725
    },
    {
      "trial_number": 78,
      "value": -0.32860443278603363,
      "params": {
        "n_estimators": 60,
        "max_depth": 6,
        "learning_rate": 0.09641603543003774,
        "subsample": 0.8668177988264573,
        "colsample_bytree": 0.9533551152576558,
        "colsample_bylevel": 0.9683239341808473,
        "reg_alpha": 5.608939271298484e-06,
        "reg_lambda": 6.436668978738746e-08,
        "min_child_weight": 2,
        "gamma": 1.3413590270306403e-06
      },
      "state": "COMPLETE",
      "datetime": "2025-07-03T14:55:44.126309",
      "duration": 7.630394
    },
    {
      "trial_number": 79,
      "value": -0.3391018688659137,
      "params": {
        "n_estimators": 60,
        "max_depth": 7,
        "learning_rate": 0.16927251246409936,
        "subsample": 0.7165684813876402,
        "colsample_bytree": 0.9243021174969819,
        "colsample_bylevel": 0.9178826372362943,
        "reg_alpha": 3.4861871142301116e-07,
        "reg_lambda": 2.02741966076969e-08,
        "min_child_weight": 1,
        "gamma": 3.3062668792866886e-07
      },
      "state": "COMPLETE",
      "datetime": "2025-07-03T14:55:51.758703",
      "duration": 8.825798
    },
    {
      "trial_number": 80,
      "value": -0.3319830050575489,
      "params": {
        "n_estimators": 70,
        "max_depth": 6,
        "learning_rate": 0.06972228026893512,
        "subsample": 0.6908339144176153,
        "colsample_bytree": 0.9354772410345337,
        "colsample_bylevel": 0.9394482355438134,
        "reg_alpha": 9.473954049886573e-06,
        "reg_lambda": 4.519286737123047e-08,
        "min_child_weight": 3,
        "gamma": 9.147753340217772e-06
      },
      "state": "COMPLETE",
      "datetime": "2025-07-03T14:56:00.586488",
      "duration": 8.955261
    },
    {
      "trial_number": 81,
      "value": -0.31477092255427375,
      "params": {
        "n_estimators": 60,
        "max_depth": 5,
        "learning_rate": 0.08207102954729564,
        "subsample": 0.7440915322414217,
        "colsample_bytree": 0.9451327865254272,
        "colsample_bylevel": 0.9511386075786156,
        "reg_alpha": 1.1773030102742604e-06,
        "reg_lambda": 1.359576478442379e-07,
        "min_child_weight": 2,
        "gamma": 4.809251653793274e-06
      },
      "state": "COMPLETE",
      "datetime": "2025-07-03T14:56:09.543753",
      "duration": 6.691229
    },
    {
      "trial_number": 82,
      "value": -0.3230591446235452,
      "params": {
        "n_estimators": 60,
        "max_depth": 5,
        "learning_rate": 0.05636155709912232,
        "subsample": 0.7925715557238142,
        "colsample_bytree": 0.9137255958728908,
        "colsample_bylevel": 0.9540542415585821,
        "reg_alpha": 1.4281519279535638e-06,
        "reg_lambda": 1.404737008140637e-07,
        "min_child_weight": 2,
        "gamma": 4.150610051468382e-06
      },
      "state": "COMPLETE",
      "datetime": "2025-07-03T14:56:16.235978",
      "duration": 6.765411
    },
    {
      "trial_number": 83,
      "value": -0.3231239835343069,
      "params": {
        "n_estimators": 50,
        "max_depth": 6,
        "learning_rate": 0.07479427419594091,
        "subsample": 0.7543163628449193,
        "colsample_bytree": 0.8951851993584682,
        "colsample_bylevel": 0.966526929549806,
        "reg_alpha": 1.0434359341676664e-07,
        "reg_lambda": 8.721363762518042e-08,
        "min_child_weight": 2,
        "gamma": 1.8185932173185247e-06
      },
      "state": "COMPLETE",
      "datetime": "2025-07-03T14:56:23.002388",
      "duration": 6.749225
    },
    {
      "trial_number": 84,
      "value": -0.3233399644042995,
      "params": {
        "n_estimators": 80,
        "max_depth": 5,
        "learning_rate": 0.11697547324549745,
        "subsample": 0.6780078896825563,
        "colsample_bytree": 0.973237105899479,
        "colsample_bylevel": 0.9238306460874769,
        "reg_alpha": 5.321567881434513e-05,
        "reg_lambda": 1.0200678248801416e-08,
        "min_child_weight": 6,
        "gamma": 1.023411302936589e-05
      },
      "state": "COMPLETE",
      "datetime": "2025-07-03T14:56:29.752605",
      "duration": 8.062351
    },
    {
      "trial_number": 85,
      "value": -0.3240019378041651,
      "params": {
        "n_estimators": 60,
        "max_depth": 6,
        "learning_rate": 0.10242880680659941,
        "subsample": 0.7007892006227787,
        "colsample_bytree": 0.9553364643408557,
        "colsample_bylevel": 0.9766203349986808,
        "reg_alpha": 7.435901494074243e-07,
        "reg_lambda": 3.233642023454945e-07,
        "min_child_weight": 1,
        "gamma": 3.5906576712681567e-06
      },
      "state": "COMPLETE",
      "datetime": "2025-07-03T14:56:37.816958",
      "duration": 7.388595
    },
    {
      "trial_number": 86,
      "value": -0.3281031074351211,
      "params": {
        "n_estimators": 70,
        "max_depth": 7,
        "learning_rate": 0.07995865646175397,
        "subsample": 0.7271851388571671,
        "colsample_bytree": 0.9321017776837972,
        "colsample_bylevel": 0.9041368578336555,
        "reg_alpha": 3.173979853688426e-06,
        "reg_lambda": 3.513398514134162e-08,
        "min_child_weight": 3,
        "gamma": 2.0327726052920945e-07
      },
      "state": "COMPLETE",
      "datetime": "2025-07-03T14:56:45.207493",
      "duration": 9.955194
    },
    {
      "trial_number": 87,
      "value": -0.31469185783368214,
      "params": {
        "n_estimators": 50,
        "max_depth": 5,
        "learning_rate": 0.0894121945155384,
        "subsample": 0.7793875943624862,
        "colsample_bytree": 0.8861174384767343,
        "colsample_bylevel": 0.9376282572646312,
        "reg_alpha": 1.5210916565448742e-05,
        "reg_lambda": 7.406472250411607e-07,
        "min_child_weight": 2,
        "gamma": 4.683860259065403e-07
      },
      "state": "COMPLETE",
      "datetime": "2025-07-03T14:56:55.164688",
      "duration": 5.42189
    },
    {
      "trial_number": 88,
      "value": -0.32191765541023154,
      "params": {
        "n_estimators": 50,
        "max_depth": 5,
        "learning_rate": 0.08919901805167904,
        "subsample": 0.7816678577190487,
        "colsample_bytree": 0.8887799620297439,
        "colsample_bylevel": 0.9251453801304871,
        "reg_alpha": 9.197544197110153e-05,
        "reg_lambda": 4.619085109648089e-07,
        "min_child_weight": 2,
        "gamma": 5.432377517667627e-07
      },
      "state": "COMPLETE",
      "datetime": "2025-07-03T14:57:00.587574",
      "duration": 5.22533
    },
    {
      "trial_number": 89,
      "value": -0.3239067132419998,
      "params": {
        "n_estimators": 50,
        "max_depth": 5,
        "learning_rate": 0.06158889184767298,
        "subsample": 0.7987784240241378,
        "colsample_bytree": 0.7376395634429519,
        "colsample_bylevel": 0.9403597552230095,
        "reg_alpha": 2.5902687449498406e-05,
        "reg_lambda": 6.922323325031507e-07,
        "min_child_weight": 1,
        "gamma": 7.844051108718872e-08
      },
      "state": "COMPLETE",
      "datetime": "2025-07-03T14:57:05.814905",
      "duration": 5.225663
    },
    {
      "trial_number": 90,
      "value": -0.3232964660533953,
      "params": {
        "n_estimators": 90,
        "max_depth": 5,
        "learning_rate": 0.13475335101332792,
        "subsample": 0.7621093186994892,
        "colsample_bytree": 0.8675516647920422,
        "colsample_bylevel": 0.9523420162422784,
        "reg_alpha": 0.00022312723842594294,
        "reg_lambda": 1.5297644864607686e-07,
        "min_child_weight": 3,
        "gamma": 3.3397176062839615e-08
      },
      "state": "COMPLETE",
      "datetime": "2025-07-03T14:57:11.041568",
      "duration": 9.056571
    },
    {
      "trial_number": 91,
      "value": -0.32602720110059835,
      "params": {
        "n_estimators": 60,
        "max_depth": 6,
        "learning_rate": 0.0777310478023903,
        "subsample": 0.6672338598960036,
        "colsample_bytree": 0.909394665752205,
        "colsample_bylevel": 0.9862810658781378,
        "reg_alpha": 3.001523075030481e-06,
        "reg_lambda": 1.8912062462370584e-08,
        "min_child_weight": 2,
        "gamma": 2.7762894894530464e-05
      },
      "state": "COMPLETE",
      "datetime": "2025-07-03T14:57:20.099139",
      "duration": 7.326956
    },
    {
      "trial_number": 92,
      "value": -0.3285264548432913,
      "params": {
        "n_estimators": 60,
        "max_depth": 6,
        "learning_rate": 0.06819354146980362,
        "subsample": 0.711038821566071,
        "colsample_bytree": 0.940620830045877,
        "colsample_bylevel": 0.9363801129904779,
        "reg_alpha": 1.0952858712136201e-05,
        "reg_lambda": 4.726496943063185e-08,
        "min_child_weight": 2,
        "gamma": 1.3716977196171973e-05
      },
      "state": "COMPLETE",
      "datetime": "2025-07-03T14:57:27.427095",
      "duration": 7.447021
    },
    {
      "trial_number": 93,
      "value": -0.3425444290399423,
      "params": {
        "n_estimators": 50,
        "max_depth": 5,
        "learning_rate": 0.053894643422297835,
        "subsample": 0.776102189925376,
        "colsample_bytree": 0.9271007961051,
        "colsample_bylevel": 0.96351175606067,
        "reg_alpha": 1.1954235895357265e-06,
        "reg_lambda": 2.3569941732517526e-07,
        "min_child_weight": 2,
        "gamma": 6.6922839078275525e-06
      },
      "state": "COMPLETE",
      "datetime": "2025-07-03T14:57:34.875116",
      "duration": 5.370078
    },
    {
      "trial_number": 94,
      "value": -0.3204789388535537,
      "params": {
        "n_estimators": 70,
        "max_depth": 6,
        "learning_rate": 0.09582890292538848,
        "subsample": 0.8331507924392421,
        "colsample_bytree": 0.9014600714150371,
        "colsample_bylevel": 0.871738608895613,
        "reg_alpha": 1.57292128457307e-05,
        "reg_lambda": 1.0688921665329487e-07,
        "min_child_weight": 2,
        "gamma": 5.4793531491229624e-05
      },
      "state": "COMPLETE",
      "datetime": "2025-07-03T14:57:40.246194",
      "duration": 8.671015
    },
    {
      "trial_number": 95,
      "value": -0.3289385486553797,
      "params": {
        "n_estimators": 60,
        "max_depth": 4,
        "learning_rate": 0.126014622970224,
        "subsample": 0.7449704316880877,
        "colsample_bytree": 0.9508482292525512,
        "colsample_bylevel": 0.6321443202043485,
        "reg_alpha": 7.930623302427143e-07,
        "reg_lambda": 2.377949184784999e-08,
        "min_child_weight": 1,
        "gamma": 0.000106705725684209
      },
      "state": "COMPLETE",
      "datetime": "2025-07-03T14:57:48.918208",
      "duration": 5.124653
    },
    {
      "trial_number": 96,
      "value": -0.3178458363213754,
      "params": {
        "n_estimators": 50,
        "max_depth": 6,
        "learning_rate": 0.11008873010660832,
        "subsample": 0.6958347516237371,
        "colsample_bytree": 0.9183925549035866,
        "colsample_bylevel": 0.9530201816127651,
        "reg_alpha": 4.698133155939215e-06,
        "reg_lambda": 0.0009612906432722536,
        "min_child_weight": 3,
        "gamma": 8.878785164377713e-07
      },
      "state": "COMPLETE",
      "datetime": "2025-07-03T14:57:54.043856",
      "duration": 6.177357
    },
    {
      "trial_number": 97,
      "value": -0.31819913007099954,
      "params": {
        "n_estimators": 80,
        "max_depth": 5,
        "learning_rate": 0.1551223920777522,
        "subsample": 0.7199994610885656,
        "colsample_bytree": 0.9326121519815097,
        "colsample_bylevel": 0.99044627523882,
        "reg_alpha": 1.995972831851276e-06,
        "reg_lambda": 5.993833983603726e-08,
        "min_child_weight": 2,
        "gamma": 3.0187847120901373e-06
      },
      "state": "COMPLETE",
      "datetime": "2025-07-03T14:58:00.223214",
      "duration": 8.024471
    },
    {
      "trial_number": 98,
      "value": -0.32432137309006925,
      "params": {
        "n_estimators": 60,
        "max_depth": 7,
        "learning_rate": 0.08415041926455934,
        "subsample": 0.7342841632345773,
        "colsample_bytree": 0.8523828838642933,
        "colsample_bylevel": 0.9738792898120641,
        "reg_alpha": 2.9501485475288304e-05,
        "reg_lambda": 1.2913289543815535e-08,
        "min_child_weight": 1,
        "gamma": 4.0181182600109756e-05
      },
      "state": "COMPLETE",
      "datetime": "2025-07-03T14:58:08.249685",
      "duration": 9.037183
    },
    {
      "trial_number": 99,
      "value": -0.325540901293056,
      "params": {
        "n_estimators": 70,
        "max_depth": 6,
        "learning_rate": 0.18005317095905635,
        "subsample": 0.6840929764039938,
        "colsample_bytree": 0.9699166849067019,
        "colsample_bylevel": 0.9275383897235308,
        "reg_alpha": 2.412218991317629e-07,
        "reg_lambda": 3.817730575846909e-08,
        "min_child_weight": 2,
        "gamma": 1.6857548526914005e-06
      },
      "state": "COMPLETE",
      "datetime": "2025-07-03T14:58:17.287870",
      "duration": 8.460717
    }
  ],
  "best_cv_scores": [
    -0.34368197478496904,
    -0.2891826229544381,
    -0.326809641413367,
    -0.2796239513738012,
    -0.29045768414500606
  ],
  "best_cv_std": 0.0247913056290844,
  "trials_dataframe": "    number     value             datetime_start  ... user_attrs_cv_std                                  user_attrs_params     state\n0        0 -0.334694 2025-07-03 14:43:09.150778  ...          0.031655  {'n_estimators': 90, 'max_depth': 10, 'learnin...  COMPLETE\n1        1 -0.330269 2025-07-03 14:43:10.606740  ...          0.048392  {'n_estimators': 50, 'max_depth': 10, 'learnin...  COMPLETE\n2        2 -0.426903 2025-07-03 14:43:11.780474  ...          0.058873  {'n_estimators': 110, 'max_depth': 2, 'learnin...  COMPLETE\n3        3 -0.528199 2025-07-03 14:43:12.773876  ...          0.068471  {'n_estimators': 110, 'max_depth': 2, 'learnin...  COMPLETE\n4        4 -0.575725 2025-07-03 14:43:13.873525  ...          0.054784  {'n_estimators': 60, 'max_depth': 5, 'learning...  COMPLETE\n..     ...       ...                        ...  ...               ...                                                ...       ...\n95      95 -0.328939 2025-07-03 14:57:48.918208  ...          0.025779  {'n_estimators': 60, 'max_depth': 4, 'learning...  COMPLETE\n96      96 -0.317846 2025-07-03 14:57:54.043856  ...          0.026722  {'n_estimators': 50, 'max_depth': 6, 'learning...  COMPLETE\n97      97 -0.318199 2025-07-03 14:58:00.223214  ...          0.027024  {'n_estimators': 80, 'max_depth': 5, 'learning...  COMPLETE\n98      98 -0.324321 2025-07-03 14:58:08.249685  ...          0.049563  {'n_estimators': 60, 'max_depth': 7, 'learning...  COMPLETE\n99      99 -0.325541 2025-07-03 14:58:17.287870  ...          0.024529  {'n_estimators': 70, 'max_depth': 6, 'learning...  COMPLETE\n\n[100 rows x 19 columns]",
  "parameter_ranges": {
    "n_estimators": {
      "range": [
        50,
        150
      ],
      "step": 10,
      "description": "Number of boosting rounds (trees) in the ensemble"
    },
    "max_depth": {
      "range": [
        1,
        10
      ],
      "step": 1,
      "description": "Maximum depth of each tree in the ensemble"
    },
    "learning_rate": {
      "range": [
        0.01,
        0.3
      ],
      "scale": "log",
      "description": "Step size shrinkage to prevent overfitting"
    },
    "subsample": {
      "range": [
        0.6,
        1.0
      ],
      "scale": "linear",
      "description": "Fraction of samples used for training each tree"
    },
    "colsample_bytree": {
      "range": [
        0.6,
        1.0
      ],
      "scale": "linear",
      "description": "Fraction of features used for training each tree"
    },
    "colsample_bylevel": {
      "range": [
        0.6,
        1.0
      ],
      "scale": "linear",
      "description": "Fraction of features used for each level in each tree"
    },
    "reg_alpha": {
      "range": [
        1e-08,
        10.0
      ],
      "scale": "log",
      "description": "L1 regularization term on weights (Lasso regularization)"
    },
    "reg_lambda": {
      "range": [
        1e-08,
        10.0
      ],
      "scale": "log",
      "description": "L2 regularization term on weights (Ridge regularization)"
    },
    "min_child_weight": {
      "range": [
        1,
        10
      ],
      "step": 1,
      "description": "Minimum sum of instance weight needed in a child node"
    },
    "gamma": {
      "range": [
        1e-08,
        10.0
      ],
      "scale": "log",
      "description": "Minimum loss reduction required to make a split"
    }
  }
}