{
  "report_metadata": {
    "generated_at": "2025-07-03T13:16:09.473764",
    "report_type": "training_report",
    "model_name": "ab9c58d3-1a5a-413b-ab98-f2253d6dac13",
    "model_id": "ab9c58d3-1a5a-413b-ab98-f2253d6dac13",
    "report_version": "1.0.0"
  },
  "training_summary": {
    "task_type": "regression",
    "training_time_seconds": 775.394745,
    "model_path": null,
    "training_completed_at": "2025-07-03T13:16:09.367787"
  },
  "dataset_overview": {
    "n_samples": 2703,
    "n_features": 4
  },
  "feature_names": [
    "layer_thickness",
    "hatch_distance",
    "laser_power",
    "laser_velocity"
  ],
  "model_configuration": {
    "hyperparameters": {
      "n_estimators": 120,
      "max_depth": 8,
      "learning_rate": 0.12063708032289532,
      "subsample": 0.9229611082285573,
      "colsample_bytree": 0.8653670933226423,
      "colsample_bylevel": 0.8207392351206054,
      "reg_alpha": 0.0017280360087026541,
      "reg_lambda": 5.727610210730943e-06,
      "min_child_weight": 7,
      "gamma": 0.002202824091410361
    },
    "model_info": {
      "is_fitted": true,
      "task_type": "regression",
      "n_features": 4,
      "feature_names": [
        "layer_thickness",
        "hatch_distance",
        "laser_power",
        "laser_velocity"
      ],
      "model_params": {
        "n_estimators": 120,
        "max_depth": 8,
        "learning_rate": 0.12063708032289532,
        "subsample": 0.9229611082285573,
        "colsample_bytree": 0.8653670933226423,
        "colsample_bylevel": 0.8207392351206054,
        "colsample_bynode": 1.0,
        "reg_alpha": 0.0017280360087026541,
        "reg_lambda": 5.727610210730943e-06,
        "gamma": 0.002202824091410361,
        "min_child_weight": 7,
        "tree_method": "hist",
        "device": "cuda",
        "n_jobs": 1,
        "random_state": 42
      },
      "n_estimators": 120,
      "max_depth": 8,
      "learning_rate": 0.12063708032289532,
      "subsample": 0.9229611082285573,
      "colsample_bytree": 0.8653670933226423,
      "gpu_info": {
        "gpu_available": true,
        "gpu_enabled": true,
        "effective_device": "cuda",
        "tree_method": "hist",
        "using_gpu": true,
        "gpu_name": "NVIDIA GeForce RTX 4060 Laptop GPU",
        "gpu_memory_total_mb": 8188,
        "gpu_memory_used_mb": 1984,
        "gpu_memory_available_mb": 6204
      }
    }
  },
  "hyperparameter_optimization": {
    "best_params": {
      "n_estimators": 120,
      "max_depth": 8,
      "learning_rate": 0.12063708032289532,
      "subsample": 0.9229611082285573,
      "colsample_bytree": 0.8653670933226423,
      "colsample_bylevel": 0.8207392351206054,
      "reg_alpha": 0.0017280360087026541,
      "reg_lambda": 5.727610210730943e-06,
      "min_child_weight": 7,
      "gamma": 0.002202824091410361
    },
    "best_score": -0.26402564817860474,
    "best_trial_number": 41,
    "n_trials": 50,
    "n_completed_trials": 50,
    "task_type": "regression",
    "sampler_type": "TPE",
    "optimization_history": [
      {
        "trial_number": 0,
        "value": -0.40832163674547955,
        "params": {
          "n_estimators": 90,
          "max_depth": 10,
          "learning_rate": 0.1205712628744377,
          "subsample": 0.8394633936788146,
          "colsample_bytree": 0.6624074561769746,
          "colsample_bylevel": 0.662397808134481,
          "reg_alpha": 3.3323645788192616e-08,
          "reg_lambda": 0.6245760287469893,
          "min_child_weight": 7,
          "gamma": 0.023585940584142682
        },
        "state": "COMPLETE",
        "datetime": "2025-07-03T13:03:23.788591",
        "duration": 4.000245
      },
      {
        "trial_number": 1,
        "value": -0.4253144856671211,
        "params": {
          "n_estimators": 50,
          "max_depth": 10,
          "learning_rate": 0.16967533607196555,
          "subsample": 0.6849356442713105,
          "colsample_bytree": 0.6727299868828402,
          "colsample_bylevel": 0.6733618039413735,
          "reg_alpha": 5.472429642032198e-06,
          "reg_lambda": 0.00052821153945323,
          "min_child_weight": 5,
          "gamma": 4.17890272377219e-06
        },
        "state": "COMPLETE",
        "datetime": "2025-07-03T13:03:27.790345",
        "duration": 2.938631
      },
      {
        "trial_number": 2,
        "value": -0.5352104624916794,
        "params": {
          "n_estimators": 110,
          "max_depth": 2,
          "learning_rate": 0.027010527749605478,
          "subsample": 0.7465447373174767,
          "colsample_bytree": 0.7824279936868144,
          "colsample_bylevel": 0.9140703845572055,
          "reg_alpha": 6.267062696005991e-07,
          "reg_lambda": 0.00042472707398058225,
          "min_child_weight": 6,
          "gamma": 2.6185068507773707e-08
        },
        "state": "COMPLETE",
        "datetime": "2025-07-03T13:03:30.728976",
        "duration": 8.134471
      },
      {
        "trial_number": 3,
        "value": -0.5954627456503483,
        "params": {
          "n_estimators": 110,
          "max_depth": 2,
          "learning_rate": 0.012476394272569451,
          "subsample": 0.9795542149013333,
          "colsample_bytree": 0.9862528132298237,
          "colsample_bylevel": 0.9233589392465844,
          "reg_alpha": 5.514725787121931e-06,
          "reg_lambda": 7.569183361880229e-08,
          "min_child_weight": 7,
          "gamma": 9.148975058772307e-05
        },
        "state": "COMPLETE",
        "datetime": "2025-07-03T13:03:38.868770",
        "duration": 8.993195
      },
      {
        "trial_number": 4,
        "value": -0.6342398653472493,
        "params": {
          "n_estimators": 60,
          "max_depth": 5,
          "learning_rate": 0.011240768803005551,
          "subsample": 0.9637281608315128,
          "colsample_bytree": 0.7035119926400067,
          "colsample_bylevel": 0.8650089137415928,
          "reg_alpha": 6.388511557344611e-06,
          "reg_lambda": 0.0004793052550782129,
          "min_child_weight": 6,
          "gamma": 4.609885087947832e-07
        },
        "state": "COMPLETE",
        "datetime": "2025-07-03T13:03:47.866379",
        "duration": 9.548242
      },
      {
        "trial_number": 5,
        "value": -0.31029593939769684,
        "params": {
          "n_estimators": 150,
          "max_depth": 8,
          "learning_rate": 0.24420460844911424,
          "subsample": 0.9579309401710595,
          "colsample_bytree": 0.8391599915244341,
          "colsample_bylevel": 0.9687496940092467,
          "reg_alpha": 6.257956190096665e-08,
          "reg_lambda": 5.805581976088804e-07,
          "min_child_weight": 1,
          "gamma": 8.471746987003668e-06
        },
        "state": "COMPLETE",
        "datetime": "2025-07-03T13:03:57.418893",
        "duration": 39.176634
      },
      {
        "trial_number": 6,
        "value": -0.5087519221380598,
        "params": {
          "n_estimators": 90,
          "max_depth": 3,
          "learning_rate": 0.16755052359850303,
          "subsample": 0.7427013306774357,
          "colsample_bytree": 0.7123738038749523,
          "colsample_bylevel": 0.8170784332632994,
          "reg_alpha": 1.8548894229694903e-07,
          "reg_lambda": 0.16587190283399655,
          "min_child_weight": 1,
          "gamma": 7.620481786158549
        },
        "state": "COMPLETE",
        "datetime": "2025-07-03T13:04:36.599664",
        "duration": 6.684075
      },
      {
        "trial_number": 7,
        "value": -0.5985048486064055,
        "params": {
          "n_estimators": 130,
          "max_depth": 2,
          "learning_rate": 0.010189592979395137,
          "subsample": 0.9261845713819337,
          "colsample_bytree": 0.8827429375390468,
          "colsample_bylevel": 0.8916028672163949,
          "reg_alpha": 0.08738424135626986,
          "reg_lambda": 4.638759594322625e-08,
          "min_child_weight": 4,
          "gamma": 1.1036250149900698e-07
        },
        "state": "COMPLETE",
        "datetime": "2025-07-03T13:04:43.287861",
        "duration": 10.259505
      },
      {
        "trial_number": 8,
        "value": -0.43227118368679296,
        "params": {
          "n_estimators": 140,
          "max_depth": 7,
          "learning_rate": 0.030816017044468066,
          "subsample": 0.6254233401144095,
          "colsample_bytree": 0.7243929286862649,
          "colsample_bylevel": 0.7300733288106989,
          "reg_alpha": 0.036851536911881845,
          "reg_lambda": 0.005470376807480391,
          "min_child_weight": 9,
          "gamma": 0.0001778010520878397
        },
        "state": "COMPLETE",
        "datetime": "2025-07-03T13:04:53.551581",
        "duration": 28.582728
      },
      {
        "trial_number": 9,
        "value": -0.3014325266125701,
        "params": {
          "n_estimators": 60,
          "max_depth": 8,
          "learning_rate": 0.13297554090738672,
          "subsample": 0.8245108790277985,
          "colsample_bytree": 0.9083868719818244,
          "colsample_bylevel": 0.7975182385457563,
          "reg_alpha": 0.0005065186776865479,
          "reg_lambda": 7.04480806377519e-05,
          "min_child_weight": 1,
          "gamma": 9.354548757337708e-08
        },
        "state": "COMPLETE",
        "datetime": "2025-07-03T13:05:22.138384",
        "duration": 17.040238
      },
      {
        "trial_number": 10,
        "value": -0.32834884603807724,
        "params": {
          "n_estimators": 70,
          "max_depth": 5,
          "learning_rate": 0.07955798569352589,
          "subsample": 0.8559192772506939,
          "colsample_bytree": 0.9568478358759311,
          "colsample_bylevel": 0.7570274592606949,
          "reg_alpha": 0.0009327366933736902,
          "reg_lambda": 3.9951522674461425e-06,
          "min_child_weight": 3,
          "gamma": 0.01036771407033351
        },
        "state": "COMPLETE",
        "datetime": "2025-07-03T13:05:39.180626",
        "duration": 11.564348
      },
      {
        "trial_number": 11,
        "value": -0.31959987780579496,
        "params": {
          "n_estimators": 150,
          "max_depth": 8,
          "learning_rate": 0.25502056696239767,
          "subsample": 0.904093180089808,
          "colsample_bytree": 0.8560191441870574,
          "colsample_bylevel": 0.9760778024672048,
          "reg_alpha": 0.000599958321451196,
          "reg_lambda": 1.7912366914369137e-06,
          "min_child_weight": 1,
          "gamma": 4.805653261658784e-06
        },
        "state": "COMPLETE",
        "datetime": "2025-07-03T13:05:50.750484",
        "duration": 40.350077
      },
      {
        "trial_number": 12,
        "value": -0.27318925880752953,
        "params": {
          "n_estimators": 80,
          "max_depth": 8,
          "learning_rate": 0.29283225933783363,
          "subsample": 0.7984165248678857,
          "colsample_bytree": 0.9028503248702485,
          "colsample_bylevel": 0.8062141176772979,
          "reg_alpha": 2.125206348660186,
          "reg_lambda": 3.841105485827389e-06,
          "min_child_weight": 2,
          "gamma": 1.1415897581582742e-08
        },
        "state": "COMPLETE",
        "datetime": "2025-07-03T13:06:31.104606",
        "duration": 19.467793
      },
      {
        "trial_number": 13,
        "value": -0.33925236268573566,
        "params": {
          "n_estimators": 70,
          "max_depth": 7,
          "learning_rate": 0.08163321221267114,
          "subsample": 0.7867305142865646,
          "colsample_bytree": 0.9191979476316068,
          "colsample_bylevel": 0.8001086602508453,
          "reg_alpha": 6.177198275729326,
          "reg_lambda": 2.0189036707279082e-05,
          "min_child_weight": 3,
          "gamma": 1.0352630368012753e-08
        },
        "state": "COMPLETE",
        "datetime": "2025-07-03T13:06:50.576744",
        "duration": 7.702664
      },
      {
        "trial_number": 14,
        "value": -0.3155541666925476,
        "params": {
          "n_estimators": 80,
          "max_depth": 9,
          "learning_rate": 0.2827580032070467,
          "subsample": 0.8266383754497381,
          "colsample_bytree": 0.7889287846668807,
          "colsample_bylevel": 0.7425884906674535,
          "reg_alpha": 8.609951394318259,
          "reg_lambda": 3.174672559290824e-05,
          "min_child_weight": 3,
          "gamma": 5.024387530678737e-07
        },
        "state": "COMPLETE",
        "datetime": "2025-07-03T13:06:58.283651",
        "duration": 13.168375
      },
      {
        "trial_number": 15,
        "value": -0.40545625741288893,
        "params": {
          "n_estimators": 60,
          "max_depth": 6,
          "learning_rate": 0.1331003690300412,
          "subsample": 0.7545570407398019,
          "colsample_bytree": 0.6018960478612356,
          "colsample_bylevel": 0.6083654265933616,
          "reg_alpha": 0.05366501989139503,
          "reg_lambda": 0.01146690242205455,
          "min_child_weight": 2,
          "gamma": 1.2695361137933224e-08
        },
        "state": "COMPLETE",
        "datetime": "2025-07-03T13:07:11.452026",
        "duration": 8.644162
      },
      {
        "trial_number": 16,
        "value": -0.3265900144399991,
        "params": {
          "n_estimators": 50,
          "max_depth": 8,
          "learning_rate": 0.07020614274333374,
          "subsample": 0.8679083694332411,
          "colsample_bytree": 0.9266199801530757,
          "colsample_bylevel": 0.8462239536240762,
          "reg_alpha": 0.4609528194477763,
          "reg_lambda": 3.084780175572217e-05,
          "min_child_weight": 10,
          "gamma": 0.00443382389454353
        },
        "state": "COMPLETE",
        "datetime": "2025-07-03T13:07:20.096188",
        "duration": 10.53506
      },
      {
        "trial_number": 17,
        "value": -0.38816788894149484,
        "params": {
          "n_estimators": 100,
          "max_depth": 4,
          "learning_rate": 0.04263494650162085,
          "subsample": 0.6909346424327554,
          "colsample_bytree": 0.8835984208835822,
          "colsample_bylevel": 0.7730982444721965,
          "reg_alpha": 0.002737959031998056,
          "reg_lambda": 3.4209876534185466e-07,
          "min_child_weight": 2,
          "gamma": 2.877840156819803e-07
        },
        "state": "COMPLETE",
        "datetime": "2025-07-03T13:07:30.631248",
        "duration": 10.270839
      },
      {
        "trial_number": 18,
        "value": -0.3379884815756435,
        "params": {
          "n_estimators": 80,
          "max_depth": 9,
          "learning_rate": 0.1845148967324183,
          "subsample": 0.7870843198048441,
          "colsample_bytree": 0.9965108784574399,
          "colsample_bylevel": 0.6984319676440948,
          "reg_alpha": 6.420732065687589e-05,
          "reg_lambda": 0.004939392464663177,
          "min_child_weight": 4,
          "gamma": 0.6516929730856246
        },
        "state": "COMPLETE",
        "datetime": "2025-07-03T13:07:40.902087",
        "duration": 6.989723
      },
      {
        "trial_number": 19,
        "value": -0.29866320961287496,
        "params": {
          "n_estimators": 70,
          "max_depth": 6,
          "learning_rate": 0.10547977564778718,
          "subsample": 0.8910149050713664,
          "colsample_bytree": 0.8154394378371652,
          "colsample_bylevel": 0.8401948018881014,
          "reg_alpha": 0.0060656372215304065,
          "reg_lambda": 6.7891871542277356,
          "min_child_weight": 2,
          "gamma": 2.7152322073635252e-05
        },
        "state": "COMPLETE",
        "datetime": "2025-07-03T13:07:47.893815",
        "duration": 11.098234
      },
      {
        "trial_number": 20,
        "value": -0.30234751564965745,
        "params": {
          "n_estimators": 120,
          "max_depth": 6,
          "learning_rate": 0.04886433792651695,
          "subsample": 0.8848803107436978,
          "colsample_bytree": 0.8199093674571643,
          "colsample_bylevel": 0.8467286452846505,
          "reg_alpha": 0.6877157925744026,
          "reg_lambda": 0.07514938324106057,
          "min_child_weight": 4,
          "gamma": 0.0014328796526447795
        },
        "state": "COMPLETE",
        "datetime": "2025-07-03T13:07:58.996057",
        "duration": 17.78483
      },
      {
        "trial_number": 21,
        "value": -0.27658914661054324,
        "params": {
          "n_estimators": 70,
          "max_depth": 7,
          "learning_rate": 0.10431718595874888,
          "subsample": 0.8073770665030328,
          "colsample_bytree": 0.909650942563395,
          "colsample_bylevel": 0.7883584263917432,
          "reg_alpha": 0.005050982687929694,
          "reg_lambda": 7.2767878838396e-05,
          "min_child_weight": 2,
          "gamma": 1.9982458273344826e-05
        },
        "state": "COMPLETE",
        "datetime": "2025-07-03T13:08:16.784960",
        "duration": 13.194074
      },
      {
        "trial_number": 22,
        "value": -0.2837381935133308,
        "params": {
          "n_estimators": 80,
          "max_depth": 7,
          "learning_rate": 0.09689026265066247,
          "subsample": 0.9072071559144794,
          "colsample_bytree": 0.784470702307805,
          "colsample_bylevel": 0.824627602486141,
          "reg_alpha": 0.005496255501643197,
          "reg_lambda": 9.879192474391198,
          "min_child_weight": 2,
          "gamma": 3.548525072653729e-05
        },
        "state": "COMPLETE",
        "datetime": "2025-07-03T13:08:29.979034",
        "duration": 13.835815
      },
      {
        "trial_number": 23,
        "value": -0.29454415302552767,
        "params": {
          "n_estimators": 90,
          "max_depth": 7,
          "learning_rate": 0.059278623460241556,
          "subsample": 0.9243986919536844,
          "colsample_bytree": 0.7542822516519709,
          "colsample_bylevel": 0.7152846971758696,
          "reg_alpha": 6.138292386956088e-05,
          "reg_lambda": 4.552449703384803,
          "min_child_weight": 2,
          "gamma": 0.0003741611014640222
        },
        "state": "COMPLETE",
        "datetime": "2025-07-03T13:08:43.818854",
        "duration": 15.506876
      },
      {
        "trial_number": 24,
        "value": -0.33640374558623537,
        "params": {
          "n_estimators": 80,
          "max_depth": 7,
          "learning_rate": 0.03753842814905028,
          "subsample": 0.7080137817054258,
          "colsample_bytree": 0.9532064122305618,
          "colsample_bylevel": 0.7756406904228301,
          "reg_alpha": 0.008305370642207642,
          "reg_lambda": 1.1856056747940277e-05,
          "min_child_weight": 3,
          "gamma": 0.07296126321558641
        },
        "state": "COMPLETE",
        "datetime": "2025-07-03T13:08:59.325730",
        "duration": 14.106268
      },
      {
        "trial_number": 25,
        "value": -0.38904020276153434,
        "params": {
          "n_estimators": 100,
          "max_depth": 9,
          "learning_rate": 0.01969400900899623,
          "subsample": 0.8065203998226256,
          "colsample_bytree": 0.8618346414731409,
          "colsample_bylevel": 0.8828582801863146,
          "reg_alpha": 0.3128660200488964,
          "reg_lambda": 1.1236585126979821e-08,
          "min_child_weight": 5,
          "gamma": 1.5707250209768394e-06
        },
        "state": "COMPLETE",
        "datetime": "2025-07-03T13:09:13.436105",
        "duration": 22.539791
      },
      {
        "trial_number": 26,
        "value": -0.31977679960980415,
        "params": {
          "n_estimators": 80,
          "max_depth": 4,
          "learning_rate": 0.20341991124644596,
          "subsample": 0.6426057636939899,
          "colsample_bytree": 0.7657724769815869,
          "colsample_bylevel": 0.81144645662038,
          "reg_alpha": 1.5359624250550208,
          "reg_lambda": 0.00021518668685010907,
          "min_child_weight": 2,
          "gamma": 4.0015668451015035e-05
        },
        "state": "COMPLETE",
        "datetime": "2025-07-03T13:09:35.975896",
        "duration": 7.705453
      },
      {
        "trial_number": 27,
        "value": -0.2838350337188337,
        "params": {
          "n_estimators": 70,
          "max_depth": 7,
          "learning_rate": 0.08250220209943013,
          "subsample": 0.7914634772465107,
          "colsample_bytree": 0.8828247025481977,
          "colsample_bylevel": 0.7789842153862707,
          "reg_alpha": 0.00010629065651767505,
          "reg_lambda": 0.0020302052968197712,
          "min_child_weight": 4,
          "gamma": 0.0006143202836959078
        },
        "state": "COMPLETE",
        "datetime": "2025-07-03T13:09:43.685479",
        "duration": 13.210301
      },
      {
        "trial_number": 28,
        "value": -0.30546473606672364,
        "params": {
          "n_estimators": 90,
          "max_depth": 5,
          "learning_rate": 0.10388607494380847,
          "subsample": 0.9977419643648568,
          "colsample_bytree": 0.9415025604559948,
          "colsample_bylevel": 0.8290573171873398,
          "reg_alpha": 0.022219520408428943,
          "reg_lambda": 4.9193821708036574e-06,
          "min_child_weight": 3,
          "gamma": 2.6955871603608083e-05
        },
        "state": "COMPLETE",
        "datetime": "2025-07-03T13:09:56.900010",
        "duration": 19.450054
      },
      {
        "trial_number": 29,
        "value": -0.2867173218822988,
        "params": {
          "n_estimators": 100,
          "max_depth": 10,
          "learning_rate": 0.10804580595010911,
          "subsample": 0.8472579739221447,
          "colsample_bytree": 0.8390259308557868,
          "colsample_bylevel": 0.6306736610228207,
          "reg_alpha": 0.002534567531751268,
          "reg_lambda": 0.03602734314390342,
          "min_child_weight": 8,
          "gamma": 1.559980221295366e-06
        },
        "state": "COMPLETE",
        "datetime": "2025-07-03T13:10:16.354177",
        "duration": 6.587108
      },
      {
        "trial_number": 30,
        "value": -0.3218866101867202,
        "params": {
          "n_estimators": 60,
          "max_depth": 9,
          "learning_rate": 0.06109858189233412,
          "subsample": 0.7667989049280587,
          "colsample_bytree": 0.9700524226296127,
          "colsample_bylevel": 0.6834215358507345,
          "reg_alpha": 0.13277988644065064,
          "reg_lambda": 0.23458357103712515,
          "min_child_weight": 1,
          "gamma": 0.08046705533670483
        },
        "state": "COMPLETE",
        "datetime": "2025-07-03T13:10:22.941285",
        "duration": 2.997924
      },
      {
        "trial_number": 31,
        "value": -0.2851881269506426,
        "params": {
          "n_estimators": 70,
          "max_depth": 7,
          "learning_rate": 0.08432568890439449,
          "subsample": 0.8229374997338615,
          "colsample_bytree": 0.8989066397793074,
          "colsample_bylevel": 0.7775522868720129,
          "reg_alpha": 0.00011754721898229878,
          "reg_lambda": 1.180688036489309,
          "min_child_weight": 4,
          "gamma": 0.0006638982851707981
        },
        "state": "COMPLETE",
        "datetime": "2025-07-03T13:10:25.939209",
        "duration": 10.011783
      },
      {
        "trial_number": 32,
        "value": -0.2796727213611837,
        "params": {
          "n_estimators": 80,
          "max_depth": 6,
          "learning_rate": 0.1429911825016338,
          "subsample": 0.7147431256905022,
          "colsample_bytree": 0.8751501050325257,
          "colsample_bylevel": 0.7560709600034037,
          "reg_alpha": 3.3453411437873415e-05,
          "reg_lambda": 0.0029432017912878624,
          "min_child_weight": 5,
          "gamma": 0.002527012259109549
        },
        "state": "COMPLETE",
        "datetime": "2025-07-03T13:10:35.950992",
        "duration": 11.626715
      },
      {
        "trial_number": 33,
        "value": -0.283963211320181,
        "params": {
          "n_estimators": 80,
          "max_depth": 6,
          "learning_rate": 0.1419501883871894,
          "subsample": 0.7109827546320847,
          "colsample_bytree": 0.8036198634671214,
          "colsample_bylevel": 0.7493993867798768,
          "reg_alpha": 3.3959464504774184e-06,
          "reg_lambda": 0.0001405830861491587,
          "min_child_weight": 7,
          "gamma": 0.0035478837333012825
        },
        "state": "COMPLETE",
        "datetime": "2025-07-03T13:10:47.577707",
        "duration": 11.802285
      },
      {
        "trial_number": 34,
        "value": -0.3183273616265259,
        "params": {
          "n_estimators": 50,
          "max_depth": 8,
          "learning_rate": 0.2214191931770848,
          "subsample": 0.722788215603629,
          "colsample_bytree": 0.8593819164904486,
          "colsample_bylevel": 0.652895707942404,
          "reg_alpha": 1.6864699202046623e-05,
          "reg_lambda": 0.0010711501225612228,
          "min_child_weight": 5,
          "gamma": 0.06106376166345074
        },
        "state": "COMPLETE",
        "datetime": "2025-07-03T13:10:59.379992",
        "duration": 8.671628
      },
      {
        "trial_number": 35,
        "value": -0.5461713057792945,
        "params": {
          "n_estimators": 90,
          "max_depth": 1,
          "learning_rate": 0.16204567035959488,
          "subsample": 0.6586689892222423,
          "colsample_bytree": 0.7551524508134969,
          "colsample_bylevel": 0.7195331111227534,
          "reg_alpha": 1.280952755593615e-06,
          "reg_lambda": 1.2768008214031767,
          "min_child_weight": 6,
          "gamma": 1.8862209373903126e-05
        },
        "state": "COMPLETE",
        "datetime": "2025-07-03T13:11:08.055635",
        "duration": 3.612937
      },
      {
        "trial_number": 36,
        "value": -0.33444925295600625,
        "params": {
          "n_estimators": 110,
          "max_depth": 4,
          "learning_rate": 0.09799409065674669,
          "subsample": 0.6750780940601064,
          "colsample_bytree": 0.8352975516470833,
          "colsample_bylevel": 0.9067293547479934,
          "reg_alpha": 2.0097801129817488e-05,
          "reg_lambda": 3.406209882870145e-07,
          "min_child_weight": 8,
          "gamma": 0.0198353068617565
        },
        "state": "COMPLETE",
        "datetime": "2025-07-03T13:11:11.668572",
        "duration": 11.144458
      },
      {
        "trial_number": 37,
        "value": -0.2890578038735084,
        "params": {
          "n_estimators": 80,
          "max_depth": 6,
          "learning_rate": 0.2974053007288466,
          "subsample": 0.730374310785445,
          "colsample_bytree": 0.9382996805566486,
          "colsample_bylevel": 0.9399656239604387,
          "reg_alpha": 1.0305050066959539e-08,
          "reg_lambda": 1.3849631575440196e-06,
          "min_child_weight": 2,
          "gamma": 9.073378375568791e-05
        },
        "state": "COMPLETE",
        "datetime": "2025-07-03T13:11:22.817049",
        "duration": 12.154206
      },
      {
        "trial_number": 38,
        "value": -0.3245964299683614,
        "params": {
          "n_estimators": 90,
          "max_depth": 5,
          "learning_rate": 0.14553791227870969,
          "subsample": 0.7710577326469937,
          "colsample_bytree": 0.9050378963544949,
          "colsample_bylevel": 0.8687290296014547,
          "reg_alpha": 0.009026745585985218,
          "reg_lambda": 0.0007087621199460854,
          "min_child_weight": 5,
          "gamma": 0.29814305178538797
        },
        "state": "COMPLETE",
        "datetime": "2025-07-03T13:11:34.974204",
        "duration": 7.406112
      },
      {
        "trial_number": 39,
        "value": -0.40402129358297845,
        "params": {
          "n_estimators": 60,
          "max_depth": 10,
          "learning_rate": 0.19480641981383448,
          "subsample": 0.6090746608505337,
          "colsample_bytree": 0.6825588218536053,
          "colsample_bylevel": 0.7949902031754983,
          "reg_alpha": 2.0785148101863182,
          "reg_lambda": 9.253896370984001e-05,
          "min_child_weight": 1,
          "gamma": 6.875999554804995e-08
        },
        "state": "COMPLETE",
        "datetime": "2025-07-03T13:11:42.382318",
        "duration": 10.564498
      },
      {
        "trial_number": 40,
        "value": -0.27203824860765463,
        "params": {
          "n_estimators": 110,
          "max_depth": 8,
          "learning_rate": 0.12248385741850448,
          "subsample": 0.9418098012315016,
          "colsample_bytree": 0.8695348946232778,
          "colsample_bylevel": 0.8265913607276076,
          "reg_alpha": 0.0016662237060087201,
          "reg_lambda": 8.344307506322951e-06,
          "min_child_weight": 6,
          "gamma": 0.00018953952408521583
        },
        "state": "COMPLETE",
        "datetime": "2025-07-03T13:11:52.946816",
        "duration": 21.552763
      },
      {
        "trial_number": 41,
        "value": -0.26402564817860474,
        "params": {
          "n_estimators": 120,
          "max_depth": 8,
          "learning_rate": 0.12063708032289532,
          "subsample": 0.9229611082285573,
          "colsample_bytree": 0.8653670933226423,
          "colsample_bylevel": 0.8207392351206054,
          "reg_alpha": 0.0017280360087026541,
          "reg_lambda": 5.727610210730943e-06,
          "min_child_weight": 7,
          "gamma": 0.002202824091410361
        },
        "state": "COMPLETE",
        "datetime": "2025-07-03T13:12:14.499579",
        "duration": 25.297508
      },
      {
        "trial_number": 42,
        "value": -0.26663783657676116,
        "params": {
          "n_estimators": 120,
          "max_depth": 8,
          "learning_rate": 0.12092768218025787,
          "subsample": 0.9606922720295075,
          "colsample_bytree": 0.8750482611623617,
          "colsample_bylevel": 0.8565810078832098,
          "reg_alpha": 0.0002718699829678162,
          "reg_lambda": 4.364762735619915e-06,
          "min_child_weight": 7,
          "gamma": 0.0019051527837982214
        },
        "state": "COMPLETE",
        "datetime": "2025-07-03T13:12:39.797087",
        "duration": 23.817267
      },
      {
        "trial_number": 43,
        "value": -0.268833788933879,
        "params": {
          "n_estimators": 120,
          "max_depth": 8,
          "learning_rate": 0.12030906880041646,
          "subsample": 0.9554452515916712,
          "colsample_bytree": 0.9082210874013193,
          "colsample_bylevel": 0.8644572186673566,
          "reg_alpha": 0.000312400678497326,
          "reg_lambda": 5.3226866103170345e-06,
          "min_child_weight": 7,
          "gamma": 0.0002561288598109377
        },
        "state": "COMPLETE",
        "datetime": "2025-07-03T13:13:03.614354",
        "duration": 26.502565
      },
      {
        "trial_number": 44,
        "value": -0.2711281557118294,
        "params": {
          "n_estimators": 130,
          "max_depth": 8,
          "learning_rate": 0.167170971940624,
          "subsample": 0.9568525007081592,
          "colsample_bytree": 0.8931951785674701,
          "colsample_bylevel": 0.8635234089568576,
          "reg_alpha": 0.0002686559779798498,
          "reg_lambda": 1.0307377068114657e-07,
          "min_child_weight": 8,
          "gamma": 0.00013749647779970776
        },
        "state": "COMPLETE",
        "datetime": "2025-07-03T13:13:30.121053",
        "duration": 12.873497
      },
      {
        "trial_number": 45,
        "value": -0.26622448722037373,
        "params": {
          "n_estimators": 130,
          "max_depth": 9,
          "learning_rate": 0.12082466761319412,
          "subsample": 0.9547003741853684,
          "colsample_bytree": 0.8661941127857827,
          "colsample_bylevel": 0.8645518615157449,
          "reg_alpha": 0.00023932329576464338,
          "reg_lambda": 7.43902214751984e-08,
          "min_child_weight": 7,
          "gamma": 0.00014558903004299043
        },
        "state": "COMPLETE",
        "datetime": "2025-07-03T13:13:42.999590",
        "duration": 9.38219
      },
      {
        "trial_number": 46,
        "value": -0.2688527022004191,
        "params": {
          "n_estimators": 130,
          "max_depth": 9,
          "learning_rate": 0.16529069575112912,
          "subsample": 0.9530786058917288,
          "colsample_bytree": 0.8445126575279349,
          "colsample_bylevel": 0.9413843248141488,
          "reg_alpha": 0.000252323320712236,
          "reg_lambda": 9.248639186732942e-08,
          "min_child_weight": 7,
          "gamma": 9.585817549071231e-05
        },
        "state": "COMPLETE",
        "datetime": "2025-07-03T13:13:52.381780",
        "duration": 14.812674
      },
      {
        "trial_number": 47,
        "value": -0.27585902235798454,
        "params": {
          "n_estimators": 130,
          "max_depth": 9,
          "learning_rate": 0.23351498587381564,
          "subsample": 0.9802729386093817,
          "colsample_bytree": 0.8543918727320651,
          "colsample_bylevel": 0.9499706844386188,
          "reg_alpha": 0.0002459279940935282,
          "reg_lambda": 3.139195175505941e-08,
          "min_child_weight": 7,
          "gamma": 0.0009884768856544329
        },
        "state": "COMPLETE",
        "datetime": "2025-07-03T13:14:07.194454",
        "duration": 11.402013
      },
      {
        "trial_number": 48,
        "value": -0.272603185194208,
        "params": {
          "n_estimators": 140,
          "max_depth": 10,
          "learning_rate": 0.12332976565300682,
          "subsample": 0.9379688091355297,
          "colsample_bytree": 0.8262631059220635,
          "colsample_bylevel": 0.9047959292773671,
          "reg_alpha": 0.0009947913090130442,
          "reg_lambda": 1.541442895613807e-07,
          "min_child_weight": 7,
          "gamma": 0.010241191778163227
        },
        "state": "COMPLETE",
        "datetime": "2025-07-03T13:14:18.600586",
        "duration": 26.020616
      },
      {
        "trial_number": 49,
        "value": -0.27065210547498136,
        "params": {
          "n_estimators": 120,
          "max_depth": 9,
          "learning_rate": 0.0723292586236355,
          "subsample": 0.9734525941925364,
          "colsample_bytree": 0.8418255003565187,
          "colsample_bylevel": 0.9339319751394617,
          "reg_alpha": 0.00048256120520619395,
          "reg_lambda": 9.269826386777862e-07,
          "min_child_weight": 9,
          "gamma": 0.0003140422182563749
        },
        "state": "COMPLETE",
        "datetime": "2025-07-03T13:14:44.625337",
        "duration": 26.788024
      }
    ],
    "best_cv_scores": [
      -0.2747632009434122,
      -0.2648955551291554,
      -0.2547684407857214,
      -0.2668718742702737,
      -0.2588291697644611
    ],
    "best_cv_std": 0.006882616610970759
  },
  "cross_validation_results": {
    "test_scores": {
      "MAE": {
        "scores": [
          0.2747632009434122,
          0.2648955551291554,
          0.2547684407857214,
          0.2668718742702737,
          0.2588291697644611
        ],
        "mean": 0.26402564817860474,
        "std": 0.006882616610970759,
        "min": 0.2547684407857214,
        "max": 0.2747632009434122
      },
      "MSE": {
        "scores": [
          0.15442241545792584,
          0.14047431894764964,
          0.13073111083691666,
          0.1502224814740824,
          0.1463911834508329
        ],
        "mean": 0.14444830203348152,
        "std": 0.008252911618421975,
        "min": 0.13073111083691666,
        "max": 0.15442241545792584
      },
      "R2": {
        "scores": [
          0.8604268893897449,
          0.8503051774714478,
          0.8660056840737967,
          0.8546345754537126,
          0.844991810957406
        ],
        "mean": 0.8552728274692216,
        "std": 0.007382990963381537,
        "min": 0.844991810957406,
        "max": 0.8660056840737967
      }
    },
    "train_scores": {
      "MAE": {
        "scores": [
          0.12694070963174817,
          0.12732324034408551,
          0.131891992677906,
          0.1314941892517133,
          0.13377219890993242
        ],
        "mean": 0.13028446616307707,
        "std": 0.0026892905106147107,
        "min": 0.12694070963174817,
        "max": 0.13377219890993242
      },
      "MSE": {
        "scores": [
          0.02999306205159774,
          0.03134149887260808,
          0.033614014681795555,
          0.033457499576769016,
          0.034128758701752776
        ],
        "mean": 0.032506966776904636,
        "std": 0.0015771689268248834,
        "min": 0.02999306205159774,
        "max": 0.034128758701752776
      },
      "R2": {
        "scores": [
          0.969181426427964,
          0.9691331464491096,
          0.9665851066952937,
          0.9662555008456398,
          0.9663373513643019
        ],
        "mean": 0.967498506356462,
        "std": 0.0013588164523827622,
        "min": 0.9662555008456398,
        "max": 0.969181426427964
      }
    },
    "fit_times": "[4.87671757 4.8037591  4.81318259 4.69560456 4.69120002]",
    "score_times": "[0.02023435 0.02127123 0.02249241 0.0171206  0.02515936]",
    "timing": {
      "fit_time_mean": 4.776092767715454,
      "fit_time_std": 0.07204382187613194,
      "score_time_mean": 0.02125558853149414,
      "score_time_std": 0.00264236486277512
    },
    "task_type": "regression",
    "cv_folds": 5,
    "data_shape": [
      2703,
      4
    ],
    "y_true": "[ 1.07188428  0.22800956 -1.89249615 ...  0.92041958 -0.09655764\n -0.01000639]",
    "y_pred_cv": "[ 1.0900879   0.31144485 -1.4061728  ...  0.7756927  -0.4812753\n -0.1943064 ]",
    "y_pred_proba_cv": null,
    "saved_files": {
      "original_data": "trained_models\\ab9c58d3-1a5a-413b-ab98-f2253d6dac13\\cross_validation_data\\ab9c58d3-1a5a-413b-ab98-f2253d6dac13_original_data.csv",
      "preprocessed_data": "trained_models\\ab9c58d3-1a5a-413b-ab98-f2253d6dac13\\cross_validation_data\\ab9c58d3-1a5a-413b-ab98-f2253d6dac13_preprocessed_data.csv",
      "cv_predictions_processed": "trained_models\\ab9c58d3-1a5a-413b-ab98-f2253d6dac13\\cross_validation_data\\ab9c58d3-1a5a-413b-ab98-f2253d6dac13_cv_predictions_processed.csv",
      "cv_predictions_original": "trained_models\\ab9c58d3-1a5a-413b-ab98-f2253d6dac13\\cross_validation_data\\ab9c58d3-1a5a-413b-ab98-f2253d6dac13_cv_predictions_original.csv",
      "scatter_plot": "trained_models\\ab9c58d3-1a5a-413b-ab98-f2253d6dac13\\cross_validation_data\\ab9c58d3-1a5a-413b-ab98-f2253d6dac13_cv_scatter_plot.png"
    },
    "cv_predictions": "{'y_true_processed': array([ 1.07188428,  0.22800956, -1.89249615, ...,  0.92041958,\n       -0.09655764, -0.01000639], shape=(2703,)), 'y_pred_processed': array([ 1.0900879 ,  0.31144485, -1.4061728 , ...,  0.7756927 ,\n       -0.4812753 , -0.1943064 ], shape=(2703,), dtype=float32), 'y_true_original': array([97.5, 93.6, 83.8, ..., 96.8, 92.1, 92.5], shape=(2703,)), 'y_pred_original': array([97.58413 , 93.985596, 86.04756 , ..., 96.13114 , 90.322014,\n       91.64825 ], shape=(2703,), dtype=float32)}"
  },
  "feature_importance": {
    "layer_thickness": {
      "weight": 2803.0,
      "gain": 0.9114402532577515,
      "cover": 198.05921936035156,
      "sklearn_gain": 0.2338990569114685,
      "permutation_mean": 0.6542549876826367,
      "permutation_std": 0.013655851496870456
    },
    "hatch_distance": {
      "weight": 2575.0,
      "gain": 0.7310730218887329,
      "cover": 205.82485961914062,
      "sklearn_gain": 0.18761217594146729,
      "permutation_mean": 0.5857928276156266,
      "permutation_std": 0.015067351212964028
    },
    "laser_power": {
      "weight": 3030.0,
      "gain": 1.1351418495178223,
      "cover": 209.6250762939453,
      "sklearn_gain": 0.29130664467811584,
      "permutation_mean": 0.7801968269752464,
      "permutation_std": 0.02387725620606942
    },
    "laser_velocity": {
      "weight": 2679.0,
      "gain": 1.1190695762634277,
      "cover": 192.98095703125,
      "sklearn_gain": 0.287182092666626,
      "permutation_mean": 0.7451698027008768,
      "permutation_std": 0.004931027156966157
    }
  },
  "recommendations": [
    "✅ Good regression performance (R² > 0.85). Consider fine-tuning hyperparameters for potential improvement.",
    "⚖️ One feature dominates importance. Verify data quality and consider feature engineering.",
    "⏱️ Long training time detected. Consider feature selection or model simplification for faster iterations."
  ],
  "raw_training_results": {
    "model_name": "ab9c58d3-1a5a-413b-ab98-f2253d6dac13",
    "model_id": "ab9c58d3-1a5a-413b-ab98-f2253d6dac13",
    "task_type": "regression",
    "target_column": "relative_density",
    "target_name": [
      "relative_density"
    ],
    "target_dimension": 1,
    "training_time_seconds": 775.394745,
    "data_shape": {
      "n_samples": 2703,
      "n_features": 4
    },
    "feature_names": [
      "layer_thickness",
      "hatch_distance",
      "laser_power",
      "laser_velocity"
    ],
    "hyperparameters": {
      "n_estimators": 120,
      "max_depth": 8,
      "learning_rate": 0.12063708032289532,
      "subsample": 0.9229611082285573,
      "colsample_bytree": 0.8653670933226423,
      "colsample_bylevel": 0.8207392351206054,
      "reg_alpha": 0.0017280360087026541,
      "reg_lambda": 5.727610210730943e-06,
      "min_child_weight": 7,
      "gamma": 0.002202824091410361
    },
    "performance_metrics": {
      "MAE": {
        "scores": [
          0.2747632009434122,
          0.2648955551291554,
          0.2547684407857214,
          0.2668718742702737,
          0.2588291697644611
        ],
        "mean": 0.26402564817860474,
        "std": 0.006882616610970759,
        "min": 0.2547684407857214,
        "max": 0.2747632009434122
      },
      "MSE": {
        "scores": [
          0.15442241545792584,
          0.14047431894764964,
          0.13073111083691666,
          0.1502224814740824,
          0.1463911834508329
        ],
        "mean": 0.14444830203348152,
        "std": 0.008252911618421975,
        "min": 0.13073111083691666,
        "max": 0.15442241545792584
      },
      "R2": {
        "scores": [
          0.8604268893897449,
          0.8503051774714478,
          0.8660056840737967,
          0.8546345754537126,
          0.844991810957406
        ],
        "mean": 0.8552728274692216,
        "std": 0.007382990963381537,
        "min": 0.844991810957406,
        "max": 0.8660056840737967
      }
    },
    "cross_validation_results": {
      "test_scores": {
        "MAE": {
          "scores": [
            0.2747632009434122,
            0.2648955551291554,
            0.2547684407857214,
            0.2668718742702737,
            0.2588291697644611
          ],
          "mean": 0.26402564817860474,
          "std": 0.006882616610970759,
          "min": 0.2547684407857214,
          "max": 0.2747632009434122
        },
        "MSE": {
          "scores": [
            0.15442241545792584,
            0.14047431894764964,
            0.13073111083691666,
            0.1502224814740824,
            0.1463911834508329
          ],
          "mean": 0.14444830203348152,
          "std": 0.008252911618421975,
          "min": 0.13073111083691666,
          "max": 0.15442241545792584
        },
        "R2": {
          "scores": [
            0.8604268893897449,
            0.8503051774714478,
            0.8660056840737967,
            0.8546345754537126,
            0.844991810957406
          ],
          "mean": 0.8552728274692216,
          "std": 0.007382990963381537,
          "min": 0.844991810957406,
          "max": 0.8660056840737967
        }
      },
      "train_scores": {
        "MAE": {
          "scores": [
            0.12694070963174817,
            0.12732324034408551,
            0.131891992677906,
            0.1314941892517133,
            0.13377219890993242
          ],
          "mean": 0.13028446616307707,
          "std": 0.0026892905106147107,
          "min": 0.12694070963174817,
          "max": 0.13377219890993242
        },
        "MSE": {
          "scores": [
            0.02999306205159774,
            0.03134149887260808,
            0.033614014681795555,
            0.033457499576769016,
            0.034128758701752776
          ],
          "mean": 0.032506966776904636,
          "std": 0.0015771689268248834,
          "min": 0.02999306205159774,
          "max": 0.034128758701752776
        },
        "R2": {
          "scores": [
            0.969181426427964,
            0.9691331464491096,
            0.9665851066952937,
            0.9662555008456398,
            0.9663373513643019
          ],
          "mean": 0.967498506356462,
          "std": 0.0013588164523827622,
          "min": 0.9662555008456398,
          "max": 0.969181426427964
        }
      },
      "fit_times": "[4.87671757 4.8037591  4.81318259 4.69560456 4.69120002]",
      "score_times": "[0.02023435 0.02127123 0.02249241 0.0171206  0.02515936]",
      "timing": {
        "fit_time_mean": 4.776092767715454,
        "fit_time_std": 0.07204382187613194,
        "score_time_mean": 0.02125558853149414,
        "score_time_std": 0.00264236486277512
      },
      "task_type": "regression",
      "cv_folds": 5,
      "data_shape": [
        2703,
        4
      ],
      "y_true": "[ 1.07188428  0.22800956 -1.89249615 ...  0.92041958 -0.09655764\n -0.01000639]",
      "y_pred_cv": "[ 1.0900879   0.31144485 -1.4061728  ...  0.7756927  -0.4812753\n -0.1943064 ]",
      "y_pred_proba_cv": null,
      "saved_files": {
        "original_data": "trained_models\\ab9c58d3-1a5a-413b-ab98-f2253d6dac13\\cross_validation_data\\ab9c58d3-1a5a-413b-ab98-f2253d6dac13_original_data.csv",
        "preprocessed_data": "trained_models\\ab9c58d3-1a5a-413b-ab98-f2253d6dac13\\cross_validation_data\\ab9c58d3-1a5a-413b-ab98-f2253d6dac13_preprocessed_data.csv",
        "cv_predictions_processed": "trained_models\\ab9c58d3-1a5a-413b-ab98-f2253d6dac13\\cross_validation_data\\ab9c58d3-1a5a-413b-ab98-f2253d6dac13_cv_predictions_processed.csv",
        "cv_predictions_original": "trained_models\\ab9c58d3-1a5a-413b-ab98-f2253d6dac13\\cross_validation_data\\ab9c58d3-1a5a-413b-ab98-f2253d6dac13_cv_predictions_original.csv",
        "scatter_plot": "trained_models\\ab9c58d3-1a5a-413b-ab98-f2253d6dac13\\cross_validation_data\\ab9c58d3-1a5a-413b-ab98-f2253d6dac13_cv_scatter_plot.png"
      },
      "cv_predictions": "{'y_true_processed': array([ 1.07188428,  0.22800956, -1.89249615, ...,  0.92041958,\n       -0.09655764, -0.01000639], shape=(2703,)), 'y_pred_processed': array([ 1.0900879 ,  0.31144485, -1.4061728 , ...,  0.7756927 ,\n       -0.4812753 , -0.1943064 ], shape=(2703,), dtype=float32), 'y_true_original': array([97.5, 93.6, 83.8, ..., 96.8, 92.1, 92.5], shape=(2703,)), 'y_pred_original': array([97.58413 , 93.985596, 86.04756 , ..., 96.13114 , 90.322014,\n       91.64825 ], shape=(2703,), dtype=float32)}"
    },
    "feature_importance": {
      "layer_thickness": {
        "weight": 2803.0,
        "gain": 0.9114402532577515,
        "cover": 198.05921936035156,
        "sklearn_gain": 0.2338990569114685,
        "permutation_mean": 0.6542549876826367,
        "permutation_std": 0.013655851496870456
      },
      "hatch_distance": {
        "weight": 2575.0,
        "gain": 0.7310730218887329,
        "cover": 205.82485961914062,
        "sklearn_gain": 0.18761217594146729,
        "permutation_mean": 0.5857928276156266,
        "permutation_std": 0.015067351212964028
      },
      "laser_power": {
        "weight": 3030.0,
        "gain": 1.1351418495178223,
        "cover": 209.6250762939453,
        "sklearn_gain": 0.29130664467811584,
        "permutation_mean": 0.7801968269752464,
        "permutation_std": 0.02387725620606942
      },
      "laser_velocity": {
        "weight": 2679.0,
        "gain": 1.1190695762634277,
        "cover": 192.98095703125,
        "sklearn_gain": 0.287182092666626,
        "permutation_mean": 0.7451698027008768,
        "permutation_std": 0.004931027156966157
      }
    },
    "model_info": {
      "is_fitted": true,
      "task_type": "regression",
      "n_features": 4,
      "feature_names": [
        "layer_thickness",
        "hatch_distance",
        "laser_power",
        "laser_velocity"
      ],
      "model_params": {
        "n_estimators": 120,
        "max_depth": 8,
        "learning_rate": 0.12063708032289532,
        "subsample": 0.9229611082285573,
        "colsample_bytree": 0.8653670933226423,
        "colsample_bylevel": 0.8207392351206054,
        "colsample_bynode": 1.0,
        "reg_alpha": 0.0017280360087026541,
        "reg_lambda": 5.727610210730943e-06,
        "gamma": 0.002202824091410361,
        "min_child_weight": 7,
        "tree_method": "hist",
        "device": "cuda",
        "n_jobs": 1,
        "random_state": 42
      },
      "n_estimators": 120,
      "max_depth": 8,
      "learning_rate": 0.12063708032289532,
      "subsample": 0.9229611082285573,
      "colsample_bytree": 0.8653670933226423,
      "gpu_info": {
        "gpu_available": true,
        "gpu_enabled": true,
        "effective_device": "cuda",
        "tree_method": "hist",
        "using_gpu": true,
        "gpu_name": "NVIDIA GeForce RTX 4060 Laptop GPU",
        "gpu_memory_total_mb": 8188,
        "gpu_memory_used_mb": 1984,
        "gpu_memory_available_mb": 6204
      }
    },
    "optimization_results": {
      "best_params": {
        "n_estimators": 120,
        "max_depth": 8,
        "learning_rate": 0.12063708032289532,
        "subsample": 0.9229611082285573,
        "colsample_bytree": 0.8653670933226423,
        "colsample_bylevel": 0.8207392351206054,
        "reg_alpha": 0.0017280360087026541,
        "reg_lambda": 5.727610210730943e-06,
        "min_child_weight": 7,
        "gamma": 0.002202824091410361
      },
      "best_score": -0.26402564817860474,
      "best_trial_number": 41,
      "n_trials": 50,
      "n_completed_trials": 50,
      "task_type": "regression",
      "sampler_type": "TPE",
      "optimization_history": [
        {
          "trial_number": 0,
          "value": -0.40832163674547955,
          "params": {
            "n_estimators": 90,
            "max_depth": 10,
            "learning_rate": 0.1205712628744377,
            "subsample": 0.8394633936788146,
            "colsample_bytree": 0.6624074561769746,
            "colsample_bylevel": 0.662397808134481,
            "reg_alpha": 3.3323645788192616e-08,
            "reg_lambda": 0.6245760287469893,
            "min_child_weight": 7,
            "gamma": 0.023585940584142682
          },
          "state": "COMPLETE",
          "datetime": "2025-07-03T13:03:23.788591",
          "duration": 4.000245
        },
        {
          "trial_number": 1,
          "value": -0.4253144856671211,
          "params": {
            "n_estimators": 50,
            "max_depth": 10,
            "learning_rate": 0.16967533607196555,
            "subsample": 0.6849356442713105,
            "colsample_bytree": 0.6727299868828402,
            "colsample_bylevel": 0.6733618039413735,
            "reg_alpha": 5.472429642032198e-06,
            "reg_lambda": 0.00052821153945323,
            "min_child_weight": 5,
            "gamma": 4.17890272377219e-06
          },
          "state": "COMPLETE",
          "datetime": "2025-07-03T13:03:27.790345",
          "duration": 2.938631
        },
        {
          "trial_number": 2,
          "value": -0.5352104624916794,
          "params": {
            "n_estimators": 110,
            "max_depth": 2,
            "learning_rate": 0.027010527749605478,
            "subsample": 0.7465447373174767,
            "colsample_bytree": 0.7824279936868144,
            "colsample_bylevel": 0.9140703845572055,
            "reg_alpha": 6.267062696005991e-07,
            "reg_lambda": 0.00042472707398058225,
            "min_child_weight": 6,
            "gamma": 2.6185068507773707e-08
          },
          "state": "COMPLETE",
          "datetime": "2025-07-03T13:03:30.728976",
          "duration": 8.134471
        },
        {
          "trial_number": 3,
          "value": -0.5954627456503483,
          "params": {
            "n_estimators": 110,
            "max_depth": 2,
            "learning_rate": 0.012476394272569451,
            "subsample": 0.9795542149013333,
            "colsample_bytree": 0.9862528132298237,
            "colsample_bylevel": 0.9233589392465844,
            "reg_alpha": 5.514725787121931e-06,
            "reg_lambda": 7.569183361880229e-08,
            "min_child_weight": 7,
            "gamma": 9.148975058772307e-05
          },
          "state": "COMPLETE",
          "datetime": "2025-07-03T13:03:38.868770",
          "duration": 8.993195
        },
        {
          "trial_number": 4,
          "value": -0.6342398653472493,
          "params": {
            "n_estimators": 60,
            "max_depth": 5,
            "learning_rate": 0.011240768803005551,
            "subsample": 0.9637281608315128,
            "colsample_bytree": 0.7035119926400067,
            "colsample_bylevel": 0.8650089137415928,
            "reg_alpha": 6.388511557344611e-06,
            "reg_lambda": 0.0004793052550782129,
            "min_child_weight": 6,
            "gamma": 4.609885087947832e-07
          },
          "state": "COMPLETE",
          "datetime": "2025-07-03T13:03:47.866379",
          "duration": 9.548242
        },
        {
          "trial_number": 5,
          "value": -0.31029593939769684,
          "params": {
            "n_estimators": 150,
            "max_depth": 8,
            "learning_rate": 0.24420460844911424,
            "subsample": 0.9579309401710595,
            "colsample_bytree": 0.8391599915244341,
            "colsample_bylevel": 0.9687496940092467,
            "reg_alpha": 6.257956190096665e-08,
            "reg_lambda": 5.805581976088804e-07,
            "min_child_weight": 1,
            "gamma": 8.471746987003668e-06
          },
          "state": "COMPLETE",
          "datetime": "2025-07-03T13:03:57.418893",
          "duration": 39.176634
        },
        {
          "trial_number": 6,
          "value": -0.5087519221380598,
          "params": {
            "n_estimators": 90,
            "max_depth": 3,
            "learning_rate": 0.16755052359850303,
            "subsample": 0.7427013306774357,
            "colsample_bytree": 0.7123738038749523,
            "colsample_bylevel": 0.8170784332632994,
            "reg_alpha": 1.8548894229694903e-07,
            "reg_lambda": 0.16587190283399655,
            "min_child_weight": 1,
            "gamma": 7.620481786158549
          },
          "state": "COMPLETE",
          "datetime": "2025-07-03T13:04:36.599664",
          "duration": 6.684075
        },
        {
          "trial_number": 7,
          "value": -0.5985048486064055,
          "params": {
            "n_estimators": 130,
            "max_depth": 2,
            "learning_rate": 0.010189592979395137,
            "subsample": 0.9261845713819337,
            "colsample_bytree": 0.8827429375390468,
            "colsample_bylevel": 0.8916028672163949,
            "reg_alpha": 0.08738424135626986,
            "reg_lambda": 4.638759594322625e-08,
            "min_child_weight": 4,
            "gamma": 1.1036250149900698e-07
          },
          "state": "COMPLETE",
          "datetime": "2025-07-03T13:04:43.287861",
          "duration": 10.259505
        },
        {
          "trial_number": 8,
          "value": -0.43227118368679296,
          "params": {
            "n_estimators": 140,
            "max_depth": 7,
            "learning_rate": 0.030816017044468066,
            "subsample": 0.6254233401144095,
            "colsample_bytree": 0.7243929286862649,
            "colsample_bylevel": 0.7300733288106989,
            "reg_alpha": 0.036851536911881845,
            "reg_lambda": 0.005470376807480391,
            "min_child_weight": 9,
            "gamma": 0.0001778010520878397
          },
          "state": "COMPLETE",
          "datetime": "2025-07-03T13:04:53.551581",
          "duration": 28.582728
        },
        {
          "trial_number": 9,
          "value": -0.3014325266125701,
          "params": {
            "n_estimators": 60,
            "max_depth": 8,
            "learning_rate": 0.13297554090738672,
            "subsample": 0.8245108790277985,
            "colsample_bytree": 0.9083868719818244,
            "colsample_bylevel": 0.7975182385457563,
            "reg_alpha": 0.0005065186776865479,
            "reg_lambda": 7.04480806377519e-05,
            "min_child_weight": 1,
            "gamma": 9.354548757337708e-08
          },
          "state": "COMPLETE",
          "datetime": "2025-07-03T13:05:22.138384",
          "duration": 17.040238
        },
        {
          "trial_number": 10,
          "value": -0.32834884603807724,
          "params": {
            "n_estimators": 70,
            "max_depth": 5,
            "learning_rate": 0.07955798569352589,
            "subsample": 0.8559192772506939,
            "colsample_bytree": 0.9568478358759311,
            "colsample_bylevel": 0.7570274592606949,
            "reg_alpha": 0.0009327366933736902,
            "reg_lambda": 3.9951522674461425e-06,
            "min_child_weight": 3,
            "gamma": 0.01036771407033351
          },
          "state": "COMPLETE",
          "datetime": "2025-07-03T13:05:39.180626",
          "duration": 11.564348
        },
        {
          "trial_number": 11,
          "value": -0.31959987780579496,
          "params": {
            "n_estimators": 150,
            "max_depth": 8,
            "learning_rate": 0.25502056696239767,
            "subsample": 0.904093180089808,
            "colsample_bytree": 0.8560191441870574,
            "colsample_bylevel": 0.9760778024672048,
            "reg_alpha": 0.000599958321451196,
            "reg_lambda": 1.7912366914369137e-06,
            "min_child_weight": 1,
            "gamma": 4.805653261658784e-06
          },
          "state": "COMPLETE",
          "datetime": "2025-07-03T13:05:50.750484",
          "duration": 40.350077
        },
        {
          "trial_number": 12,
          "value": -0.27318925880752953,
          "params": {
            "n_estimators": 80,
            "max_depth": 8,
            "learning_rate": 0.29283225933783363,
            "subsample": 0.7984165248678857,
            "colsample_bytree": 0.9028503248702485,
            "colsample_bylevel": 0.8062141176772979,
            "reg_alpha": 2.125206348660186,
            "reg_lambda": 3.841105485827389e-06,
            "min_child_weight": 2,
            "gamma": 1.1415897581582742e-08
          },
          "state": "COMPLETE",
          "datetime": "2025-07-03T13:06:31.104606",
          "duration": 19.467793
        },
        {
          "trial_number": 13,
          "value": -0.33925236268573566,
          "params": {
            "n_estimators": 70,
            "max_depth": 7,
            "learning_rate": 0.08163321221267114,
            "subsample": 0.7867305142865646,
            "colsample_bytree": 0.9191979476316068,
            "colsample_bylevel": 0.8001086602508453,
            "reg_alpha": 6.177198275729326,
            "reg_lambda": 2.0189036707279082e-05,
            "min_child_weight": 3,
            "gamma": 1.0352630368012753e-08
          },
          "state": "COMPLETE",
          "datetime": "2025-07-03T13:06:50.576744",
          "duration": 7.702664
        },
        {
          "trial_number": 14,
          "value": -0.3155541666925476,
          "params": {
            "n_estimators": 80,
            "max_depth": 9,
            "learning_rate": 0.2827580032070467,
            "subsample": 0.8266383754497381,
            "colsample_bytree": 0.7889287846668807,
            "colsample_bylevel": 0.7425884906674535,
            "reg_alpha": 8.609951394318259,
            "reg_lambda": 3.174672559290824e-05,
            "min_child_weight": 3,
            "gamma": 5.024387530678737e-07
          },
          "state": "COMPLETE",
          "datetime": "2025-07-03T13:06:58.283651",
          "duration": 13.168375
        },
        {
          "trial_number": 15,
          "value": -0.40545625741288893,
          "params": {
            "n_estimators": 60,
            "max_depth": 6,
            "learning_rate": 0.1331003690300412,
            "subsample": 0.7545570407398019,
            "colsample_bytree": 0.6018960478612356,
            "colsample_bylevel": 0.6083654265933616,
            "reg_alpha": 0.05366501989139503,
            "reg_lambda": 0.01146690242205455,
            "min_child_weight": 2,
            "gamma": 1.2695361137933224e-08
          },
          "state": "COMPLETE",
          "datetime": "2025-07-03T13:07:11.452026",
          "duration": 8.644162
        },
        {
          "trial_number": 16,
          "value": -0.3265900144399991,
          "params": {
            "n_estimators": 50,
            "max_depth": 8,
            "learning_rate": 0.07020614274333374,
            "subsample": 0.8679083694332411,
            "colsample_bytree": 0.9266199801530757,
            "colsample_bylevel": 0.8462239536240762,
            "reg_alpha": 0.4609528194477763,
            "reg_lambda": 3.084780175572217e-05,
            "min_child_weight": 10,
            "gamma": 0.00443382389454353
          },
          "state": "COMPLETE",
          "datetime": "2025-07-03T13:07:20.096188",
          "duration": 10.53506
        },
        {
          "trial_number": 17,
          "value": -0.38816788894149484,
          "params": {
            "n_estimators": 100,
            "max_depth": 4,
            "learning_rate": 0.04263494650162085,
            "subsample": 0.6909346424327554,
            "colsample_bytree": 0.8835984208835822,
            "colsample_bylevel": 0.7730982444721965,
            "reg_alpha": 0.002737959031998056,
            "reg_lambda": 3.4209876534185466e-07,
            "min_child_weight": 2,
            "gamma": 2.877840156819803e-07
          },
          "state": "COMPLETE",
          "datetime": "2025-07-03T13:07:30.631248",
          "duration": 10.270839
        },
        {
          "trial_number": 18,
          "value": -0.3379884815756435,
          "params": {
            "n_estimators": 80,
            "max_depth": 9,
            "learning_rate": 0.1845148967324183,
            "subsample": 0.7870843198048441,
            "colsample_bytree": 0.9965108784574399,
            "colsample_bylevel": 0.6984319676440948,
            "reg_alpha": 6.420732065687589e-05,
            "reg_lambda": 0.004939392464663177,
            "min_child_weight": 4,
            "gamma": 0.6516929730856246
          },
          "state": "COMPLETE",
          "datetime": "2025-07-03T13:07:40.902087",
          "duration": 6.989723
        },
        {
          "trial_number": 19,
          "value": -0.29866320961287496,
          "params": {
            "n_estimators": 70,
            "max_depth": 6,
            "learning_rate": 0.10547977564778718,
            "subsample": 0.8910149050713664,
            "colsample_bytree": 0.8154394378371652,
            "colsample_bylevel": 0.8401948018881014,
            "reg_alpha": 0.0060656372215304065,
            "reg_lambda": 6.7891871542277356,
            "min_child_weight": 2,
            "gamma": 2.7152322073635252e-05
          },
          "state": "COMPLETE",
          "datetime": "2025-07-03T13:07:47.893815",
          "duration": 11.098234
        },
        {
          "trial_number": 20,
          "value": -0.30234751564965745,
          "params": {
            "n_estimators": 120,
            "max_depth": 6,
            "learning_rate": 0.04886433792651695,
            "subsample": 0.8848803107436978,
            "colsample_bytree": 0.8199093674571643,
            "colsample_bylevel": 0.8467286452846505,
            "reg_alpha": 0.6877157925744026,
            "reg_lambda": 0.07514938324106057,
            "min_child_weight": 4,
            "gamma": 0.0014328796526447795
          },
          "state": "COMPLETE",
          "datetime": "2025-07-03T13:07:58.996057",
          "duration": 17.78483
        },
        {
          "trial_number": 21,
          "value": -0.27658914661054324,
          "params": {
            "n_estimators": 70,
            "max_depth": 7,
            "learning_rate": 0.10431718595874888,
            "subsample": 0.8073770665030328,
            "colsample_bytree": 0.909650942563395,
            "colsample_bylevel": 0.7883584263917432,
            "reg_alpha": 0.005050982687929694,
            "reg_lambda": 7.2767878838396e-05,
            "min_child_weight": 2,
            "gamma": 1.9982458273344826e-05
          },
          "state": "COMPLETE",
          "datetime": "2025-07-03T13:08:16.784960",
          "duration": 13.194074
        },
        {
          "trial_number": 22,
          "value": -0.2837381935133308,
          "params": {
            "n_estimators": 80,
            "max_depth": 7,
            "learning_rate": 0.09689026265066247,
            "subsample": 0.9072071559144794,
            "colsample_bytree": 0.784470702307805,
            "colsample_bylevel": 0.824627602486141,
            "reg_alpha": 0.005496255501643197,
            "reg_lambda": 9.879192474391198,
            "min_child_weight": 2,
            "gamma": 3.548525072653729e-05
          },
          "state": "COMPLETE",
          "datetime": "2025-07-03T13:08:29.979034",
          "duration": 13.835815
        },
        {
          "trial_number": 23,
          "value": -0.29454415302552767,
          "params": {
            "n_estimators": 90,
            "max_depth": 7,
            "learning_rate": 0.059278623460241556,
            "subsample": 0.9243986919536844,
            "colsample_bytree": 0.7542822516519709,
            "colsample_bylevel": 0.7152846971758696,
            "reg_alpha": 6.138292386956088e-05,
            "reg_lambda": 4.552449703384803,
            "min_child_weight": 2,
            "gamma": 0.0003741611014640222
          },
          "state": "COMPLETE",
          "datetime": "2025-07-03T13:08:43.818854",
          "duration": 15.506876
        },
        {
          "trial_number": 24,
          "value": -0.33640374558623537,
          "params": {
            "n_estimators": 80,
            "max_depth": 7,
            "learning_rate": 0.03753842814905028,
            "subsample": 0.7080137817054258,
            "colsample_bytree": 0.9532064122305618,
            "colsample_bylevel": 0.7756406904228301,
            "reg_alpha": 0.008305370642207642,
            "reg_lambda": 1.1856056747940277e-05,
            "min_child_weight": 3,
            "gamma": 0.07296126321558641
          },
          "state": "COMPLETE",
          "datetime": "2025-07-03T13:08:59.325730",
          "duration": 14.106268
        },
        {
          "trial_number": 25,
          "value": -0.38904020276153434,
          "params": {
            "n_estimators": 100,
            "max_depth": 9,
            "learning_rate": 0.01969400900899623,
            "subsample": 0.8065203998226256,
            "colsample_bytree": 0.8618346414731409,
            "colsample_bylevel": 0.8828582801863146,
            "reg_alpha": 0.3128660200488964,
            "reg_lambda": 1.1236585126979821e-08,
            "min_child_weight": 5,
            "gamma": 1.5707250209768394e-06
          },
          "state": "COMPLETE",
          "datetime": "2025-07-03T13:09:13.436105",
          "duration": 22.539791
        },
        {
          "trial_number": 26,
          "value": -0.31977679960980415,
          "params": {
            "n_estimators": 80,
            "max_depth": 4,
            "learning_rate": 0.20341991124644596,
            "subsample": 0.6426057636939899,
            "colsample_bytree": 0.7657724769815869,
            "colsample_bylevel": 0.81144645662038,
            "reg_alpha": 1.5359624250550208,
            "reg_lambda": 0.00021518668685010907,
            "min_child_weight": 2,
            "gamma": 4.0015668451015035e-05
          },
          "state": "COMPLETE",
          "datetime": "2025-07-03T13:09:35.975896",
          "duration": 7.705453
        },
        {
          "trial_number": 27,
          "value": -0.2838350337188337,
          "params": {
            "n_estimators": 70,
            "max_depth": 7,
            "learning_rate": 0.08250220209943013,
            "subsample": 0.7914634772465107,
            "colsample_bytree": 0.8828247025481977,
            "colsample_bylevel": 0.7789842153862707,
            "reg_alpha": 0.00010629065651767505,
            "reg_lambda": 0.0020302052968197712,
            "min_child_weight": 4,
            "gamma": 0.0006143202836959078
          },
          "state": "COMPLETE",
          "datetime": "2025-07-03T13:09:43.685479",
          "duration": 13.210301
        },
        {
          "trial_number": 28,
          "value": -0.30546473606672364,
          "params": {
            "n_estimators": 90,
            "max_depth": 5,
            "learning_rate": 0.10388607494380847,
            "subsample": 0.9977419643648568,
            "colsample_bytree": 0.9415025604559948,
            "colsample_bylevel": 0.8290573171873398,
            "reg_alpha": 0.022219520408428943,
            "reg_lambda": 4.9193821708036574e-06,
            "min_child_weight": 3,
            "gamma": 2.6955871603608083e-05
          },
          "state": "COMPLETE",
          "datetime": "2025-07-03T13:09:56.900010",
          "duration": 19.450054
        },
        {
          "trial_number": 29,
          "value": -0.2867173218822988,
          "params": {
            "n_estimators": 100,
            "max_depth": 10,
            "learning_rate": 0.10804580595010911,
            "subsample": 0.8472579739221447,
            "colsample_bytree": 0.8390259308557868,
            "colsample_bylevel": 0.6306736610228207,
            "reg_alpha": 0.002534567531751268,
            "reg_lambda": 0.03602734314390342,
            "min_child_weight": 8,
            "gamma": 1.559980221295366e-06
          },
          "state": "COMPLETE",
          "datetime": "2025-07-03T13:10:16.354177",
          "duration": 6.587108
        },
        {
          "trial_number": 30,
          "value": -0.3218866101867202,
          "params": {
            "n_estimators": 60,
            "max_depth": 9,
            "learning_rate": 0.06109858189233412,
            "subsample": 0.7667989049280587,
            "colsample_bytree": 0.9700524226296127,
            "colsample_bylevel": 0.6834215358507345,
            "reg_alpha": 0.13277988644065064,
            "reg_lambda": 0.23458357103712515,
            "min_child_weight": 1,
            "gamma": 0.08046705533670483
          },
          "state": "COMPLETE",
          "datetime": "2025-07-03T13:10:22.941285",
          "duration": 2.997924
        },
        {
          "trial_number": 31,
          "value": -0.2851881269506426,
          "params": {
            "n_estimators": 70,
            "max_depth": 7,
            "learning_rate": 0.08432568890439449,
            "subsample": 0.8229374997338615,
            "colsample_bytree": 0.8989066397793074,
            "colsample_bylevel": 0.7775522868720129,
            "reg_alpha": 0.00011754721898229878,
            "reg_lambda": 1.180688036489309,
            "min_child_weight": 4,
            "gamma": 0.0006638982851707981
          },
          "state": "COMPLETE",
          "datetime": "2025-07-03T13:10:25.939209",
          "duration": 10.011783
        },
        {
          "trial_number": 32,
          "value": -0.2796727213611837,
          "params": {
            "n_estimators": 80,
            "max_depth": 6,
            "learning_rate": 0.1429911825016338,
            "subsample": 0.7147431256905022,
            "colsample_bytree": 0.8751501050325257,
            "colsample_bylevel": 0.7560709600034037,
            "reg_alpha": 3.3453411437873415e-05,
            "reg_lambda": 0.0029432017912878624,
            "min_child_weight": 5,
            "gamma": 0.002527012259109549
          },
          "state": "COMPLETE",
          "datetime": "2025-07-03T13:10:35.950992",
          "duration": 11.626715
        },
        {
          "trial_number": 33,
          "value": -0.283963211320181,
          "params": {
            "n_estimators": 80,
            "max_depth": 6,
            "learning_rate": 0.1419501883871894,
            "subsample": 0.7109827546320847,
            "colsample_bytree": 0.8036198634671214,
            "colsample_bylevel": 0.7493993867798768,
            "reg_alpha": 3.3959464504774184e-06,
            "reg_lambda": 0.0001405830861491587,
            "min_child_weight": 7,
            "gamma": 0.0035478837333012825
          },
          "state": "COMPLETE",
          "datetime": "2025-07-03T13:10:47.577707",
          "duration": 11.802285
        },
        {
          "trial_number": 34,
          "value": -0.3183273616265259,
          "params": {
            "n_estimators": 50,
            "max_depth": 8,
            "learning_rate": 0.2214191931770848,
            "subsample": 0.722788215603629,
            "colsample_bytree": 0.8593819164904486,
            "colsample_bylevel": 0.652895707942404,
            "reg_alpha": 1.6864699202046623e-05,
            "reg_lambda": 0.0010711501225612228,
            "min_child_weight": 5,
            "gamma": 0.06106376166345074
          },
          "state": "COMPLETE",
          "datetime": "2025-07-03T13:10:59.379992",
          "duration": 8.671628
        },
        {
          "trial_number": 35,
          "value": -0.5461713057792945,
          "params": {
            "n_estimators": 90,
            "max_depth": 1,
            "learning_rate": 0.16204567035959488,
            "subsample": 0.6586689892222423,
            "colsample_bytree": 0.7551524508134969,
            "colsample_bylevel": 0.7195331111227534,
            "reg_alpha": 1.280952755593615e-06,
            "reg_lambda": 1.2768008214031767,
            "min_child_weight": 6,
            "gamma": 1.8862209373903126e-05
          },
          "state": "COMPLETE",
          "datetime": "2025-07-03T13:11:08.055635",
          "duration": 3.612937
        },
        {
          "trial_number": 36,
          "value": -0.33444925295600625,
          "params": {
            "n_estimators": 110,
            "max_depth": 4,
            "learning_rate": 0.09799409065674669,
            "subsample": 0.6750780940601064,
            "colsample_bytree": 0.8352975516470833,
            "colsample_bylevel": 0.9067293547479934,
            "reg_alpha": 2.0097801129817488e-05,
            "reg_lambda": 3.406209882870145e-07,
            "min_child_weight": 8,
            "gamma": 0.0198353068617565
          },
          "state": "COMPLETE",
          "datetime": "2025-07-03T13:11:11.668572",
          "duration": 11.144458
        },
        {
          "trial_number": 37,
          "value": -0.2890578038735084,
          "params": {
            "n_estimators": 80,
            "max_depth": 6,
            "learning_rate": 0.2974053007288466,
            "subsample": 0.730374310785445,
            "colsample_bytree": 0.9382996805566486,
            "colsample_bylevel": 0.9399656239604387,
            "reg_alpha": 1.0305050066959539e-08,
            "reg_lambda": 1.3849631575440196e-06,
            "min_child_weight": 2,
            "gamma": 9.073378375568791e-05
          },
          "state": "COMPLETE",
          "datetime": "2025-07-03T13:11:22.817049",
          "duration": 12.154206
        },
        {
          "trial_number": 38,
          "value": -0.3245964299683614,
          "params": {
            "n_estimators": 90,
            "max_depth": 5,
            "learning_rate": 0.14553791227870969,
            "subsample": 0.7710577326469937,
            "colsample_bytree": 0.9050378963544949,
            "colsample_bylevel": 0.8687290296014547,
            "reg_alpha": 0.009026745585985218,
            "reg_lambda": 0.0007087621199460854,
            "min_child_weight": 5,
            "gamma": 0.29814305178538797
          },
          "state": "COMPLETE",
          "datetime": "2025-07-03T13:11:34.974204",
          "duration": 7.406112
        },
        {
          "trial_number": 39,
          "value": -0.40402129358297845,
          "params": {
            "n_estimators": 60,
            "max_depth": 10,
            "learning_rate": 0.19480641981383448,
            "subsample": 0.6090746608505337,
            "colsample_bytree": 0.6825588218536053,
            "colsample_bylevel": 0.7949902031754983,
            "reg_alpha": 2.0785148101863182,
            "reg_lambda": 9.253896370984001e-05,
            "min_child_weight": 1,
            "gamma": 6.875999554804995e-08
          },
          "state": "COMPLETE",
          "datetime": "2025-07-03T13:11:42.382318",
          "duration": 10.564498
        },
        {
          "trial_number": 40,
          "value": -0.27203824860765463,
          "params": {
            "n_estimators": 110,
            "max_depth": 8,
            "learning_rate": 0.12248385741850448,
            "subsample": 0.9418098012315016,
            "colsample_bytree": 0.8695348946232778,
            "colsample_bylevel": 0.8265913607276076,
            "reg_alpha": 0.0016662237060087201,
            "reg_lambda": 8.344307506322951e-06,
            "min_child_weight": 6,
            "gamma": 0.00018953952408521583
          },
          "state": "COMPLETE",
          "datetime": "2025-07-03T13:11:52.946816",
          "duration": 21.552763
        },
        {
          "trial_number": 41,
          "value": -0.26402564817860474,
          "params": {
            "n_estimators": 120,
            "max_depth": 8,
            "learning_rate": 0.12063708032289532,
            "subsample": 0.9229611082285573,
            "colsample_bytree": 0.8653670933226423,
            "colsample_bylevel": 0.8207392351206054,
            "reg_alpha": 0.0017280360087026541,
            "reg_lambda": 5.727610210730943e-06,
            "min_child_weight": 7,
            "gamma": 0.002202824091410361
          },
          "state": "COMPLETE",
          "datetime": "2025-07-03T13:12:14.499579",
          "duration": 25.297508
        },
        {
          "trial_number": 42,
          "value": -0.26663783657676116,
          "params": {
            "n_estimators": 120,
            "max_depth": 8,
            "learning_rate": 0.12092768218025787,
            "subsample": 0.9606922720295075,
            "colsample_bytree": 0.8750482611623617,
            "colsample_bylevel": 0.8565810078832098,
            "reg_alpha": 0.0002718699829678162,
            "reg_lambda": 4.364762735619915e-06,
            "min_child_weight": 7,
            "gamma": 0.0019051527837982214
          },
          "state": "COMPLETE",
          "datetime": "2025-07-03T13:12:39.797087",
          "duration": 23.817267
        },
        {
          "trial_number": 43,
          "value": -0.268833788933879,
          "params": {
            "n_estimators": 120,
            "max_depth": 8,
            "learning_rate": 0.12030906880041646,
            "subsample": 0.9554452515916712,
            "colsample_bytree": 0.9082210874013193,
            "colsample_bylevel": 0.8644572186673566,
            "reg_alpha": 0.000312400678497326,
            "reg_lambda": 5.3226866103170345e-06,
            "min_child_weight": 7,
            "gamma": 0.0002561288598109377
          },
          "state": "COMPLETE",
          "datetime": "2025-07-03T13:13:03.614354",
          "duration": 26.502565
        },
        {
          "trial_number": 44,
          "value": -0.2711281557118294,
          "params": {
            "n_estimators": 130,
            "max_depth": 8,
            "learning_rate": 0.167170971940624,
            "subsample": 0.9568525007081592,
            "colsample_bytree": 0.8931951785674701,
            "colsample_bylevel": 0.8635234089568576,
            "reg_alpha": 0.0002686559779798498,
            "reg_lambda": 1.0307377068114657e-07,
            "min_child_weight": 8,
            "gamma": 0.00013749647779970776
          },
          "state": "COMPLETE",
          "datetime": "2025-07-03T13:13:30.121053",
          "duration": 12.873497
        },
        {
          "trial_number": 45,
          "value": -0.26622448722037373,
          "params": {
            "n_estimators": 130,
            "max_depth": 9,
            "learning_rate": 0.12082466761319412,
            "subsample": 0.9547003741853684,
            "colsample_bytree": 0.8661941127857827,
            "colsample_bylevel": 0.8645518615157449,
            "reg_alpha": 0.00023932329576464338,
            "reg_lambda": 7.43902214751984e-08,
            "min_child_weight": 7,
            "gamma": 0.00014558903004299043
          },
          "state": "COMPLETE",
          "datetime": "2025-07-03T13:13:42.999590",
          "duration": 9.38219
        },
        {
          "trial_number": 46,
          "value": -0.2688527022004191,
          "params": {
            "n_estimators": 130,
            "max_depth": 9,
            "learning_rate": 0.16529069575112912,
            "subsample": 0.9530786058917288,
            "colsample_bytree": 0.8445126575279349,
            "colsample_bylevel": 0.9413843248141488,
            "reg_alpha": 0.000252323320712236,
            "reg_lambda": 9.248639186732942e-08,
            "min_child_weight": 7,
            "gamma": 9.585817549071231e-05
          },
          "state": "COMPLETE",
          "datetime": "2025-07-03T13:13:52.381780",
          "duration": 14.812674
        },
        {
          "trial_number": 47,
          "value": -0.27585902235798454,
          "params": {
            "n_estimators": 130,
            "max_depth": 9,
            "learning_rate": 0.23351498587381564,
            "subsample": 0.9802729386093817,
            "colsample_bytree": 0.8543918727320651,
            "colsample_bylevel": 0.9499706844386188,
            "reg_alpha": 0.0002459279940935282,
            "reg_lambda": 3.139195175505941e-08,
            "min_child_weight": 7,
            "gamma": 0.0009884768856544329
          },
          "state": "COMPLETE",
          "datetime": "2025-07-03T13:14:07.194454",
          "duration": 11.402013
        },
        {
          "trial_number": 48,
          "value": -0.272603185194208,
          "params": {
            "n_estimators": 140,
            "max_depth": 10,
            "learning_rate": 0.12332976565300682,
            "subsample": 0.9379688091355297,
            "colsample_bytree": 0.8262631059220635,
            "colsample_bylevel": 0.9047959292773671,
            "reg_alpha": 0.0009947913090130442,
            "reg_lambda": 1.541442895613807e-07,
            "min_child_weight": 7,
            "gamma": 0.010241191778163227
          },
          "state": "COMPLETE",
          "datetime": "2025-07-03T13:14:18.600586",
          "duration": 26.020616
        },
        {
          "trial_number": 49,
          "value": -0.27065210547498136,
          "params": {
            "n_estimators": 120,
            "max_depth": 9,
            "learning_rate": 0.0723292586236355,
            "subsample": 0.9734525941925364,
            "colsample_bytree": 0.8418255003565187,
            "colsample_bylevel": 0.9339319751394617,
            "reg_alpha": 0.00048256120520619395,
            "reg_lambda": 9.269826386777862e-07,
            "min_child_weight": 9,
            "gamma": 0.0003140422182563749
          },
          "state": "COMPLETE",
          "datetime": "2025-07-03T13:14:44.625337",
          "duration": 26.788024
        }
      ],
      "best_cv_scores": [
        -0.2747632009434122,
        -0.2648955551291554,
        -0.2547684407857214,
        -0.2668718742702737,
        -0.2588291697644611
      ],
      "best_cv_std": 0.006882616610970759
    },
    "training_completed_at": "2025-07-03T13:16:09.367787",
    "preprocessing_applied": true,
    "preprocessing_pipeline_path": "trained_models\\ab9c58d3-1a5a-413b-ab98-f2253d6dac13\\preprocessing_pipeline.pkl",
    "scaling_method": "standard",
    "label_mapping": null,
    "tool_input_details": {
      "data_source": "D:\\SLM.xls",
      "optimize_hyperparameters": true,
      "n_trials": 50,
      "cv_folds": 5,
      "optimization_algorithm": "TPE",
      "scoring_metric": "neg_mean_absolute_error",
      "validate_data": true,
      "save_model": true,
      "apply_preprocessing": true,
      "scaling_method": "standard",
      "task_type": "regression",
      "additional_model_params": {
        "xgboost_params": {
          "learning_rate": 0.1,
          "max_depth": 6,
          "n_estimators": 100
        }
      },
      "base_model_params": {
        "random_state": 42,
        "n_jobs": -1
      }
    },
    "preprocessing_details": {
      "applied": true,
      "target_preprocessing_applied": true,
      "scaling_method": "standard",
      "scaling_method_description": "StandardScaler (mean=0, std=1)",
      "pipeline_saved": true,
      "pipeline_components": {
        "numerical_imputer": true,
        "categorical_one_hot_encoder": true,
        "categorical_label_encoder": true,
        "feature_scaler": true,
        "target_scaler": true
      },
      "original_feature_count": 4,
      "processed_feature_count": 4,
      "preprocessing_info": {
        "is_fitted": true,
        "target_is_fitted": true,
        "config": {
          "numerical_features": [
            "layer_thickness",
            "hatch_distance",
            "laser_power",
            "laser_velocity"
          ],
          "categorical_features": [],
          "scaling_method": "standard",
          "impute_missing": true,
          "use_one_hot": false,
          "target_task_type": "regression",
          "target_scaling_method": "standard",
          "target_names": [
            "target"
          ],
          "target_shape": [
            2703
          ]
        },
        "feature_names_in": [
          "layer_thickness",
          "hatch_distance",
          "laser_power",
          "laser_velocity"
        ],
        "feature_names_out": [
          "layer_thickness",
          "hatch_distance",
          "laser_power",
          "laser_velocity"
        ],
        "target_names": [
          "target"
        ],
        "input_feature_count": 4,
        "output_feature_count": 4,
        "preprocessing_steps": [
          {
            "transformer_name": "numerical",
            "columns": [
              "layer_thickness",
              "hatch_distance",
              "laser_power",
              "laser_velocity"
            ],
            "column_count": 4,
            "scaling_method": "standard"
          }
        ]
      }
    },
    "model_directory": "trained_models\\ab9c58d3-1a5a-413b-ab98-f2253d6dac13"
  }
}