{
  "best_params": {
    "n_estimators": 80,
    "max_depth": 7,
    "learning_rate": 0.07169637569085559,
    "subsample": 0.8900646198797657,
    "colsample_bytree": 0.6023139893373228,
    "colsample_bylevel": 0.9604520312917825,
    "reg_alpha": 8.248331500575938e-07,
    "reg_lambda": 5.3195620076571505e-05,
    "min_child_weight": 2,
    "gamma": 0.2787377387032074
  },
  "best_score": 0.9598319029897977,
  "best_trial_number": 22,
  "n_trials": 50,
  "n_completed_trials": 50,
  "task_type": "classification",
  "sampler_type": "TPE",
  "optimization_history": [
    {
      "trial_number": 0,
      "value": 0.9597984861142755,
      "params": {
        "n_estimators": 90,
        "max_depth": 10,
        "learning_rate": 0.1205712628744377,
        "subsample": 0.8394633936788146,
        "colsample_bytree": 0.6624074561769746,
        "colsample_bylevel": 0.662397808134481,
        "reg_alpha": 3.3323645788192616e-08,
        "reg_lambda": 0.6245760287469893,
        "min_child_weight": 7,
        "gamma": 0.023585940584142682
      },
      "state": "COMPLETE",
      "datetime": "2025-07-03T13:36:29.702816",
      "duration": 14.904171
    },
    {
      "trial_number": 1,
      "value": 0.9464317359054201,
      "params": {
        "n_estimators": 50,
        "max_depth": 10,
        "learning_rate": 0.16967533607196555,
        "subsample": 0.6849356442713105,
        "colsample_bytree": 0.6727299868828402,
        "colsample_bylevel": 0.6733618039413735,
        "reg_alpha": 5.472429642032198e-06,
        "reg_lambda": 0.00052821153945323,
        "min_child_weight": 5,
        "gamma": 4.17890272377219e-06
      },
      "state": "COMPLETE",
      "datetime": "2025-07-03T13:36:44.610007",
      "duration": 8.787809
    },
    {
      "trial_number": 2,
      "value": 0.9531151110098477,
      "params": {
        "n_estimators": 110,
        "max_depth": 2,
        "learning_rate": 0.027010527749605478,
        "subsample": 0.7465447373174767,
        "colsample_bytree": 0.7824279936868144,
        "colsample_bylevel": 0.9140703845572055,
        "reg_alpha": 6.267062696005991e-07,
        "reg_lambda": 0.00042472707398058225,
        "min_child_weight": 6,
        "gamma": 2.6185068507773707e-08
      },
      "state": "COMPLETE",
      "datetime": "2025-07-03T13:36:53.400927",
      "duration": 20.768605
    },
    {
      "trial_number": 3,
      "value": 0.9322498760269659,
      "params": {
        "n_estimators": 110,
        "max_depth": 2,
        "learning_rate": 0.012476394272569451,
        "subsample": 0.9795542149013333,
        "colsample_bytree": 0.9862528132298237,
        "colsample_bylevel": 0.9233589392465844,
        "reg_alpha": 5.514725787121931e-06,
        "reg_lambda": 7.569183361880229e-08,
        "min_child_weight": 7,
        "gamma": 9.148975058772307e-05
      },
      "state": "COMPLETE",
      "datetime": "2025-07-03T13:37:14.172542",
      "duration": 22.538273
    },
    {
      "trial_number": 4,
      "value": 0.9531151110098477,
      "params": {
        "n_estimators": 60,
        "max_depth": 5,
        "learning_rate": 0.011240768803005551,
        "subsample": 0.9637281608315128,
        "colsample_bytree": 0.7035119926400067,
        "colsample_bylevel": 0.8650089137415928,
        "reg_alpha": 6.388511557344611e-06,
        "reg_lambda": 0.0004793052550782129,
        "min_child_weight": 6,
        "gamma": 4.609885087947832e-07
      },
      "state": "COMPLETE",
      "datetime": "2025-07-03T13:37:36.714269",
      "duration": 16.001462
    },
    {
      "trial_number": 5,
      "value": 0.952806141526023,
      "params": {
        "n_estimators": 150,
        "max_depth": 8,
        "learning_rate": 0.24420460844911424,
        "subsample": 0.9579309401710595,
        "colsample_bytree": 0.8391599915244341,
        "colsample_bylevel": 0.9687496940092467,
        "reg_alpha": 6.257956190096665e-08,
        "reg_lambda": 5.805581976088804e-07,
        "min_child_weight": 1,
        "gamma": 8.471746987003668e-06
      },
      "state": "COMPLETE",
      "datetime": "2025-07-03T13:37:52.720294",
      "duration": 25.060306
    },
    {
      "trial_number": 6,
      "value": 0.9465329991645781,
      "params": {
        "n_estimators": 90,
        "max_depth": 3,
        "learning_rate": 0.16755052359850303,
        "subsample": 0.7427013306774357,
        "colsample_bytree": 0.7123738038749523,
        "colsample_bylevel": 0.8170784332632994,
        "reg_alpha": 1.8548894229694903e-07,
        "reg_lambda": 0.16587190283399655,
        "min_child_weight": 1,
        "gamma": 7.620481786158549
      },
      "state": "COMPLETE",
      "datetime": "2025-07-03T13:38:17.784890",
      "duration": 12.644018
    },
    {
      "trial_number": 7,
      "value": 0.9455832093602992,
      "params": {
        "n_estimators": 130,
        "max_depth": 2,
        "learning_rate": 0.010189592979395137,
        "subsample": 0.9261845713819337,
        "colsample_bytree": 0.8827429375390468,
        "colsample_bylevel": 0.8916028672163949,
        "reg_alpha": 0.08738424135626986,
        "reg_lambda": 4.638759594322625e-08,
        "min_child_weight": 4,
        "gamma": 1.1036250149900698e-07
      },
      "state": "COMPLETE",
      "datetime": "2025-07-03T13:38:30.432296",
      "duration": 25.942584
    },
    {
      "trial_number": 8,
      "value": 0.9531151110098477,
      "params": {
        "n_estimators": 140,
        "max_depth": 7,
        "learning_rate": 0.030816017044468066,
        "subsample": 0.6254233401144095,
        "colsample_bytree": 0.7243929286862649,
        "colsample_bylevel": 0.7300733288106989,
        "reg_alpha": 0.036851536911881845,
        "reg_lambda": 0.005470376807480391,
        "min_child_weight": 9,
        "gamma": 0.0001778010520878397
      },
      "state": "COMPLETE",
      "datetime": "2025-07-03T13:38:56.377876",
      "duration": 13.061613
    },
    {
      "trial_number": 9,
      "value": 0.9455832093602992,
      "params": {
        "n_estimators": 60,
        "max_depth": 8,
        "learning_rate": 0.13297554090738672,
        "subsample": 0.8245108790277985,
        "colsample_bytree": 0.9083868719818244,
        "colsample_bylevel": 0.7975182385457563,
        "reg_alpha": 0.0005065186776865479,
        "reg_lambda": 7.04480806377519e-05,
        "min_child_weight": 1,
        "gamma": 9.354548757337708e-08
      },
      "state": "COMPLETE",
      "datetime": "2025-07-03T13:39:09.441506",
      "duration": 9.42509
    },
    {
      "trial_number": 10,
      "value": 0.9464317359054201,
      "params": {
        "n_estimators": 80,
        "max_depth": 10,
        "learning_rate": 0.0749883856323417,
        "subsample": 0.8616677223762091,
        "colsample_bytree": 0.6061470949312417,
        "colsample_bylevel": 0.6154900799844731,
        "reg_alpha": 4.3444691085504505,
        "reg_lambda": 6.0990065353308305,
        "min_child_weight": 10,
        "gamma": 0.04422317327084515
      },
      "state": "COMPLETE",
      "datetime": "2025-07-03T13:39:18.867616",
      "duration": 9.05705
    },
    {
      "trial_number": 11,
      "value": 0.9455832093602992,
      "params": {
        "n_estimators": 110,
        "max_depth": 4,
        "learning_rate": 0.03475122691073225,
        "subsample": 0.7544355485331894,
        "colsample_bytree": 0.7890856026631795,
        "colsample_bylevel": 0.7368181151637023,
        "reg_alpha": 1.153207114563693e-08,
        "reg_lambda": 8.837229396466988,
        "min_child_weight": 8,
        "gamma": 0.032972661587959216
      },
      "state": "COMPLETE",
      "datetime": "2025-07-03T13:39:27.925692",
      "duration": 2.961747
    },
    {
      "trial_number": 12,
      "value": 0.9597984861142755,
      "params": {
        "n_estimators": 120,
        "max_depth": 1,
        "learning_rate": 0.05881299754962944,
        "subsample": 0.870727223238246,
        "colsample_bytree": 0.6288024200260534,
        "colsample_bylevel": 0.9953764623140101,
        "reg_alpha": 7.462167814768054e-07,
        "reg_lambda": 7.4304053524582685e-06,
        "min_child_weight": 4,
        "gamma": 0.011789862047242508
      },
      "state": "COMPLETE",
      "datetime": "2025-07-03T13:39:30.889448",
      "duration": 1.799261
    },
    {
      "trial_number": 13,
      "value": 0.9597984861142755,
      "params": {
        "n_estimators": 80,
        "max_depth": 6,
        "learning_rate": 0.07459243021342131,
        "subsample": 0.8793979599376268,
        "colsample_bytree": 0.6200548401978178,
        "colsample_bylevel": 0.9992104923685967,
        "reg_alpha": 0.0002703046433864723,
        "reg_lambda": 5.024143885597732e-06,
        "min_child_weight": 3,
        "gamma": 0.01214370398221286
      },
      "state": "COMPLETE",
      "datetime": "2025-07-03T13:39:32.690709",
      "duration": 10.540106
    },
    {
      "trial_number": 14,
      "value": 0.9597984861142755,
      "params": {
        "n_estimators": 130,
        "max_depth": 1,
        "learning_rate": 0.09367920518150208,
        "subsample": 0.8756623291939448,
        "colsample_bytree": 0.652129585656966,
        "colsample_bylevel": 0.646992349685928,
        "reg_alpha": 1.3128371253956633e-08,
        "reg_lambda": 0.14184312049386003,
        "min_child_weight": 3,
        "gamma": 1.60153379615084
      },
      "state": "COMPLETE",
      "datetime": "2025-07-03T13:39:43.232810",
      "duration": 9.54081
    },
    {
      "trial_number": 15,
      "value": 0.9531151110098477,
      "params": {
        "n_estimators": 100,
        "max_depth": 5,
        "learning_rate": 0.04343177486987028,
        "subsample": 0.8110338741764617,
        "colsample_bytree": 0.7541892681916442,
        "colsample_bylevel": 0.7100162547249536,
        "reg_alpha": 0.00013710128828236596,
        "reg_lambda": 8.7679628740575e-06,
        "min_child_weight": 4,
        "gamma": 0.0030244800614207803
      },
      "state": "COMPLETE",
      "datetime": "2025-07-03T13:39:52.775620",
      "duration": 13.523887
    },
    {
      "trial_number": 16,
      "value": 0.9464651527809422,
      "params": {
        "n_estimators": 120,
        "max_depth": 9,
        "learning_rate": 0.11352487808895843,
        "subsample": 0.9061292236450127,
        "colsample_bytree": 0.65782175086291,
        "colsample_bylevel": 0.7965812511573757,
        "reg_alpha": 8.280411568723086e-07,
        "reg_lambda": 0.020334984390190103,
        "min_child_weight": 8,
        "gamma": 0.22109672151250476
      },
      "state": "COMPLETE",
      "datetime": "2025-07-03T13:40:06.300514",
      "duration": 10.086585
    },
    {
      "trial_number": 17,
      "value": 0.9464651527809422,
      "params": {
        "n_estimators": 80,
        "max_depth": 6,
        "learning_rate": 0.2900014330443638,
        "subsample": 0.8300649306921943,
        "colsample_bytree": 0.6197493419225972,
        "colsample_bylevel": 0.6001667553562653,
        "reg_alpha": 4.577023166097416e-05,
        "reg_lambda": 1.3865505452822999e-05,
        "min_child_weight": 7,
        "gamma": 0.0015220735226444564
      },
      "state": "COMPLETE",
      "datetime": "2025-07-03T13:40:16.388100",
      "duration": 6.59896
    },
    {
      "trial_number": 18,
      "value": 0.9597984861142755,
      "params": {
        "n_estimators": 90,
        "max_depth": 1,
        "learning_rate": 0.057839191788167675,
        "subsample": 0.7726113862460608,
        "colsample_bytree": 0.6768074735924442,
        "colsample_bylevel": 0.8388049554799257,
        "reg_alpha": 8.0893396098946e-08,
        "reg_lambda": 6.880925840516328e-07,
        "min_child_weight": 5,
        "gamma": 0.38357117899853527
      },
      "state": "COMPLETE",
      "datetime": "2025-07-03T13:40:22.988563",
      "duration": 6.71252
    },
    {
      "trial_number": 19,
      "value": 0.9531151110098477,
      "params": {
        "n_estimators": 100,
        "max_depth": 4,
        "learning_rate": 0.01734048700005842,
        "subsample": 0.7075496061281158,
        "colsample_bytree": 0.7445329827760282,
        "colsample_bylevel": 0.764263459743354,
        "reg_alpha": 0.00130763561820424,
        "reg_lambda": 0.7215756291343561,
        "min_child_weight": 3,
        "gamma": 0.0008896397925908025
      },
      "state": "COMPLETE",
      "datetime": "2025-07-03T13:40:29.702966",
      "duration": 15.838799
    },
    {
      "trial_number": 20,
      "value": 0.9388998342558713,
      "params": {
        "n_estimators": 130,
        "max_depth": 8,
        "learning_rate": 0.052848540004792076,
        "subsample": 0.9120994212114488,
        "colsample_bytree": 0.8371347238006678,
        "colsample_bylevel": 0.6811566860900125,
        "reg_alpha": 0.0057530802754238945,
        "reg_lambda": 0.004193425024930876,
        "min_child_weight": 7,
        "gamma": 0.007462461016360489
      },
      "state": "COMPLETE",
      "datetime": "2025-07-03T13:40:45.545246",
      "duration": 12.536526
    },
    {
      "trial_number": 21,
      "value": 0.9531151110098477,
      "params": {
        "n_estimators": 70,
        "max_depth": 6,
        "learning_rate": 0.07667110548644476,
        "subsample": 0.8558439041735774,
        "colsample_bytree": 0.6261244282686471,
        "colsample_bylevel": 0.9989879313923894,
        "reg_alpha": 2.9507805117851315e-05,
        "reg_lambda": 3.419624887827877e-06,
        "min_child_weight": 3,
        "gamma": 0.01789819390030664
      },
      "state": "COMPLETE",
      "datetime": "2025-07-03T13:40:58.082764",
      "duration": 9.903059
    },
    {
      "trial_number": 22,
      "value": 0.9598319029897977,
      "params": {
        "n_estimators": 80,
        "max_depth": 7,
        "learning_rate": 0.07169637569085559,
        "subsample": 0.8900646198797657,
        "colsample_bytree": 0.6023139893373228,
        "colsample_bylevel": 0.9604520312917825,
        "reg_alpha": 8.248331500575938e-07,
        "reg_lambda": 5.3195620076571505e-05,
        "min_child_weight": 2,
        "gamma": 0.2787377387032074
      },
      "state": "COMPLETE",
      "datetime": "2025-07-03T13:41:07.987877",
      "duration": 11.286729
    },
    {
      "trial_number": 23,
      "value": 0.9597984861142755,
      "params": {
        "n_estimators": 90,
        "max_depth": 9,
        "learning_rate": 0.10580006503588325,
        "subsample": 0.7888045335262613,
        "colsample_bytree": 0.643348505104808,
        "colsample_bylevel": 0.952326514844709,
        "reg_alpha": 5.93067977062687e-07,
        "reg_lambda": 5.928510952426204e-05,
        "min_child_weight": 2,
        "gamma": 0.18476922092101
      },
      "state": "COMPLETE",
      "datetime": "2025-07-03T13:41:19.275618",
      "duration": 10.696587
    },
    {
      "trial_number": 24,
      "value": 0.9522665844647268,
      "params": {
        "n_estimators": 100,
        "max_depth": 7,
        "learning_rate": 0.16666229094846444,
        "subsample": 0.9337543929464325,
        "colsample_bytree": 0.600728172073555,
        "colsample_bylevel": 0.959092300952629,
        "reg_alpha": 1.4477032623965396e-06,
        "reg_lambda": 8.294579312528034e-05,
        "min_child_weight": 4,
        "gamma": 2.2873091965498977
      },
      "state": "COMPLETE",
      "datetime": "2025-07-03T13:41:29.974205",
      "duration": 8.338403
    },
    {
      "trial_number": 25,
      "value": 0.9597984861142755,
      "params": {
        "n_estimators": 70,
        "max_depth": 9,
        "learning_rate": 0.052895897264585934,
        "subsample": 0.8400634437835969,
        "colsample_bytree": 0.6918258858440745,
        "colsample_bylevel": 0.8786717229218328,
        "reg_alpha": 4.590718225216327e-08,
        "reg_lambda": 1.114414353453923e-08,
        "min_child_weight": 2,
        "gamma": 0.08255190612777119
      },
      "state": "COMPLETE",
      "datetime": "2025-07-03T13:41:38.313862",
      "duration": 11.744376
    },
    {
      "trial_number": 26,
      "value": 0.9522665844647268,
      "params": {
        "n_estimators": 120,
        "max_depth": 7,
        "learning_rate": 0.0245910536192194,
        "subsample": 0.9039569587572985,
        "colsample_bytree": 0.6540652697867996,
        "colsample_bylevel": 0.9214239554672591,
        "reg_alpha": 2.1550969200158652e-07,
        "reg_lambda": 0.0018794133257574101,
        "min_child_weight": 2,
        "gamma": 4.0015668451015035e-05
      },
      "state": "COMPLETE",
      "datetime": "2025-07-03T13:41:50.060229",
      "duration": 22.949527
    },
    {
      "trial_number": 27,
      "value": 0.9598319029897977,
      "params": {
        "n_estimators": 70,
        "max_depth": 4,
        "learning_rate": 0.03921592430930365,
        "subsample": 0.8880185015445037,
        "colsample_bytree": 0.7383171807604934,
        "colsample_bylevel": 0.9667926095762076,
        "reg_alpha": 1.0464587938460265e-08,
        "reg_lambda": 7.59408029034288e-07,
        "min_child_weight": 5,
        "gamma": 0.7731334820798109
      },
      "state": "COMPLETE",
      "datetime": "2025-07-03T13:42:13.011730",
      "duration": 9.632967
    },
    {
      "trial_number": 28,
      "value": 0.9388998342558713,
      "params": {
        "n_estimators": 70,
        "max_depth": 4,
        "learning_rate": 0.021191166588445793,
        "subsample": 0.9965713570937305,
        "colsample_bytree": 0.7435717490340198,
        "colsample_bylevel": 0.8362673721525015,
        "reg_alpha": 1.0360302712603988e-08,
        "reg_lambda": 4.093006659539987e-07,
        "min_child_weight": 8,
        "gamma": 8.801664043682651
      },
      "state": "COMPLETE",
      "datetime": "2025-07-03T13:42:22.646683",
      "duration": 7.532715
    },
    {
      "trial_number": 29,
      "value": 0.9465329991645781,
      "params": {
        "n_estimators": 50,
        "max_depth": 10,
        "learning_rate": 0.03920894987912434,
        "subsample": 0.9399569493394437,
        "colsample_bytree": 0.6782098639929848,
        "colsample_bylevel": 0.6633392189548377,
        "reg_alpha": 4.270660739766752e-08,
        "reg_lambda": 0.03602734314390342,
        "min_child_weight": 5,
        "gamma": 1.0050949523465955
      },
      "state": "COMPLETE",
      "datetime": "2025-07-03T13:42:30.180210",
      "duration": 7.365933
    },
    {
      "trial_number": 30,
      "value": 0.9597984861142755,
      "params": {
        "n_estimators": 50,
        "max_depth": 3,
        "learning_rate": 0.20162581926968282,
        "subsample": 0.8008184231590747,
        "colsample_bytree": 0.7249965423071076,
        "colsample_bylevel": 0.7674128510807319,
        "reg_alpha": 1.7071686391197765e-05,
        "reg_lambda": 1.0347732878221933e-06,
        "min_child_weight": 6,
        "gamma": 0.39124636692242404
      },
      "state": "COMPLETE",
      "datetime": "2025-07-03T13:42:37.548421",
      "duration": 5.221503
    },
    {
      "trial_number": 31,
      "value": 0.9597984861142755,
      "params": {
        "n_estimators": 80,
        "max_depth": 3,
        "learning_rate": 0.06236443226136931,
        "subsample": 0.8861428777164165,
        "colsample_bytree": 0.6488181872777243,
        "colsample_bylevel": 0.9732065560857978,
        "reg_alpha": 1.6076263255450631e-06,
        "reg_lambda": 3.9630381874291085e-05,
        "min_child_weight": 5,
        "gamma": 0.006116290655578556
      },
      "state": "COMPLETE",
      "datetime": "2025-07-03T13:42:42.771931",
      "duration": 9.545161
    },
    {
      "trial_number": 32,
      "value": 0.9531151110098477,
      "params": {
        "n_estimators": 60,
        "max_depth": 5,
        "learning_rate": 0.047428446181337715,
        "subsample": 0.8564592297001726,
        "colsample_bytree": 0.6842147871271402,
        "colsample_bylevel": 0.9388891680437452,
        "reg_alpha": 2.546912944851985e-07,
        "reg_lambda": 0.00022901610493413364,
        "min_child_weight": 4,
        "gamma": 0.08338203066145328
      },
      "state": "COMPLETE",
      "datetime": "2025-07-03T13:42:52.319099",
      "duration": 9.645558
    },
    {
      "trial_number": 33,
      "value": 0.9531151110098477,
      "params": {
        "n_estimators": 90,
        "max_depth": 2,
        "learning_rate": 0.12994143298714098,
        "subsample": 0.8953006255186051,
        "colsample_bytree": 0.7676591102254189,
        "colsample_bylevel": 0.9005492701540619,
        "reg_alpha": 3.3959464504774184e-06,
        "reg_lambda": 1.7894959631188567e-07,
        "min_child_weight": 6,
        "gamma": 0.6865173475071658
      },
      "state": "COMPLETE",
      "datetime": "2025-07-03T13:43:01.966821",
      "duration": 7.944604
    },
    {
      "trial_number": 34,
      "value": 0.9597984861142755,
      "params": {
        "n_estimators": 120,
        "max_depth": 1,
        "learning_rate": 0.08603047153244764,
        "subsample": 0.8425965492710026,
        "colsample_bytree": 0.6351585837405648,
        "colsample_bylevel": 0.9839110311973761,
        "reg_alpha": 3.56815653624217e-08,
        "reg_lambda": 1.931589700487643e-06,
        "min_child_weight": 5,
        "gamma": 0.0006517150298818664
      },
      "state": "COMPLETE",
      "datetime": "2025-07-03T13:43:09.913078",
      "duration": 9.430085
    },
    {
      "trial_number": 35,
      "value": 0.9464651527809422,
      "params": {
        "n_estimators": 70,
        "max_depth": 3,
        "learning_rate": 0.05977625336372348,
        "subsample": 0.8702062949756038,
        "colsample_bytree": 0.699758757908753,
        "colsample_bylevel": 0.9443099762967926,
        "reg_alpha": 1.6818480562865732e-07,
        "reg_lambda": 1.2988736678739584e-05,
        "min_child_weight": 7,
        "gamma": 0.11444255661283972
      },
      "state": "COMPLETE",
      "datetime": "2025-07-03T13:43:19.344165",
      "duration": 8.565035
    },
    {
      "trial_number": 36,
      "value": 0.9388998342558713,
      "params": {
        "n_estimators": 110,
        "max_depth": 10,
        "learning_rate": 0.03834681563878875,
        "subsample": 0.9535626337531716,
        "colsample_bytree": 0.827885668871685,
        "colsample_bylevel": 0.9234673428114488,
        "reg_alpha": 9.654592199700202e-06,
        "reg_lambda": 0.0013163133890880248,
        "min_child_weight": 6,
        "gamma": 2.921102366593347
      },
      "state": "COMPLETE",
      "datetime": "2025-07-03T13:43:27.911200",
      "duration": 12.320734
    },
    {
      "trial_number": 37,
      "value": 0.9522665844647268,
      "params": {
        "n_estimators": 150,
        "max_depth": 7,
        "learning_rate": 0.029461097527245902,
        "subsample": 0.9174627886881049,
        "colsample_bytree": 0.8144838968067815,
        "colsample_bylevel": 0.8672113500722916,
        "reg_alpha": 4.0830152832544076e-07,
        "reg_lambda": 0.0002236081847572558,
        "min_child_weight": 4,
        "gamma": 0.0031310077458074704
      },
      "state": "COMPLETE",
      "datetime": "2025-07-03T13:43:40.232904",
      "duration": 21.339044
    },
    {
      "trial_number": 38,
      "value": 0.9597984861142755,
      "params": {
        "n_estimators": 90,
        "max_depth": 4,
        "learning_rate": 0.06625907781148335,
        "subsample": 0.8197958657362212,
        "colsample_bytree": 0.6648151575283396,
        "colsample_bylevel": 0.977576908479762,
        "reg_alpha": 2.1392901435104423e-06,
        "reg_lambda": 8.326588059897983e-08,
        "min_child_weight": 2,
        "gamma": 4.479140738957888e-05
      },
      "state": "COMPLETE",
      "datetime": "2025-07-03T13:44:01.574038",
      "duration": 12.3923
    },
    {
      "trial_number": 39,
      "value": 0.9465329991645781,
      "params": {
        "n_estimators": 80,
        "max_depth": 8,
        "learning_rate": 0.14693231659032294,
        "subsample": 0.9763685060697325,
        "colsample_bytree": 0.7174410783572102,
        "colsample_bylevel": 0.9026287879157242,
        "reg_alpha": 8.557609263185527e-08,
        "reg_lambda": 0.9962934307516206,
        "min_child_weight": 7,
        "gamma": 0.029722056191237828
      },
      "state": "COMPLETE",
      "datetime": "2025-07-03T13:44:13.968327",
      "duration": 1.460164
    },
    {
      "trial_number": 40,
      "value": 0.9531151110098477,
      "params": {
        "n_estimators": 100,
        "max_depth": 2,
        "learning_rate": 0.10114426519777064,
        "subsample": 0.7736389920634441,
        "colsample_bytree": 0.9530917087977354,
        "colsample_bylevel": 0.9349274189922661,
        "reg_alpha": 2.9168363318113692e-08,
        "reg_lambda": 1.4771563688664049e-08,
        "min_child_weight": 1,
        "gamma": 0.00034267548637001514
      },
      "state": "COMPLETE",
      "datetime": "2025-07-03T13:44:15.430447",
      "duration": 1.93525
    },
    {
      "trial_number": 41,
      "value": 0.9597984861142755,
      "params": {
        "n_estimators": 80,
        "max_depth": 6,
        "learning_rate": 0.08068943759959714,
        "subsample": 0.8841732240840099,
        "colsample_bytree": 0.6226677361105848,
        "colsample_bylevel": 0.9975279877143868,
        "reg_alpha": 0.24578638734820643,
        "reg_lambda": 6.077206799399022e-06,
        "min_child_weight": 3,
        "gamma": 0.010075548994278379
      },
      "state": "COMPLETE",
      "datetime": "2025-07-03T13:44:17.366688",
      "duration": 6.636614
    },
    {
      "trial_number": 42,
      "value": 0.9531151110098477,
      "params": {
        "n_estimators": 60,
        "max_depth": 5,
        "learning_rate": 0.046772189821632934,
        "subsample": 0.8485692540661425,
        "colsample_bytree": 0.6035348289464922,
        "colsample_bylevel": 0.9655622838291871,
        "reg_alpha": 0.011790251057156946,
        "reg_lambda": 2.1090478252438153e-05,
        "min_child_weight": 3,
        "gamma": 0.018178675936912473
      },
      "state": "COMPLETE",
      "datetime": "2025-07-03T13:44:24.005312",
      "duration": 11.17023
    },
    {
      "trial_number": 43,
      "value": 0.9597984861142755,
      "params": {
        "n_estimators": 70,
        "max_depth": 6,
        "learning_rate": 0.07157506055403193,
        "subsample": 0.6192049811971279,
        "colsample_bytree": 0.6261108275600484,
        "colsample_bylevel": 0.9992062925899449,
        "reg_alpha": 9.62035698040038e-05,
        "reg_lambda": 1.5535495483713445e-06,
        "min_child_weight": 4,
        "gamma": 1.5726379064093004e-06
      },
      "state": "COMPLETE",
      "datetime": "2025-07-03T13:44:35.176549",
      "duration": 8.893121
    },
    {
      "trial_number": 44,
      "value": 0.9455832093602992,
      "params": {
        "n_estimators": 140,
        "max_depth": 5,
        "learning_rate": 0.118432253485527,
        "subsample": 0.8713472773724003,
        "colsample_bytree": 0.8619733830193603,
        "colsample_bylevel": 0.9828359350821272,
        "reg_alpha": 0.8040130136859738,
        "reg_lambda": 1.9232713800614906e-07,
        "min_child_weight": 3,
        "gamma": 0.04911581933712528
      },
      "state": "COMPLETE",
      "datetime": "2025-07-03T13:44:44.070992",
      "duration": 13.604406
    },
    {
      "trial_number": 45,
      "value": 0.9388998342558713,
      "params": {
        "n_estimators": 80,
        "max_depth": 7,
        "learning_rate": 0.09415520034984075,
        "subsample": 0.9373092699049059,
        "colsample_bytree": 0.6180722172273347,
        "colsample_bylevel": 0.9554747265835459,
        "reg_alpha": 0.0007548333876693469,
        "reg_lambda": 2.5814895923139427e-06,
        "min_child_weight": 5,
        "gamma": 3.3714523729657766
      },
      "state": "COMPLETE",
      "datetime": "2025-07-03T13:44:57.677387",
      "duration": 7.537812
    },
    {
      "trial_number": 46,
      "value": 0.9597984861142755,
      "params": {
        "n_estimators": 90,
        "max_depth": 9,
        "learning_rate": 0.034596235262628686,
        "subsample": 0.894962112396266,
        "colsample_bytree": 0.6374693383819477,
        "colsample_bylevel": 0.9195134644257777,
        "reg_alpha": 5.446940106887128e-06,
        "reg_lambda": 5.32272599726696e-06,
        "min_child_weight": 2,
        "gamma": 0.0025724721339791083
      },
      "state": "COMPLETE",
      "datetime": "2025-07-03T13:45:05.216200",
      "duration": 17.616349
    },
    {
      "trial_number": 47,
      "value": 0.9597984861142755,
      "params": {
        "n_estimators": 110,
        "max_depth": 6,
        "learning_rate": 0.014596202492607022,
        "subsample": 0.8289901619244562,
        "colsample_bytree": 0.6624585808010421,
        "colsample_bylevel": 0.9797543094628601,
        "reg_alpha": 1.282213013458065e-07,
        "reg_lambda": 1.9617992512232247e-05,
        "min_child_weight": 1,
        "gamma": 0.6458944930362788
      },
      "state": "COMPLETE",
      "datetime": "2025-07-03T13:45:22.834594",
      "duration": 7.374655
    },
    {
      "trial_number": 48,
      "value": 0.9464651527809422,
      "params": {
        "n_estimators": 80,
        "max_depth": 8,
        "learning_rate": 0.06910675911980549,
        "subsample": 0.8731180508167331,
        "colsample_bytree": 0.6117057423163803,
        "colsample_bylevel": 0.6303218485408414,
        "reg_alpha": 1.6879828635934606e-08,
        "reg_lambda": 3.119426697553222e-07,
        "min_child_weight": 10,
        "gamma": 0.26739119914471154
      },
      "state": "COMPLETE",
      "datetime": "2025-07-03T13:45:30.210241",
      "duration": 1.447355
    },
    {
      "trial_number": 49,
      "value": 0.9531151110098477,
      "params": {
        "n_estimators": 60,
        "max_depth": 5,
        "learning_rate": 0.0886317258671328,
        "subsample": 0.6481368934826379,
        "colsample_bytree": 0.6965791339108164,
        "colsample_bylevel": 0.6920421343810191,
        "reg_alpha": 0.0002284312339935406,
        "reg_lambda": 0.0001755670613806263,
        "min_child_weight": 9,
        "gamma": 0.014793114391329356
      },
      "state": "COMPLETE",
      "datetime": "2025-07-03T13:45:31.658674",
      "duration": 3.817717
    }
  ],
  "best_cv_scores": [
    0.9665831244778613,
    0.9665831244778613,
    0.9326599326599326,
    1.0,
    0.9333333333333333
  ],
  "best_cv_std": 0.025080367485459092,
  "trials_dataframe": "    number     value             datetime_start  ... user_attrs_cv_std                                  user_attrs_params     state\n0        0  0.959798 2025-07-03 13:36:29.702816  ...          0.039040  {'n_estimators': 90, 'max_depth': 10, 'learnin...  COMPLETE\n1        1  0.946432 2025-07-03 13:36:44.610007  ...          0.026785  {'n_estimators': 50, 'max_depth': 10, 'learnin...  COMPLETE\n2        2  0.953115 2025-07-03 13:36:53.400927  ...          0.034139  {'n_estimators': 110, 'max_depth': 2, 'learnin...  COMPLETE\n3        3  0.932250 2025-07-03 13:37:14.172542  ...          0.030992  {'n_estimators': 110, 'max_depth': 2, 'learnin...  COMPLETE\n4        4  0.953115 2025-07-03 13:37:36.714269  ...          0.034139  {'n_estimators': 60, 'max_depth': 5, 'learning...  COMPLETE\n5        5  0.952806 2025-07-03 13:37:52.720294  ...          0.045818  {'n_estimators': 150, 'max_depth': 8, 'learnin...  COMPLETE\n6        6  0.946533 2025-07-03 13:38:17.784890  ...          0.040100  {'n_estimators': 90, 'max_depth': 3, 'learning...  COMPLETE\n7        7  0.945583 2025-07-03 13:38:30.432296  ...          0.041237  {'n_estimators': 130, 'max_depth': 2, 'learnin...  COMPLETE\n8        8  0.953115 2025-07-03 13:38:56.377876  ...          0.034139  {'n_estimators': 140, 'max_depth': 7, 'learnin...  COMPLETE\n9        9  0.945583 2025-07-03 13:39:09.441506  ...          0.041237  {'n_estimators': 60, 'max_depth': 8, 'learning...  COMPLETE\n10      10  0.946432 2025-07-03 13:39:18.867616  ...          0.026785  {'n_estimators': 80, 'max_depth': 10, 'learnin...  COMPLETE\n11      11  0.945583 2025-07-03 13:39:27.925692  ...          0.041237  {'n_estimators': 110, 'max_depth': 4, 'learnin...  COMPLETE\n12      12  0.959798 2025-07-03 13:39:30.889448  ...          0.039040  {'n_estimators': 120, 'max_depth': 1, 'learnin...  COMPLETE\n13      13  0.959798 2025-07-03 13:39:32.690709  ...          0.039040  {'n_estimators': 80, 'max_depth': 6, 'learning...  COMPLETE\n14      14  0.959798 2025-07-03 13:39:43.232810  ...          0.039040  {'n_estimators': 130, 'max_depth': 1, 'learnin...  COMPLETE\n15      15  0.953115 2025-07-03 13:39:52.775620  ...          0.034139  {'n_estimators': 100, 'max_depth': 5, 'learnin...  COMPLETE\n16      16  0.946465 2025-07-03 13:40:06.300514  ...          0.034106  {'n_estimators': 120, 'max_depth': 9, 'learnin...  COMPLETE\n17      17  0.946465 2025-07-03 13:40:16.388100  ...          0.034106  {'n_estimators': 80, 'max_depth': 6, 'learning...  COMPLETE\n18      18  0.959798 2025-07-03 13:40:22.988563  ...          0.039040  {'n_estimators': 90, 'max_depth': 1, 'learning...  COMPLETE\n19      19  0.953115 2025-07-03 13:40:29.702966  ...          0.034139  {'n_estimators': 100, 'max_depth': 4, 'learnin...  COMPLETE\n20      20  0.938900 2025-07-03 13:40:45.545246  ...          0.033938  {'n_estimators': 130, 'max_depth': 8, 'learnin...  COMPLETE\n21      21  0.953115 2025-07-03 13:40:58.082764  ...          0.034139  {'n_estimators': 70, 'max_depth': 6, 'learning...  COMPLETE\n22      22  0.959832 2025-07-03 13:41:07.987877  ...          0.025080  {'n_estimators': 80, 'max_depth': 7, 'learning...  COMPLETE\n23      23  0.959798 2025-07-03 13:41:19.275618  ...          0.039040  {'n_estimators': 90, 'max_depth': 9, 'learning...  COMPLETE\n24      24  0.952267 2025-07-03 13:41:29.974205  ...          0.046474  {'n_estimators': 100, 'max_depth': 7, 'learnin...  COMPLETE\n25      25  0.959798 2025-07-03 13:41:38.313862  ...          0.039040  {'n_estimators': 70, 'max_depth': 9, 'learning...  COMPLETE\n26      26  0.952267 2025-07-03 13:41:50.060229  ...          0.046474  {'n_estimators': 120, 'max_depth': 7, 'learnin...  COMPLETE\n27      27  0.959832 2025-07-03 13:42:13.011730  ...          0.025080  {'n_estimators': 70, 'max_depth': 4, 'learning...  COMPLETE\n28      28  0.938900 2025-07-03 13:42:22.646683  ...          0.033938  {'n_estimators': 70, 'max_depth': 4, 'learning...  COMPLETE\n29      29  0.946533 2025-07-03 13:42:30.180210  ...          0.040100  {'n_estimators': 50, 'max_depth': 10, 'learnin...  COMPLETE\n30      30  0.959798 2025-07-03 13:42:37.548421  ...          0.039040  {'n_estimators': 50, 'max_depth': 3, 'learning...  COMPLETE\n31      31  0.959798 2025-07-03 13:42:42.771931  ...          0.039040  {'n_estimators': 80, 'max_depth': 3, 'learning...  COMPLETE\n32      32  0.953115 2025-07-03 13:42:52.319099  ...          0.034139  {'n_estimators': 60, 'max_depth': 5, 'learning...  COMPLETE\n33      33  0.953115 2025-07-03 13:43:01.966821  ...          0.034139  {'n_estimators': 90, 'max_depth': 2, 'learning...  COMPLETE\n34      34  0.959798 2025-07-03 13:43:09.913078  ...          0.039040  {'n_estimators': 120, 'max_depth': 1, 'learnin...  COMPLETE\n35      35  0.946465 2025-07-03 13:43:19.344165  ...          0.034106  {'n_estimators': 70, 'max_depth': 3, 'learning...  COMPLETE\n36      36  0.938900 2025-07-03 13:43:27.911200  ...          0.033938  {'n_estimators': 110, 'max_depth': 10, 'learni...  COMPLETE\n37      37  0.952267 2025-07-03 13:43:40.232904  ...          0.046474  {'n_estimators': 150, 'max_depth': 7, 'learnin...  COMPLETE\n38      38  0.959798 2025-07-03 13:44:01.574038  ...          0.039040  {'n_estimators': 90, 'max_depth': 4, 'learning...  COMPLETE\n39      39  0.946533 2025-07-03 13:44:13.968327  ...          0.040100  {'n_estimators': 80, 'max_depth': 8, 'learning...  COMPLETE\n40      40  0.953115 2025-07-03 13:44:15.430447  ...          0.034139  {'n_estimators': 100, 'max_depth': 2, 'learnin...  COMPLETE\n41      41  0.959798 2025-07-03 13:44:17.366688  ...          0.039040  {'n_estimators': 80, 'max_depth': 6, 'learning...  COMPLETE\n42      42  0.953115 2025-07-03 13:44:24.005312  ...          0.034139  {'n_estimators': 60, 'max_depth': 5, 'learning...  COMPLETE\n43      43  0.959798 2025-07-03 13:44:35.176549  ...          0.039040  {'n_estimators': 70, 'max_depth': 6, 'learning...  COMPLETE\n44      44  0.945583 2025-07-03 13:44:44.070992  ...          0.041237  {'n_estimators': 140, 'max_depth': 5, 'learnin...  COMPLETE\n45      45  0.938900 2025-07-03 13:44:57.677387  ...          0.033938  {'n_estimators': 80, 'max_depth': 7, 'learning...  COMPLETE\n46      46  0.959798 2025-07-03 13:45:05.216200  ...          0.039040  {'n_estimators': 90, 'max_depth': 9, 'learning...  COMPLETE\n47      47  0.959798 2025-07-03 13:45:22.834594  ...          0.039040  {'n_estimators': 110, 'max_depth': 6, 'learnin...  COMPLETE\n48      48  0.946465 2025-07-03 13:45:30.210241  ...          0.034106  {'n_estimators': 80, 'max_depth': 8, 'learning...  COMPLETE\n49      49  0.953115 2025-07-03 13:45:31.658674  ...          0.034139  {'n_estimators': 60, 'max_depth': 5, 'learning...  COMPLETE\n\n[50 rows x 19 columns]",
  "parameter_ranges": {
    "n_estimators": {
      "range": [
        50,
        150
      ],
      "step": 10,
      "description": "Number of boosting rounds (trees) in the ensemble"
    },
    "max_depth": {
      "range": [
        1,
        10
      ],
      "step": 1,
      "description": "Maximum depth of each tree in the ensemble"
    },
    "learning_rate": {
      "range": [
        0.01,
        0.3
      ],
      "scale": "log",
      "description": "Step size shrinkage to prevent overfitting"
    },
    "subsample": {
      "range": [
        0.6,
        1.0
      ],
      "scale": "linear",
      "description": "Fraction of samples used for training each tree"
    },
    "colsample_bytree": {
      "range": [
        0.6,
        1.0
      ],
      "scale": "linear",
      "description": "Fraction of features used for training each tree"
    },
    "colsample_bylevel": {
      "range": [
        0.6,
        1.0
      ],
      "scale": "linear",
      "description": "Fraction of features used for each level in each tree"
    },
    "reg_alpha": {
      "range": [
        1e-08,
        10.0
      ],
      "scale": "log",
      "description": "L1 regularization term on weights (Lasso regularization)"
    },
    "reg_lambda": {
      "range": [
        1e-08,
        10.0
      ],
      "scale": "log",
      "description": "L2 regularization term on weights (Ridge regularization)"
    },
    "min_child_weight": {
      "range": [
        1,
        10
      ],
      "step": 1,
      "description": "Minimum sum of instance weight needed in a child node"
    },
    "gamma": {
      "range": [
        1e-08,
        10.0
      ],
      "scale": "log",
      "description": "Minimum loss reduction required to make a split"
    }
  }
}