{
  "best_params": {
    "n_estimators": 120,
    "max_depth": 8,
    "learning_rate": 0.12063708032289532,
    "subsample": 0.9229611082285573,
    "colsample_bytree": 0.8653670933226423,
    "colsample_bylevel": 0.8207392351206054,
    "reg_alpha": 0.0017280360087026541,
    "reg_lambda": 5.727610210730943e-06,
    "min_child_weight": 7,
    "gamma": 0.002202824091410361
  },
  "best_score": -0.26402564817860474,
  "best_trial_number": 41,
  "n_trials": 50,
  "n_completed_trials": 50,
  "task_type": "regression",
  "sampler_type": "TPE",
  "optimization_history": [
    {
      "trial_number": 0,
      "value": -0.40832163674547955,
      "params": {
        "n_estimators": 90,
        "max_depth": 10,
        "learning_rate": 0.1205712628744377,
        "subsample": 0.8394633936788146,
        "colsample_bytree": 0.6624074561769746,
        "colsample_bylevel": 0.662397808134481,
        "reg_alpha": 3.3323645788192616e-08,
        "reg_lambda": 0.6245760287469893,
        "min_child_weight": 7,
        "gamma": 0.023585940584142682
      },
      "state": "COMPLETE",
      "datetime": "2025-07-03T13:03:23.788591",
      "duration": 4.000245
    },
    {
      "trial_number": 1,
      "value": -0.4253144856671211,
      "params": {
        "n_estimators": 50,
        "max_depth": 10,
        "learning_rate": 0.16967533607196555,
        "subsample": 0.6849356442713105,
        "colsample_bytree": 0.6727299868828402,
        "colsample_bylevel": 0.6733618039413735,
        "reg_alpha": 5.472429642032198e-06,
        "reg_lambda": 0.00052821153945323,
        "min_child_weight": 5,
        "gamma": 4.17890272377219e-06
      },
      "state": "COMPLETE",
      "datetime": "2025-07-03T13:03:27.790345",
      "duration": 2.938631
    },
    {
      "trial_number": 2,
      "value": -0.5352104624916794,
      "params": {
        "n_estimators": 110,
        "max_depth": 2,
        "learning_rate": 0.027010527749605478,
        "subsample": 0.7465447373174767,
        "colsample_bytree": 0.7824279936868144,
        "colsample_bylevel": 0.9140703845572055,
        "reg_alpha": 6.267062696005991e-07,
        "reg_lambda": 0.00042472707398058225,
        "min_child_weight": 6,
        "gamma": 2.6185068507773707e-08
      },
      "state": "COMPLETE",
      "datetime": "2025-07-03T13:03:30.728976",
      "duration": 8.134471
    },
    {
      "trial_number": 3,
      "value": -0.5954627456503483,
      "params": {
        "n_estimators": 110,
        "max_depth": 2,
        "learning_rate": 0.012476394272569451,
        "subsample": 0.9795542149013333,
        "colsample_bytree": 0.9862528132298237,
        "colsample_bylevel": 0.9233589392465844,
        "reg_alpha": 5.514725787121931e-06,
        "reg_lambda": 7.569183361880229e-08,
        "min_child_weight": 7,
        "gamma": 9.148975058772307e-05
      },
      "state": "COMPLETE",
      "datetime": "2025-07-03T13:03:38.868770",
      "duration": 8.993195
    },
    {
      "trial_number": 4,
      "value": -0.6342398653472493,
      "params": {
        "n_estimators": 60,
        "max_depth": 5,
        "learning_rate": 0.011240768803005551,
        "subsample": 0.9637281608315128,
        "colsample_bytree": 0.7035119926400067,
        "colsample_bylevel": 0.8650089137415928,
        "reg_alpha": 6.388511557344611e-06,
        "reg_lambda": 0.0004793052550782129,
        "min_child_weight": 6,
        "gamma": 4.609885087947832e-07
      },
      "state": "COMPLETE",
      "datetime": "2025-07-03T13:03:47.866379",
      "duration": 9.548242
    },
    {
      "trial_number": 5,
      "value": -0.31029593939769684,
      "params": {
        "n_estimators": 150,
        "max_depth": 8,
        "learning_rate": 0.24420460844911424,
        "subsample": 0.9579309401710595,
        "colsample_bytree": 0.8391599915244341,
        "colsample_bylevel": 0.9687496940092467,
        "reg_alpha": 6.257956190096665e-08,
        "reg_lambda": 5.805581976088804e-07,
        "min_child_weight": 1,
        "gamma": 8.471746987003668e-06
      },
      "state": "COMPLETE",
      "datetime": "2025-07-03T13:03:57.418893",
      "duration": 39.176634
    },
    {
      "trial_number": 6,
      "value": -0.5087519221380598,
      "params": {
        "n_estimators": 90,
        "max_depth": 3,
        "learning_rate": 0.16755052359850303,
        "subsample": 0.7427013306774357,
        "colsample_bytree": 0.7123738038749523,
        "colsample_bylevel": 0.8170784332632994,
        "reg_alpha": 1.8548894229694903e-07,
        "reg_lambda": 0.16587190283399655,
        "min_child_weight": 1,
        "gamma": 7.620481786158549
      },
      "state": "COMPLETE",
      "datetime": "2025-07-03T13:04:36.599664",
      "duration": 6.684075
    },
    {
      "trial_number": 7,
      "value": -0.5985048486064055,
      "params": {
        "n_estimators": 130,
        "max_depth": 2,
        "learning_rate": 0.010189592979395137,
        "subsample": 0.9261845713819337,
        "colsample_bytree": 0.8827429375390468,
        "colsample_bylevel": 0.8916028672163949,
        "reg_alpha": 0.08738424135626986,
        "reg_lambda": 4.638759594322625e-08,
        "min_child_weight": 4,
        "gamma": 1.1036250149900698e-07
      },
      "state": "COMPLETE",
      "datetime": "2025-07-03T13:04:43.287861",
      "duration": 10.259505
    },
    {
      "trial_number": 8,
      "value": -0.43227118368679296,
      "params": {
        "n_estimators": 140,
        "max_depth": 7,
        "learning_rate": 0.030816017044468066,
        "subsample": 0.6254233401144095,
        "colsample_bytree": 0.7243929286862649,
        "colsample_bylevel": 0.7300733288106989,
        "reg_alpha": 0.036851536911881845,
        "reg_lambda": 0.005470376807480391,
        "min_child_weight": 9,
        "gamma": 0.0001778010520878397
      },
      "state": "COMPLETE",
      "datetime": "2025-07-03T13:04:53.551581",
      "duration": 28.582728
    },
    {
      "trial_number": 9,
      "value": -0.3014325266125701,
      "params": {
        "n_estimators": 60,
        "max_depth": 8,
        "learning_rate": 0.13297554090738672,
        "subsample": 0.8245108790277985,
        "colsample_bytree": 0.9083868719818244,
        "colsample_bylevel": 0.7975182385457563,
        "reg_alpha": 0.0005065186776865479,
        "reg_lambda": 7.04480806377519e-05,
        "min_child_weight": 1,
        "gamma": 9.354548757337708e-08
      },
      "state": "COMPLETE",
      "datetime": "2025-07-03T13:05:22.138384",
      "duration": 17.040238
    },
    {
      "trial_number": 10,
      "value": -0.32834884603807724,
      "params": {
        "n_estimators": 70,
        "max_depth": 5,
        "learning_rate": 0.07955798569352589,
        "subsample": 0.8559192772506939,
        "colsample_bytree": 0.9568478358759311,
        "colsample_bylevel": 0.7570274592606949,
        "reg_alpha": 0.0009327366933736902,
        "reg_lambda": 3.9951522674461425e-06,
        "min_child_weight": 3,
        "gamma": 0.01036771407033351
      },
      "state": "COMPLETE",
      "datetime": "2025-07-03T13:05:39.180626",
      "duration": 11.564348
    },
    {
      "trial_number": 11,
      "value": -0.31959987780579496,
      "params": {
        "n_estimators": 150,
        "max_depth": 8,
        "learning_rate": 0.25502056696239767,
        "subsample": 0.904093180089808,
        "colsample_bytree": 0.8560191441870574,
        "colsample_bylevel": 0.9760778024672048,
        "reg_alpha": 0.000599958321451196,
        "reg_lambda": 1.7912366914369137e-06,
        "min_child_weight": 1,
        "gamma": 4.805653261658784e-06
      },
      "state": "COMPLETE",
      "datetime": "2025-07-03T13:05:50.750484",
      "duration": 40.350077
    },
    {
      "trial_number": 12,
      "value": -0.27318925880752953,
      "params": {
        "n_estimators": 80,
        "max_depth": 8,
        "learning_rate": 0.29283225933783363,
        "subsample": 0.7984165248678857,
        "colsample_bytree": 0.9028503248702485,
        "colsample_bylevel": 0.8062141176772979,
        "reg_alpha": 2.125206348660186,
        "reg_lambda": 3.841105485827389e-06,
        "min_child_weight": 2,
        "gamma": 1.1415897581582742e-08
      },
      "state": "COMPLETE",
      "datetime": "2025-07-03T13:06:31.104606",
      "duration": 19.467793
    },
    {
      "trial_number": 13,
      "value": -0.33925236268573566,
      "params": {
        "n_estimators": 70,
        "max_depth": 7,
        "learning_rate": 0.08163321221267114,
        "subsample": 0.7867305142865646,
        "colsample_bytree": 0.9191979476316068,
        "colsample_bylevel": 0.8001086602508453,
        "reg_alpha": 6.177198275729326,
        "reg_lambda": 2.0189036707279082e-05,
        "min_child_weight": 3,
        "gamma": 1.0352630368012753e-08
      },
      "state": "COMPLETE",
      "datetime": "2025-07-03T13:06:50.576744",
      "duration": 7.702664
    },
    {
      "trial_number": 14,
      "value": -0.3155541666925476,
      "params": {
        "n_estimators": 80,
        "max_depth": 9,
        "learning_rate": 0.2827580032070467,
        "subsample": 0.8266383754497381,
        "colsample_bytree": 0.7889287846668807,
        "colsample_bylevel": 0.7425884906674535,
        "reg_alpha": 8.609951394318259,
        "reg_lambda": 3.174672559290824e-05,
        "min_child_weight": 3,
        "gamma": 5.024387530678737e-07
      },
      "state": "COMPLETE",
      "datetime": "2025-07-03T13:06:58.283651",
      "duration": 13.168375
    },
    {
      "trial_number": 15,
      "value": -0.40545625741288893,
      "params": {
        "n_estimators": 60,
        "max_depth": 6,
        "learning_rate": 0.1331003690300412,
        "subsample": 0.7545570407398019,
        "colsample_bytree": 0.6018960478612356,
        "colsample_bylevel": 0.6083654265933616,
        "reg_alpha": 0.05366501989139503,
        "reg_lambda": 0.01146690242205455,
        "min_child_weight": 2,
        "gamma": 1.2695361137933224e-08
      },
      "state": "COMPLETE",
      "datetime": "2025-07-03T13:07:11.452026",
      "duration": 8.644162
    },
    {
      "trial_number": 16,
      "value": -0.3265900144399991,
      "params": {
        "n_estimators": 50,
        "max_depth": 8,
        "learning_rate": 0.07020614274333374,
        "subsample": 0.8679083694332411,
        "colsample_bytree": 0.9266199801530757,
        "colsample_bylevel": 0.8462239536240762,
        "reg_alpha": 0.4609528194477763,
        "reg_lambda": 3.084780175572217e-05,
        "min_child_weight": 10,
        "gamma": 0.00443382389454353
      },
      "state": "COMPLETE",
      "datetime": "2025-07-03T13:07:20.096188",
      "duration": 10.53506
    },
    {
      "trial_number": 17,
      "value": -0.38816788894149484,
      "params": {
        "n_estimators": 100,
        "max_depth": 4,
        "learning_rate": 0.04263494650162085,
        "subsample": 0.6909346424327554,
        "colsample_bytree": 0.8835984208835822,
        "colsample_bylevel": 0.7730982444721965,
        "reg_alpha": 0.002737959031998056,
        "reg_lambda": 3.4209876534185466e-07,
        "min_child_weight": 2,
        "gamma": 2.877840156819803e-07
      },
      "state": "COMPLETE",
      "datetime": "2025-07-03T13:07:30.631248",
      "duration": 10.270839
    },
    {
      "trial_number": 18,
      "value": -0.3379884815756435,
      "params": {
        "n_estimators": 80,
        "max_depth": 9,
        "learning_rate": 0.1845148967324183,
        "subsample": 0.7870843198048441,
        "colsample_bytree": 0.9965108784574399,
        "colsample_bylevel": 0.6984319676440948,
        "reg_alpha": 6.420732065687589e-05,
        "reg_lambda": 0.004939392464663177,
        "min_child_weight": 4,
        "gamma": 0.6516929730856246
      },
      "state": "COMPLETE",
      "datetime": "2025-07-03T13:07:40.902087",
      "duration": 6.989723
    },
    {
      "trial_number": 19,
      "value": -0.29866320961287496,
      "params": {
        "n_estimators": 70,
        "max_depth": 6,
        "learning_rate": 0.10547977564778718,
        "subsample": 0.8910149050713664,
        "colsample_bytree": 0.8154394378371652,
        "colsample_bylevel": 0.8401948018881014,
        "reg_alpha": 0.0060656372215304065,
        "reg_lambda": 6.7891871542277356,
        "min_child_weight": 2,
        "gamma": 2.7152322073635252e-05
      },
      "state": "COMPLETE",
      "datetime": "2025-07-03T13:07:47.893815",
      "duration": 11.098234
    },
    {
      "trial_number": 20,
      "value": -0.30234751564965745,
      "params": {
        "n_estimators": 120,
        "max_depth": 6,
        "learning_rate": 0.04886433792651695,
        "subsample": 0.8848803107436978,
        "colsample_bytree": 0.8199093674571643,
        "colsample_bylevel": 0.8467286452846505,
        "reg_alpha": 0.6877157925744026,
        "reg_lambda": 0.07514938324106057,
        "min_child_weight": 4,
        "gamma": 0.0014328796526447795
      },
      "state": "COMPLETE",
      "datetime": "2025-07-03T13:07:58.996057",
      "duration": 17.78483
    },
    {
      "trial_number": 21,
      "value": -0.27658914661054324,
      "params": {
        "n_estimators": 70,
        "max_depth": 7,
        "learning_rate": 0.10431718595874888,
        "subsample": 0.8073770665030328,
        "colsample_bytree": 0.909650942563395,
        "colsample_bylevel": 0.7883584263917432,
        "reg_alpha": 0.005050982687929694,
        "reg_lambda": 7.2767878838396e-05,
        "min_child_weight": 2,
        "gamma": 1.9982458273344826e-05
      },
      "state": "COMPLETE",
      "datetime": "2025-07-03T13:08:16.784960",
      "duration": 13.194074
    },
    {
      "trial_number": 22,
      "value": -0.2837381935133308,
      "params": {
        "n_estimators": 80,
        "max_depth": 7,
        "learning_rate": 0.09689026265066247,
        "subsample": 0.9072071559144794,
        "colsample_bytree": 0.784470702307805,
        "colsample_bylevel": 0.824627602486141,
        "reg_alpha": 0.005496255501643197,
        "reg_lambda": 9.879192474391198,
        "min_child_weight": 2,
        "gamma": 3.548525072653729e-05
      },
      "state": "COMPLETE",
      "datetime": "2025-07-03T13:08:29.979034",
      "duration": 13.835815
    },
    {
      "trial_number": 23,
      "value": -0.29454415302552767,
      "params": {
        "n_estimators": 90,
        "max_depth": 7,
        "learning_rate": 0.059278623460241556,
        "subsample": 0.9243986919536844,
        "colsample_bytree": 0.7542822516519709,
        "colsample_bylevel": 0.7152846971758696,
        "reg_alpha": 6.138292386956088e-05,
        "reg_lambda": 4.552449703384803,
        "min_child_weight": 2,
        "gamma": 0.0003741611014640222
      },
      "state": "COMPLETE",
      "datetime": "2025-07-03T13:08:43.818854",
      "duration": 15.506876
    },
    {
      "trial_number": 24,
      "value": -0.33640374558623537,
      "params": {
        "n_estimators": 80,
        "max_depth": 7,
        "learning_rate": 0.03753842814905028,
        "subsample": 0.7080137817054258,
        "colsample_bytree": 0.9532064122305618,
        "colsample_bylevel": 0.7756406904228301,
        "reg_alpha": 0.008305370642207642,
        "reg_lambda": 1.1856056747940277e-05,
        "min_child_weight": 3,
        "gamma": 0.07296126321558641
      },
      "state": "COMPLETE",
      "datetime": "2025-07-03T13:08:59.325730",
      "duration": 14.106268
    },
    {
      "trial_number": 25,
      "value": -0.38904020276153434,
      "params": {
        "n_estimators": 100,
        "max_depth": 9,
        "learning_rate": 0.01969400900899623,
        "subsample": 0.8065203998226256,
        "colsample_bytree": 0.8618346414731409,
        "colsample_bylevel": 0.8828582801863146,
        "reg_alpha": 0.3128660200488964,
        "reg_lambda": 1.1236585126979821e-08,
        "min_child_weight": 5,
        "gamma": 1.5707250209768394e-06
      },
      "state": "COMPLETE",
      "datetime": "2025-07-03T13:09:13.436105",
      "duration": 22.539791
    },
    {
      "trial_number": 26,
      "value": -0.31977679960980415,
      "params": {
        "n_estimators": 80,
        "max_depth": 4,
        "learning_rate": 0.20341991124644596,
        "subsample": 0.6426057636939899,
        "colsample_bytree": 0.7657724769815869,
        "colsample_bylevel": 0.81144645662038,
        "reg_alpha": 1.5359624250550208,
        "reg_lambda": 0.00021518668685010907,
        "min_child_weight": 2,
        "gamma": 4.0015668451015035e-05
      },
      "state": "COMPLETE",
      "datetime": "2025-07-03T13:09:35.975896",
      "duration": 7.705453
    },
    {
      "trial_number": 27,
      "value": -0.2838350337188337,
      "params": {
        "n_estimators": 70,
        "max_depth": 7,
        "learning_rate": 0.08250220209943013,
        "subsample": 0.7914634772465107,
        "colsample_bytree": 0.8828247025481977,
        "colsample_bylevel": 0.7789842153862707,
        "reg_alpha": 0.00010629065651767505,
        "reg_lambda": 0.0020302052968197712,
        "min_child_weight": 4,
        "gamma": 0.0006143202836959078
      },
      "state": "COMPLETE",
      "datetime": "2025-07-03T13:09:43.685479",
      "duration": 13.210301
    },
    {
      "trial_number": 28,
      "value": -0.30546473606672364,
      "params": {
        "n_estimators": 90,
        "max_depth": 5,
        "learning_rate": 0.10388607494380847,
        "subsample": 0.9977419643648568,
        "colsample_bytree": 0.9415025604559948,
        "colsample_bylevel": 0.8290573171873398,
        "reg_alpha": 0.022219520408428943,
        "reg_lambda": 4.9193821708036574e-06,
        "min_child_weight": 3,
        "gamma": 2.6955871603608083e-05
      },
      "state": "COMPLETE",
      "datetime": "2025-07-03T13:09:56.900010",
      "duration": 19.450054
    },
    {
      "trial_number": 29,
      "value": -0.2867173218822988,
      "params": {
        "n_estimators": 100,
        "max_depth": 10,
        "learning_rate": 0.10804580595010911,
        "subsample": 0.8472579739221447,
        "colsample_bytree": 0.8390259308557868,
        "colsample_bylevel": 0.6306736610228207,
        "reg_alpha": 0.002534567531751268,
        "reg_lambda": 0.03602734314390342,
        "min_child_weight": 8,
        "gamma": 1.559980221295366e-06
      },
      "state": "COMPLETE",
      "datetime": "2025-07-03T13:10:16.354177",
      "duration": 6.587108
    },
    {
      "trial_number": 30,
      "value": -0.3218866101867202,
      "params": {
        "n_estimators": 60,
        "max_depth": 9,
        "learning_rate": 0.06109858189233412,
        "subsample": 0.7667989049280587,
        "colsample_bytree": 0.9700524226296127,
        "colsample_bylevel": 0.6834215358507345,
        "reg_alpha": 0.13277988644065064,
        "reg_lambda": 0.23458357103712515,
        "min_child_weight": 1,
        "gamma": 0.08046705533670483
      },
      "state": "COMPLETE",
      "datetime": "2025-07-03T13:10:22.941285",
      "duration": 2.997924
    },
    {
      "trial_number": 31,
      "value": -0.2851881269506426,
      "params": {
        "n_estimators": 70,
        "max_depth": 7,
        "learning_rate": 0.08432568890439449,
        "subsample": 0.8229374997338615,
        "colsample_bytree": 0.8989066397793074,
        "colsample_bylevel": 0.7775522868720129,
        "reg_alpha": 0.00011754721898229878,
        "reg_lambda": 1.180688036489309,
        "min_child_weight": 4,
        "gamma": 0.0006638982851707981
      },
      "state": "COMPLETE",
      "datetime": "2025-07-03T13:10:25.939209",
      "duration": 10.011783
    },
    {
      "trial_number": 32,
      "value": -0.2796727213611837,
      "params": {
        "n_estimators": 80,
        "max_depth": 6,
        "learning_rate": 0.1429911825016338,
        "subsample": 0.7147431256905022,
        "colsample_bytree": 0.8751501050325257,
        "colsample_bylevel": 0.7560709600034037,
        "reg_alpha": 3.3453411437873415e-05,
        "reg_lambda": 0.0029432017912878624,
        "min_child_weight": 5,
        "gamma": 0.002527012259109549
      },
      "state": "COMPLETE",
      "datetime": "2025-07-03T13:10:35.950992",
      "duration": 11.626715
    },
    {
      "trial_number": 33,
      "value": -0.283963211320181,
      "params": {
        "n_estimators": 80,
        "max_depth": 6,
        "learning_rate": 0.1419501883871894,
        "subsample": 0.7109827546320847,
        "colsample_bytree": 0.8036198634671214,
        "colsample_bylevel": 0.7493993867798768,
        "reg_alpha": 3.3959464504774184e-06,
        "reg_lambda": 0.0001405830861491587,
        "min_child_weight": 7,
        "gamma": 0.0035478837333012825
      },
      "state": "COMPLETE",
      "datetime": "2025-07-03T13:10:47.577707",
      "duration": 11.802285
    },
    {
      "trial_number": 34,
      "value": -0.3183273616265259,
      "params": {
        "n_estimators": 50,
        "max_depth": 8,
        "learning_rate": 0.2214191931770848,
        "subsample": 0.722788215603629,
        "colsample_bytree": 0.8593819164904486,
        "colsample_bylevel": 0.652895707942404,
        "reg_alpha": 1.6864699202046623e-05,
        "reg_lambda": 0.0010711501225612228,
        "min_child_weight": 5,
        "gamma": 0.06106376166345074
      },
      "state": "COMPLETE",
      "datetime": "2025-07-03T13:10:59.379992",
      "duration": 8.671628
    },
    {
      "trial_number": 35,
      "value": -0.5461713057792945,
      "params": {
        "n_estimators": 90,
        "max_depth": 1,
        "learning_rate": 0.16204567035959488,
        "subsample": 0.6586689892222423,
        "colsample_bytree": 0.7551524508134969,
        "colsample_bylevel": 0.7195331111227534,
        "reg_alpha": 1.280952755593615e-06,
        "reg_lambda": 1.2768008214031767,
        "min_child_weight": 6,
        "gamma": 1.8862209373903126e-05
      },
      "state": "COMPLETE",
      "datetime": "2025-07-03T13:11:08.055635",
      "duration": 3.612937
    },
    {
      "trial_number": 36,
      "value": -0.33444925295600625,
      "params": {
        "n_estimators": 110,
        "max_depth": 4,
        "learning_rate": 0.09799409065674669,
        "subsample": 0.6750780940601064,
        "colsample_bytree": 0.8352975516470833,
        "colsample_bylevel": 0.9067293547479934,
        "reg_alpha": 2.0097801129817488e-05,
        "reg_lambda": 3.406209882870145e-07,
        "min_child_weight": 8,
        "gamma": 0.0198353068617565
      },
      "state": "COMPLETE",
      "datetime": "2025-07-03T13:11:11.668572",
      "duration": 11.144458
    },
    {
      "trial_number": 37,
      "value": -0.2890578038735084,
      "params": {
        "n_estimators": 80,
        "max_depth": 6,
        "learning_rate": 0.2974053007288466,
        "subsample": 0.730374310785445,
        "colsample_bytree": 0.9382996805566486,
        "colsample_bylevel": 0.9399656239604387,
        "reg_alpha": 1.0305050066959539e-08,
        "reg_lambda": 1.3849631575440196e-06,
        "min_child_weight": 2,
        "gamma": 9.073378375568791e-05
      },
      "state": "COMPLETE",
      "datetime": "2025-07-03T13:11:22.817049",
      "duration": 12.154206
    },
    {
      "trial_number": 38,
      "value": -0.3245964299683614,
      "params": {
        "n_estimators": 90,
        "max_depth": 5,
        "learning_rate": 0.14553791227870969,
        "subsample": 0.7710577326469937,
        "colsample_bytree": 0.9050378963544949,
        "colsample_bylevel": 0.8687290296014547,
        "reg_alpha": 0.009026745585985218,
        "reg_lambda": 0.0007087621199460854,
        "min_child_weight": 5,
        "gamma": 0.29814305178538797
      },
      "state": "COMPLETE",
      "datetime": "2025-07-03T13:11:34.974204",
      "duration": 7.406112
    },
    {
      "trial_number": 39,
      "value": -0.40402129358297845,
      "params": {
        "n_estimators": 60,
        "max_depth": 10,
        "learning_rate": 0.19480641981383448,
        "subsample": 0.6090746608505337,
        "colsample_bytree": 0.6825588218536053,
        "colsample_bylevel": 0.7949902031754983,
        "reg_alpha": 2.0785148101863182,
        "reg_lambda": 9.253896370984001e-05,
        "min_child_weight": 1,
        "gamma": 6.875999554804995e-08
      },
      "state": "COMPLETE",
      "datetime": "2025-07-03T13:11:42.382318",
      "duration": 10.564498
    },
    {
      "trial_number": 40,
      "value": -0.27203824860765463,
      "params": {
        "n_estimators": 110,
        "max_depth": 8,
        "learning_rate": 0.12248385741850448,
        "subsample": 0.9418098012315016,
        "colsample_bytree": 0.8695348946232778,
        "colsample_bylevel": 0.8265913607276076,
        "reg_alpha": 0.0016662237060087201,
        "reg_lambda": 8.344307506322951e-06,
        "min_child_weight": 6,
        "gamma": 0.00018953952408521583
      },
      "state": "COMPLETE",
      "datetime": "2025-07-03T13:11:52.946816",
      "duration": 21.552763
    },
    {
      "trial_number": 41,
      "value": -0.26402564817860474,
      "params": {
        "n_estimators": 120,
        "max_depth": 8,
        "learning_rate": 0.12063708032289532,
        "subsample": 0.9229611082285573,
        "colsample_bytree": 0.8653670933226423,
        "colsample_bylevel": 0.8207392351206054,
        "reg_alpha": 0.0017280360087026541,
        "reg_lambda": 5.727610210730943e-06,
        "min_child_weight": 7,
        "gamma": 0.002202824091410361
      },
      "state": "COMPLETE",
      "datetime": "2025-07-03T13:12:14.499579",
      "duration": 25.297508
    },
    {
      "trial_number": 42,
      "value": -0.26663783657676116,
      "params": {
        "n_estimators": 120,
        "max_depth": 8,
        "learning_rate": 0.12092768218025787,
        "subsample": 0.9606922720295075,
        "colsample_bytree": 0.8750482611623617,
        "colsample_bylevel": 0.8565810078832098,
        "reg_alpha": 0.0002718699829678162,
        "reg_lambda": 4.364762735619915e-06,
        "min_child_weight": 7,
        "gamma": 0.0019051527837982214
      },
      "state": "COMPLETE",
      "datetime": "2025-07-03T13:12:39.797087",
      "duration": 23.817267
    },
    {
      "trial_number": 43,
      "value": -0.268833788933879,
      "params": {
        "n_estimators": 120,
        "max_depth": 8,
        "learning_rate": 0.12030906880041646,
        "subsample": 0.9554452515916712,
        "colsample_bytree": 0.9082210874013193,
        "colsample_bylevel": 0.8644572186673566,
        "reg_alpha": 0.000312400678497326,
        "reg_lambda": 5.3226866103170345e-06,
        "min_child_weight": 7,
        "gamma": 0.0002561288598109377
      },
      "state": "COMPLETE",
      "datetime": "2025-07-03T13:13:03.614354",
      "duration": 26.502565
    },
    {
      "trial_number": 44,
      "value": -0.2711281557118294,
      "params": {
        "n_estimators": 130,
        "max_depth": 8,
        "learning_rate": 0.167170971940624,
        "subsample": 0.9568525007081592,
        "colsample_bytree": 0.8931951785674701,
        "colsample_bylevel": 0.8635234089568576,
        "reg_alpha": 0.0002686559779798498,
        "reg_lambda": 1.0307377068114657e-07,
        "min_child_weight": 8,
        "gamma": 0.00013749647779970776
      },
      "state": "COMPLETE",
      "datetime": "2025-07-03T13:13:30.121053",
      "duration": 12.873497
    },
    {
      "trial_number": 45,
      "value": -0.26622448722037373,
      "params": {
        "n_estimators": 130,
        "max_depth": 9,
        "learning_rate": 0.12082466761319412,
        "subsample": 0.9547003741853684,
        "colsample_bytree": 0.8661941127857827,
        "colsample_bylevel": 0.8645518615157449,
        "reg_alpha": 0.00023932329576464338,
        "reg_lambda": 7.43902214751984e-08,
        "min_child_weight": 7,
        "gamma": 0.00014558903004299043
      },
      "state": "COMPLETE",
      "datetime": "2025-07-03T13:13:42.999590",
      "duration": 9.38219
    },
    {
      "trial_number": 46,
      "value": -0.2688527022004191,
      "params": {
        "n_estimators": 130,
        "max_depth": 9,
        "learning_rate": 0.16529069575112912,
        "subsample": 0.9530786058917288,
        "colsample_bytree": 0.8445126575279349,
        "colsample_bylevel": 0.9413843248141488,
        "reg_alpha": 0.000252323320712236,
        "reg_lambda": 9.248639186732942e-08,
        "min_child_weight": 7,
        "gamma": 9.585817549071231e-05
      },
      "state": "COMPLETE",
      "datetime": "2025-07-03T13:13:52.381780",
      "duration": 14.812674
    },
    {
      "trial_number": 47,
      "value": -0.27585902235798454,
      "params": {
        "n_estimators": 130,
        "max_depth": 9,
        "learning_rate": 0.23351498587381564,
        "subsample": 0.9802729386093817,
        "colsample_bytree": 0.8543918727320651,
        "colsample_bylevel": 0.9499706844386188,
        "reg_alpha": 0.0002459279940935282,
        "reg_lambda": 3.139195175505941e-08,
        "min_child_weight": 7,
        "gamma": 0.0009884768856544329
      },
      "state": "COMPLETE",
      "datetime": "2025-07-03T13:14:07.194454",
      "duration": 11.402013
    },
    {
      "trial_number": 48,
      "value": -0.272603185194208,
      "params": {
        "n_estimators": 140,
        "max_depth": 10,
        "learning_rate": 0.12332976565300682,
        "subsample": 0.9379688091355297,
        "colsample_bytree": 0.8262631059220635,
        "colsample_bylevel": 0.9047959292773671,
        "reg_alpha": 0.0009947913090130442,
        "reg_lambda": 1.541442895613807e-07,
        "min_child_weight": 7,
        "gamma": 0.010241191778163227
      },
      "state": "COMPLETE",
      "datetime": "2025-07-03T13:14:18.600586",
      "duration": 26.020616
    },
    {
      "trial_number": 49,
      "value": -0.27065210547498136,
      "params": {
        "n_estimators": 120,
        "max_depth": 9,
        "learning_rate": 0.0723292586236355,
        "subsample": 0.9734525941925364,
        "colsample_bytree": 0.8418255003565187,
        "colsample_bylevel": 0.9339319751394617,
        "reg_alpha": 0.00048256120520619395,
        "reg_lambda": 9.269826386777862e-07,
        "min_child_weight": 9,
        "gamma": 0.0003140422182563749
      },
      "state": "COMPLETE",
      "datetime": "2025-07-03T13:14:44.625337",
      "duration": 26.788024
    }
  ],
  "best_cv_scores": [
    -0.2747632009434122,
    -0.2648955551291554,
    -0.2547684407857214,
    -0.2668718742702737,
    -0.2588291697644611
  ],
  "best_cv_std": 0.006882616610970759,
  "trials_dataframe": "    number     value             datetime_start          datetime_complete               duration  params_colsample_bylevel  ...  params_reg_lambda  params_subsample                               user_attrs_cv_scores  user_attrs_cv_std                                  user_attrs_params     state\n0        0 -0.408322 2025-07-03 13:03:23.788591 2025-07-03 13:03:27.788836 0 days 00:00:04.000245                  0.662398  ...       6.245760e-01          0.839463  [-0.43263843262399654, -0.4077984481002104, -0...           0.016159  {'n_estimators': 90, 'max_depth': 10, 'learnin...  COMPLETE\n1        1 -0.425314 2025-07-03 13:03:27.790345 2025-07-03 13:03:30.728976 0 days 00:00:02.938631                  0.673362  ...       5.282115e-04          0.684936  [-0.44117867968940355, -0.4429267231225808, -0...           0.015295  {'n_estimators': 50, 'max_depth': 10, 'learnin...  COMPLETE\n2        2 -0.535210 2025-07-03 13:03:30.728976 2025-07-03 13:03:38.863447 0 days 00:00:08.134471                  0.914070  ...       4.247271e-04          0.746545  [-0.5514369310470404, -0.5315235565451272, -0....           0.014726  {'n_estimators': 110, 'max_depth': 2, 'learnin...  COMPLETE\n3        3 -0.595463 2025-07-03 13:03:38.868770 2025-07-03 13:03:47.861965 0 days 00:00:08.993195                  0.923359  ...       7.569183e-08          0.979554  [-0.6254706999666266, -0.5791485033820768, -0....           0.018959  {'n_estimators': 110, 'max_depth': 2, 'learnin...  COMPLETE\n4        4 -0.634240 2025-07-03 13:03:47.866379 2025-07-03 13:03:57.414621 0 days 00:00:09.548242                  0.865009  ...       4.793053e-04          0.963728  [-0.6703347920733936, -0.609437486081502, -0.6...           0.022619  {'n_estimators': 60, 'max_depth': 5, 'learning...  COMPLETE\n5        5 -0.310296 2025-07-03 13:03:57.418893 2025-07-03 13:04:36.595527 0 days 00:00:39.176634                  0.968750  ...       5.805582e-07          0.957931  [-0.3282571371590988, -0.3076018199436927, -0....           0.010988  {'n_estimators': 150, 'max_depth': 8, 'learnin...  COMPLETE\n6        6 -0.508752 2025-07-03 13:04:36.599664 2025-07-03 13:04:43.283739 0 days 00:00:06.684075                  0.817078  ...       1.658719e-01          0.742701  [-0.5087940382013627, -0.5053531049176193, -0....           0.014872  {'n_estimators': 90, 'max_depth': 3, 'learning...  COMPLETE\n7        7 -0.598505 2025-07-03 13:04:43.287861 2025-07-03 13:04:53.547366 0 days 00:00:10.259505                  0.891603  ...       4.638760e-08          0.926185  [-0.629149816491223, -0.5817477219565791, -0.5...           0.019214  {'n_estimators': 130, 'max_depth': 2, 'learnin...  COMPLETE\n8        8 -0.432271 2025-07-03 13:04:53.551581 2025-07-03 13:05:22.134309 0 days 00:00:28.582728                  0.730073  ...       5.470377e-03          0.625423  [-0.4485657627029852, -0.44555676559061674, -0...           0.017760  {'n_estimators': 140, 'max_depth': 7, 'learnin...  COMPLETE\n9        9 -0.301433 2025-07-03 13:05:22.138384 2025-07-03 13:05:39.178622 0 days 00:00:17.040238                  0.797518  ...       7.044808e-05          0.824511  [-0.31335403840342796, -0.3074170560935318, -0...           0.008172  {'n_estimators': 60, 'max_depth': 8, 'learning...  COMPLETE\n10      10 -0.328349 2025-07-03 13:05:39.180626 2025-07-03 13:05:50.744974 0 days 00:00:11.564348                  0.757027  ...       3.995152e-06          0.855919  [-0.33454699509106806, -0.34145240642327007, -...           0.012339  {'n_estimators': 70, 'max_depth': 5, 'learning...  COMPLETE\n11      11 -0.319600 2025-07-03 13:05:50.750484 2025-07-03 13:06:31.100561 0 days 00:00:40.350077                  0.976078  ...       1.791237e-06          0.904093  [-0.32752246258350026, -0.3285560114022263, -0...           0.008675  {'n_estimators': 150, 'max_depth': 8, 'learnin...  COMPLETE\n12      12 -0.273189 2025-07-03 13:06:31.104606 2025-07-03 13:06:50.572399 0 days 00:00:19.467793                  0.806214  ...       3.841105e-06          0.798417  [-0.2834213557015843, -0.269108442466622, -0.2...           0.008646  {'n_estimators': 80, 'max_depth': 8, 'learning...  COMPLETE\n13      13 -0.339252 2025-07-03 13:06:50.576744 2025-07-03 13:06:58.279408 0 days 00:00:07.702664                  0.800109  ...       2.018904e-05          0.786731  [-0.3449966727087438, -0.34428152984189203, -0...           0.011760  {'n_estimators': 70, 'max_depth': 7, 'learning...  COMPLETE\n14      14 -0.315554 2025-07-03 13:06:58.283651 2025-07-03 13:07:11.452026 0 days 00:00:13.168375                  0.742588  ...       3.174673e-05          0.826638  [-0.3182518003644567, -0.32420629191808326, -0...           0.007551  {'n_estimators': 80, 'max_depth': 9, 'learning...  COMPLETE\n15      15 -0.405456 2025-07-03 13:07:11.452026 2025-07-03 13:07:20.096188 0 days 00:00:08.644162                  0.608365  ...       1.146690e-02          0.754557  [-0.41782223364371385, -0.4088020591484605, -0...           0.014303  {'n_estimators': 60, 'max_depth': 6, 'learning...  COMPLETE\n16      16 -0.326590 2025-07-03 13:07:20.096188 2025-07-03 13:07:30.631248 0 days 00:00:10.535060                  0.846224  ...       3.084780e-05          0.867908  [-0.3375645737496546, -0.32995665244595707, -0...           0.010588  {'n_estimators': 50, 'max_depth': 8, 'learning...  COMPLETE\n17      17 -0.388168 2025-07-03 13:07:30.631248 2025-07-03 13:07:40.902087 0 days 00:00:10.270839                  0.773098  ...       3.420988e-07          0.690935  [-0.39469794888657217, -0.3963099158215196, -0...           0.014681  {'n_estimators': 100, 'max_depth': 4, 'learnin...  COMPLETE\n18      18 -0.337988 2025-07-03 13:07:40.902087 2025-07-03 13:07:47.891810 0 days 00:00:06.989723                  0.698432  ...       4.939392e-03          0.787084  [-0.32550870306322954, -0.3499396203856786, -0...           0.011101  {'n_estimators': 80, 'max_depth': 9, 'learning...  COMPLETE\n19      19 -0.298663 2025-07-03 13:07:47.893815 2025-07-03 13:07:58.992049 0 days 00:00:11.098234                  0.840195  ...       6.789187e+00          0.891015  [-0.3099610067292489, -0.3042961220899707, -0....           0.008025  {'n_estimators': 70, 'max_depth': 6, 'learning...  COMPLETE\n20      20 -0.302348 2025-07-03 13:07:58.996057 2025-07-03 13:08:16.780887 0 days 00:00:17.784830                  0.846729  ...       7.514938e-02          0.884880  [-0.3156493053731493, -0.3080446169271903, -0....           0.012014  {'n_estimators': 120, 'max_depth': 6, 'learnin...  COMPLETE\n21      21 -0.276589 2025-07-03 13:08:16.784960 2025-07-03 13:08:29.979034 0 days 00:00:13.194074                  0.788358  ...       7.276788e-05          0.807377  [-0.2907262562559715, -0.28613325274069196, -0...           0.010306  {'n_estimators': 70, 'max_depth': 7, 'learning...  COMPLETE\n22      22 -0.283738 2025-07-03 13:08:29.979034 2025-07-03 13:08:43.814849 0 days 00:00:13.835815                  0.824628  ...       9.879192e+00          0.907207  [-0.2975610469814128, -0.28710775079131967, -0...           0.009175  {'n_estimators': 80, 'max_depth': 7, 'learning...  COMPLETE\n23      23 -0.294544 2025-07-03 13:08:43.818854 2025-07-03 13:08:59.325730 0 days 00:00:15.506876                  0.715285  ...       4.552450e+00          0.924399  [-0.30547287377115495, -0.3023279163543301, -0...           0.010117  {'n_estimators': 90, 'max_depth': 7, 'learning...  COMPLETE\n24      24 -0.336404 2025-07-03 13:08:59.325730 2025-07-03 13:09:13.431998 0 days 00:00:14.106268                  0.775641  ...       1.185606e-05          0.708014  [-0.3514305813999802, -0.3378678057200193, -0....           0.012925  {'n_estimators': 80, 'max_depth': 7, 'learning...  COMPLETE\n25      25 -0.389040 2025-07-03 13:09:13.436105 2025-07-03 13:09:35.975896 0 days 00:00:22.539791                  0.882858  ...       1.123659e-08          0.806520  [-0.4145406714164552, -0.3894995398723704, -0....           0.015835  {'n_estimators': 100, 'max_depth': 9, 'learnin...  COMPLETE\n26      26 -0.319777 2025-07-03 13:09:35.975896 2025-07-03 13:09:43.681349 0 days 00:00:07.705453                  0.811446  ...       2.151867e-04          0.642606  [-0.3235123882816858, -0.3231603465230236, -0....           0.004730  {'n_estimators': 80, 'max_depth': 4, 'learning...  COMPLETE\n27      27 -0.283835 2025-07-03 13:09:43.685479 2025-07-03 13:09:56.895780 0 days 00:00:13.210301                  0.778984  ...       2.030205e-03          0.791463  [-0.29512006333097385, -0.28886645769858876, -...           0.008746  {'n_estimators': 70, 'max_depth': 7, 'learning...  COMPLETE\n28      28 -0.305465 2025-07-03 13:09:56.900010 2025-07-03 13:10:16.350064 0 days 00:00:19.450054                  0.829057  ...       4.919382e-06          0.997742  [-0.3117572383501978, -0.3132843721503957, -0....           0.006983  {'n_estimators': 90, 'max_depth': 5, 'learning...  COMPLETE\n29      29 -0.286717 2025-07-03 13:10:16.354177 2025-07-03 13:10:22.941285 0 days 00:00:06.587108                  0.630674  ...       3.602734e-02          0.847258  [-0.2974972865857375, -0.2918992523765848, -0....           0.009316  {'n_estimators': 100, 'max_depth': 10, 'learni...  COMPLETE\n30      30 -0.321887 2025-07-03 13:10:22.941285 2025-07-03 13:10:25.939209 0 days 00:00:02.997924                  0.683422  ...       2.345836e-01          0.766799  [-0.3413639543363272, -0.3284834907186705, -0....           0.014940  {'n_estimators': 60, 'max_depth': 9, 'learning...  COMPLETE\n31      31 -0.285188 2025-07-03 13:10:25.939209 2025-07-03 13:10:35.950992 0 days 00:00:10.011783                  0.777552  ...       1.180688e+00          0.822937  [-0.29713686337812645, -0.2882591388923665, -0...           0.008636  {'n_estimators': 70, 'max_depth': 7, 'learning...  COMPLETE\n32      32 -0.279673 2025-07-03 13:10:35.950992 2025-07-03 13:10:47.577707 0 days 00:00:11.626715                  0.756071  ...       2.943202e-03          0.714743  [-0.2910694795232478, -0.2876327925511788, -0....           0.008173  {'n_estimators': 80, 'max_depth': 6, 'learning...  COMPLETE\n33      33 -0.283963 2025-07-03 13:10:47.577707 2025-07-03 13:10:59.379992 0 days 00:00:11.802285                  0.749399  ...       1.405831e-04          0.710983  [-0.2915184258397336, -0.28711846101364347, -0...           0.005108  {'n_estimators': 80, 'max_depth': 6, 'learning...  COMPLETE\n34      34 -0.318327 2025-07-03 13:10:59.379992 2025-07-03 13:11:08.051620 0 days 00:00:08.671628                  0.652896  ...       1.071150e-03          0.722788  [-0.3291901076055159, -0.32643810757554553, -0...           0.015759  {'n_estimators': 50, 'max_depth': 8, 'learning...  COMPLETE\n35      35 -0.546171 2025-07-03 13:11:08.055635 2025-07-03 13:11:11.668572 0 days 00:00:03.612937                  0.719533  ...       1.276801e+00          0.658669  [-0.5519494772455485, -0.5516053127492426, -0....           0.015313  {'n_estimators': 90, 'max_depth': 1, 'learning...  COMPLETE\n36      36 -0.334449 2025-07-03 13:11:11.668572 2025-07-03 13:11:22.813030 0 days 00:00:11.144458                  0.906729  ...       3.406210e-07          0.675078  [-0.3390195233885721, -0.3441432611519444, -0....           0.014316  {'n_estimators': 110, 'max_depth': 4, 'learnin...  COMPLETE\n37      37 -0.289058 2025-07-03 13:11:22.817049 2025-07-03 13:11:34.971255 0 days 00:00:12.154206                  0.939966  ...       1.384963e-06          0.730374  [-0.32203728477458454, -0.2857046829306623, -0...           0.017728  {'n_estimators': 80, 'max_depth': 6, 'learning...  COMPLETE\n38      38 -0.324596 2025-07-03 13:11:34.974204 2025-07-03 13:11:42.380316 0 days 00:00:07.406112                  0.868729  ...       7.087621e-04          0.771058  [-0.3357334555428083, -0.3287948980312644, -0....           0.013881  {'n_estimators': 90, 'max_depth': 5, 'learning...  COMPLETE\n39      39 -0.404021 2025-07-03 13:11:42.382318 2025-07-03 13:11:52.946816 0 days 00:00:10.564498                  0.794990  ...       9.253896e-05          0.609075  [-0.40946656648872426, -0.4058642426547286, -0...           0.010422  {'n_estimators': 60, 'max_depth': 10, 'learnin...  COMPLETE\n40      40 -0.272038 2025-07-03 13:11:52.946816 2025-07-03 13:12:14.499579 0 days 00:00:21.552763                  0.826591  ...       8.344308e-06          0.941810  [-0.28518787018801717, -0.2805068893214594, -0...           0.010034  {'n_estimators': 110, 'max_depth': 8, 'learnin...  COMPLETE\n41      41 -0.264026 2025-07-03 13:12:14.499579 2025-07-03 13:12:39.797087 0 days 00:00:25.297508                  0.820739  ...       5.727610e-06          0.922961  [-0.2747632009434122, -0.2648955551291554, -0....           0.006883  {'n_estimators': 120, 'max_depth': 8, 'learnin...  COMPLETE\n42      42 -0.266638 2025-07-03 13:12:39.797087 2025-07-03 13:13:03.614354 0 days 00:00:23.817267                  0.856581  ...       4.364763e-06          0.960692  [-0.2820340829749018, -0.26882754160398614, -0...           0.009354  {'n_estimators': 120, 'max_depth': 8, 'learnin...  COMPLETE\n43      43 -0.268834 2025-07-03 13:13:03.614354 2025-07-03 13:13:30.116919 0 days 00:00:26.502565                  0.864457  ...       5.322687e-06          0.955445  [-0.28621374259869997, -0.27434544624212825, -...           0.011175  {'n_estimators': 120, 'max_depth': 8, 'learnin...  COMPLETE\n44      44 -0.271128 2025-07-03 13:13:30.121053 2025-07-03 13:13:42.994550 0 days 00:00:12.873497                  0.863523  ...       1.030738e-07          0.956853  [-0.2797181044117498, -0.2809235020848095, -0....           0.011190  {'n_estimators': 130, 'max_depth': 8, 'learnin...  COMPLETE\n45      45 -0.266224 2025-07-03 13:13:42.999590 2025-07-03 13:13:52.381780 0 days 00:00:09.382190                  0.864552  ...       7.439022e-08          0.954700  [-0.2797203775147593, -0.27504826224322004, -0...           0.010326  {'n_estimators': 130, 'max_depth': 9, 'learnin...  COMPLETE\n46      46 -0.268853 2025-07-03 13:13:52.381780 2025-07-03 13:14:07.194454 0 days 00:00:14.812674                  0.941384  ...       9.248639e-08          0.953079  [-0.28184520934990526, -0.27324174588138234, -...           0.010540  {'n_estimators': 130, 'max_depth': 9, 'learnin...  COMPLETE\n47      47 -0.275859 2025-07-03 13:14:07.194454 2025-07-03 13:14:18.596467 0 days 00:00:11.402013                  0.949971  ...       3.139195e-08          0.980273  [-0.2853330992460143, -0.28817487896698707, -0...           0.010059  {'n_estimators': 130, 'max_depth': 9, 'learnin...  COMPLETE\n48      48 -0.272603 2025-07-03 13:14:18.600586 2025-07-03 13:14:44.621202 0 days 00:00:26.020616                  0.904796  ...       1.541443e-07          0.937969  [-0.28872623002406633, -0.2756676716601554, -0...           0.011138  {'n_estimators': 140, 'max_depth': 10, 'learni...  COMPLETE\n49      49 -0.270652 2025-07-03 13:14:44.625337 2025-07-03 13:15:11.413361 0 days 00:00:26.788024                  0.933932  ...       9.269826e-07          0.973453  [-0.28584874415397415, -0.2762287031082684, -0...           0.010228  {'n_estimators': 120, 'max_depth': 9, 'learnin...  COMPLETE\n\n[50 rows x 19 columns]",
  "parameter_ranges": {
    "n_estimators": {
      "range": [
        50,
        150
      ],
      "step": 10,
      "description": "Number of boosting rounds (trees) in the ensemble"
    },
    "max_depth": {
      "range": [
        1,
        10
      ],
      "step": 1,
      "description": "Maximum depth of each tree in the ensemble"
    },
    "learning_rate": {
      "range": [
        0.01,
        0.3
      ],
      "scale": "log",
      "description": "Step size shrinkage to prevent overfitting"
    },
    "subsample": {
      "range": [
        0.6,
        1.0
      ],
      "scale": "linear",
      "description": "Fraction of samples used for training each tree"
    },
    "colsample_bytree": {
      "range": [
        0.6,
        1.0
      ],
      "scale": "linear",
      "description": "Fraction of features used for training each tree"
    },
    "colsample_bylevel": {
      "range": [
        0.6,
        1.0
      ],
      "scale": "linear",
      "description": "Fraction of features used for each level in each tree"
    },
    "reg_alpha": {
      "range": [
        1e-08,
        10.0
      ],
      "scale": "log",
      "description": "L1 regularization term on weights (Lasso regularization)"
    },
    "reg_lambda": {
      "range": [
        1e-08,
        10.0
      ],
      "scale": "log",
      "description": "L2 regularization term on weights (Ridge regularization)"
    },
    "min_child_weight": {
      "range": [
        1,
        10
      ],
      "step": 1,
      "description": "Minimum sum of instance weight needed in a child node"
    },
    "gamma": {
      "range": [
        1e-08,
        10.0
      ],
      "scale": "log",
      "description": "Minimum loss reduction required to make a split"
    }
  }
}