{
  "model_id": "89b5ce1c-9adc-43c6-8a3d-ea62807fa763",
  "saved_at": "2025-07-03T13:01:07.850929",
  "model_name": "89b5ce1c-9adc-43c6-8a3d-ea62807fa763",
  "task_type": "regression",
  "target_column": "relative_density",
  "target_name": [
    "relative_density"
  ],
  "target_dimension": 1,
  "training_time_seconds": 15.78537,
  "data_shape": {
    "n_samples": 2703,
    "n_features": 4
  },
  "feature_names": [
    "layer_thickness",
    "hatch_distance",
    "laser_power",
    "laser_velocity"
  ],
  "hyperparameters": {
    "n_estimators": 130,
    "max_depth": 7,
    "learning_rate": 0.05707966345953102,
    "subsample": 0.7965919532086491,
    "colsample_bytree": 0.8202277783201279,
    "colsample_bylevel": 0.8288202489328172,
    "reg_alpha": 0.6788130111751569,
    "reg_lambda": 0.008024066324871133,
    "min_child_weight": 10,
    "gamma": 3.020045617153676e-07
  },
  "performance_metrics": {
    "MAE": {
      "scores": [
        0.29763739893811375,
        0.2911017329095608,
        0.28101268224662684
      ],
      "mean": 0.28991727136476714,
      "std": 0.006838494626322965,
      "min": 0.28101268224662684,
      "max": 0.29763739893811375
    },
    "MSE": {
      "scores": [
        0.18761737530904474,
        0.1744274015549373,
        0.17140539134504543
      ],
      "mean": 0.1778167227363425,
      "std": 0.007039068573103693,
      "min": 0.17140539134504543,
      "max": 0.18761737530904474
    },
    "R2": {
      "scores": [
        0.8236186947503539,
        0.8148564686679612,
        0.827552926428843
      ],
      "mean": 0.8220093632823859,
      "std": 0.0053067548620481485,
      "min": 0.8148564686679612,
      "max": 0.827552926428843
    }
  },
  "cross_validation_results": {
    "test_scores": {
      "MAE": {
        "scores": [
          0.29763739893811375,
          0.2911017329095608,
          0.28101268224662684
        ],
        "mean": 0.28991727136476714,
        "std": 0.006838494626322965,
        "min": 0.28101268224662684,
        "max": 0.29763739893811375
      },
      "MSE": {
        "scores": [
          0.18761737530904474,
          0.1744274015549373,
          0.17140539134504543
        ],
        "mean": 0.1778167227363425,
        "std": 0.007039068573103693,
        "min": 0.17140539134504543,
        "max": 0.18761737530904474
      },
      "R2": {
        "scores": [
          0.8236186947503539,
          0.8148564686679612,
          0.827552926428843
        ],
        "mean": 0.8220093632823859,
        "std": 0.0053067548620481485,
        "min": 0.8148564686679612,
        "max": 0.827552926428843
      }
    },
    "train_scores": {
      "MAE": {
        "scores": [
          0.21428167850342894,
          0.21469023551246597,
          0.21669523137568641
        ],
        "mean": 0.21522238179719377,
        "std": 0.001054733494951144,
        "min": 0.21428167850342894,
        "max": 0.21669523137568641
      },
      "MSE": {
        "scores": [
          0.0932505537130784,
          0.09765749387178338,
          0.0969557788640901
        ],
        "mean": 0.0959546088163173,
        "std": 0.0019333970947565692,
        "min": 0.0932505537130784,
        "max": 0.09765749387178338
      },
      "R2": {
        "scores": [
          0.9036731876144284,
          0.9050892224189773,
          0.9033285613686673
        ],
        "mean": 0.9040303238006909,
        "std": 0.0007618580467835468,
        "min": 0.9033285613686673,
        "max": 0.9050892224189773
      }
    },
    "fit_times": "[0.22234392 0.20661783 0.21762657]",
    "score_times": "[0.00200272 0.00200367 0.002002  ]",
    "timing": {
      "fit_time_mean": 0.2155294418334961,
      "fit_time_std": 0.006589179902483167,
      "score_time_mean": 0.0020027955373128257,
      "score_time_std": 6.836513890459241e-07
    },
    "task_type": "regression",
    "cv_folds": 3,
    "data_shape": [
      2703,
      4
    ],
    "y_true": "[ 1.07188428  0.22800956 -1.89249615 ...  0.92041958 -0.09655764\n -0.01000639]",
    "y_pred_cv": "[ 0.81497425  0.25143853 -1.009611   ...  0.6476396  -0.5465524\n  0.06649805]",
    "y_pred_proba_cv": null,
    "saved_files": {
      "original_data": "trained_models\\89b5ce1c-9adc-43c6-8a3d-ea62807fa763\\cross_validation_data\\89b5ce1c-9adc-43c6-8a3d-ea62807fa763_original_data.csv",
      "preprocessed_data": "trained_models\\89b5ce1c-9adc-43c6-8a3d-ea62807fa763\\cross_validation_data\\89b5ce1c-9adc-43c6-8a3d-ea62807fa763_preprocessed_data.csv",
      "cv_predictions_processed": "trained_models\\89b5ce1c-9adc-43c6-8a3d-ea62807fa763\\cross_validation_data\\89b5ce1c-9adc-43c6-8a3d-ea62807fa763_cv_predictions_processed.csv",
      "cv_predictions_original": "trained_models\\89b5ce1c-9adc-43c6-8a3d-ea62807fa763\\cross_validation_data\\89b5ce1c-9adc-43c6-8a3d-ea62807fa763_cv_predictions_original.csv",
      "scatter_plot": "trained_models\\89b5ce1c-9adc-43c6-8a3d-ea62807fa763\\cross_validation_data\\89b5ce1c-9adc-43c6-8a3d-ea62807fa763_cv_scatter_plot.png"
    },
    "cv_predictions": {
      "y_true_processed": "[ 1.07188428  0.22800956 -1.89249615 ...  0.92041958 -0.09655764\n -0.01000639]",
      "y_pred_processed": "[ 0.81497425  0.25143853 -1.009611   ...  0.6476396  -0.5465524\n  0.06649805]",
      "y_true_original": "[97.5 93.6 83.8 ... 96.8 92.1 92.5]",
      "y_pred_original": "[96.31268  93.708275 87.88029  ... 95.53934  90.02033  92.85357 ]"
    }
  },
  "feature_importance": {
    "layer_thickness": {
      "weight": 1651.0,
      "gain": 2.4333393573760986,
      "cover": 278.94427490234375,
      "sklearn_gain": 0.23636001348495483,
      "permutation_mean": 0.5454260293080286,
      "permutation_std": 0.009977807635962082
    },
    "hatch_distance": {
      "weight": 1760.0,
      "gain": 2.280644178390503,
      "cover": 224.85113525390625,
      "sklearn_gain": 0.22152811288833618,
      "permutation_mean": 0.5165080709788633,
      "permutation_std": 0.013577933040856919
    },
    "laser_power": {
      "weight": 1811.0,
      "gain": 2.839353084564209,
      "cover": 257.1452331542969,
      "sklearn_gain": 0.2757977545261383,
      "permutation_mean": 0.6613942764945872,
      "permutation_std": 0.01721084329143848
    },
    "laser_velocity": {
      "weight": 1598.0,
      "gain": 2.7417185306549072,
      "cover": 265.9023742675781,
      "sklearn_gain": 0.2663141191005707,
      "permutation_mean": 0.6886782868246402,
      "permutation_std": 0.006658574809664325
    }
  },
  "model_info": {
    "is_fitted": true,
    "task_type": "regression",
    "n_features": 4,
    "feature_names": [
      "layer_thickness",
      "hatch_distance",
      "laser_power",
      "laser_velocity"
    ],
    "model_params": {
      "n_estimators": 130,
      "max_depth": 7,
      "learning_rate": 0.05707966345953102,
      "subsample": 0.7965919532086491,
      "colsample_bytree": 0.8202277783201279,
      "colsample_bylevel": 0.8288202489328172,
      "colsample_bynode": 1.0,
      "reg_alpha": 0.6788130111751569,
      "reg_lambda": 0.008024066324871133,
      "gamma": 3.020045617153676e-07,
      "min_child_weight": 10,
      "tree_method": "hist",
      "device": "cpu",
      "n_jobs": -1,
      "random_state": 42
    },
    "n_estimators": 130,
    "max_depth": 7,
    "learning_rate": 0.05707966345953102,
    "subsample": 0.7965919532086491,
    "colsample_bytree": 0.8202277783201279,
    "gpu_info": {
      "gpu_available": true,
      "gpu_enabled": false,
      "effective_device": "cpu",
      "tree_method": "hist",
      "using_gpu": false,
      "gpu_name": "NVIDIA GeForce RTX 4060 Laptop GPU",
      "gpu_memory_total_mb": 8188,
      "gpu_memory_used_mb": 1920,
      "gpu_memory_available_mb": 6268
    }
  },
  "optimization_results": {
    "best_params": {
      "n_estimators": 130,
      "max_depth": 7,
      "learning_rate": 0.05707966345953102,
      "subsample": 0.7965919532086491,
      "colsample_bytree": 0.8202277783201279,
      "colsample_bylevel": 0.8288202489328172,
      "reg_alpha": 0.6788130111751569,
      "reg_lambda": 0.008024066324871133,
      "min_child_weight": 10,
      "gamma": 3.020045617153676e-07
    },
    "best_score": -0.2884609022296411,
    "best_trial_number": 17,
    "n_trials": 20,
    "n_completed_trials": 20,
    "task_type": "regression",
    "sampler_type": "TPE",
    "optimization_history": [
      {
        "trial_number": 0,
        "value": -0.41538886473203745,
        "params": {
          "n_estimators": 90,
          "max_depth": 10,
          "learning_rate": 0.1205712628744377,
          "subsample": 0.8394633936788146,
          "colsample_bytree": 0.6624074561769746,
          "colsample_bylevel": 0.662397808134481,
          "reg_alpha": 3.3323645788192616e-08,
          "reg_lambda": 0.6245760287469893,
          "min_child_weight": 7,
          "gamma": 0.023585940584142682
        },
        "state": "COMPLETE",
        "datetime": "2025-07-03T13:00:57.359966",
        "duration": 0.295323
      },
      {
        "trial_number": 1,
        "value": -0.43061907777572284,
        "params": {
          "n_estimators": 50,
          "max_depth": 10,
          "learning_rate": 0.16967533607196555,
          "subsample": 0.6849356442713105,
          "colsample_bytree": 0.6727299868828402,
          "colsample_bylevel": 0.6733618039413735,
          "reg_alpha": 5.472429642032198e-06,
          "reg_lambda": 0.00052821153945323,
          "min_child_weight": 5,
          "gamma": 4.17890272377219e-06
        },
        "state": "COMPLETE",
        "datetime": "2025-07-03T13:00:57.658339",
        "duration": 0.232667
      },
      {
        "trial_number": 2,
        "value": -0.5358568983095345,
        "params": {
          "n_estimators": 110,
          "max_depth": 2,
          "learning_rate": 0.027010527749605478,
          "subsample": 0.7465447373174767,
          "colsample_bytree": 0.7824279936868144,
          "colsample_bylevel": 0.9140703845572055,
          "reg_alpha": 6.267062696005991e-07,
          "reg_lambda": 0.00042472707398058225,
          "min_child_weight": 6,
          "gamma": 2.6185068507773707e-08
        },
        "state": "COMPLETE",
        "datetime": "2025-07-03T13:00:57.895044",
        "duration": 0.225762
      },
      {
        "trial_number": 3,
        "value": -0.5968904063291947,
        "params": {
          "n_estimators": 110,
          "max_depth": 2,
          "learning_rate": 0.012476394272569451,
          "subsample": 0.9795542149013333,
          "colsample_bytree": 0.9862528132298237,
          "colsample_bylevel": 0.9233589392465844,
          "reg_alpha": 5.514725787121931e-06,
          "reg_lambda": 7.569183361880229e-08,
          "min_child_weight": 7,
          "gamma": 9.148975058772307e-05
        },
        "state": "COMPLETE",
        "datetime": "2025-07-03T13:00:58.128950",
        "duration": 0.206358
      },
      {
        "trial_number": 4,
        "value": -0.6368656135816045,
        "params": {
          "n_estimators": 60,
          "max_depth": 5,
          "learning_rate": 0.011240768803005551,
          "subsample": 0.9637281608315128,
          "colsample_bytree": 0.7035119926400067,
          "colsample_bylevel": 0.8650089137415928,
          "reg_alpha": 6.388511557344611e-06,
          "reg_lambda": 0.0004793052550782129,
          "min_child_weight": 6,
          "gamma": 4.609885087947832e-07
        },
        "state": "COMPLETE",
        "datetime": "2025-07-03T13:00:58.341054",
        "duration": 0.207796
      },
      {
        "trial_number": 5,
        "value": -0.3182449583536033,
        "params": {
          "n_estimators": 150,
          "max_depth": 8,
          "learning_rate": 0.24420460844911424,
          "subsample": 0.9579309401710595,
          "colsample_bytree": 0.8391599915244341,
          "colsample_bylevel": 0.9687496940092467,
          "reg_alpha": 6.257956190096665e-08,
          "reg_lambda": 5.805581976088804e-07,
          "min_child_weight": 1,
          "gamma": 8.471746987003668e-06
        },
        "state": "COMPLETE",
        "datetime": "2025-07-03T13:00:58.556870",
        "duration": 0.552877
      },
      {
        "trial_number": 6,
        "value": -0.5241630685511104,
        "params": {
          "n_estimators": 90,
          "max_depth": 3,
          "learning_rate": 0.16755052359850303,
          "subsample": 0.7427013306774357,
          "colsample_bytree": 0.7123738038749523,
          "colsample_bylevel": 0.8170784332632994,
          "reg_alpha": 1.8548894229694903e-07,
          "reg_lambda": 0.16587190283399655,
          "min_child_weight": 1,
          "gamma": 7.620481786158549
        },
        "state": "COMPLETE",
        "datetime": "2025-07-03T13:00:59.113823",
        "duration": 0.184341
      },
      {
        "trial_number": 7,
        "value": -0.5986369375367094,
        "params": {
          "n_estimators": 130,
          "max_depth": 2,
          "learning_rate": 0.010189592979395137,
          "subsample": 0.9261845713819337,
          "colsample_bytree": 0.8827429375390468,
          "colsample_bylevel": 0.8916028672163949,
          "reg_alpha": 0.08738424135626986,
          "reg_lambda": 4.638759594322625e-08,
          "min_child_weight": 4,
          "gamma": 1.1036250149900698e-07
        },
        "state": "COMPLETE",
        "datetime": "2025-07-03T13:00:59.303974",
        "duration": 0.222387
      },
      {
        "trial_number": 8,
        "value": -0.4413838310618861,
        "params": {
          "n_estimators": 140,
          "max_depth": 7,
          "learning_rate": 0.030816017044468066,
          "subsample": 0.6254233401144095,
          "colsample_bytree": 0.7243929286862649,
          "colsample_bylevel": 0.7300733288106989,
          "reg_alpha": 0.036851536911881845,
          "reg_lambda": 0.005470376807480391,
          "min_child_weight": 9,
          "gamma": 0.0001778010520878397
        },
        "state": "COMPLETE",
        "datetime": "2025-07-03T13:00:59.530368",
        "duration": 0.471692
      },
      {
        "trial_number": 9,
        "value": -0.3117996930016467,
        "params": {
          "n_estimators": 60,
          "max_depth": 8,
          "learning_rate": 0.13297554090738672,
          "subsample": 0.8245108790277985,
          "colsample_bytree": 0.9083868719818244,
          "colsample_bylevel": 0.7975182385457563,
          "reg_alpha": 0.0005065186776865479,
          "reg_lambda": 7.04480806377519e-05,
          "min_child_weight": 1,
          "gamma": 9.354548757337708e-08
        },
        "state": "COMPLETE",
        "datetime": "2025-07-03T13:01:00.034434",
        "duration": 0.311175
      },
      {
        "trial_number": 10,
        "value": -0.3309231112133866,
        "params": {
          "n_estimators": 70,
          "max_depth": 5,
          "learning_rate": 0.07955798569352589,
          "subsample": 0.8559192772506939,
          "colsample_bytree": 0.9568478358759311,
          "colsample_bylevel": 0.7570274592606949,
          "reg_alpha": 0.0009327366933736902,
          "reg_lambda": 3.9951522674461425e-06,
          "min_child_weight": 3,
          "gamma": 0.01036771407033351
        },
        "state": "COMPLETE",
        "datetime": "2025-07-03T13:01:00.349614",
        "duration": 0.28136
      },
      {
        "trial_number": 11,
        "value": -0.3157707660774134,
        "params": {
          "n_estimators": 150,
          "max_depth": 8,
          "learning_rate": 0.25502056696239767,
          "subsample": 0.904093180089808,
          "colsample_bytree": 0.8560191441870574,
          "colsample_bylevel": 0.9760778024672048,
          "reg_alpha": 0.000599958321451196,
          "reg_lambda": 1.7912366914369137e-06,
          "min_child_weight": 1,
          "gamma": 4.805653261658784e-06
        },
        "state": "COMPLETE",
        "datetime": "2025-07-03T13:01:00.637107",
        "duration": 0.597983
      },
      {
        "trial_number": 12,
        "value": -0.32394225351688105,
        "params": {
          "n_estimators": 80,
          "max_depth": 8,
          "learning_rate": 0.2967114714593739,
          "subsample": 0.8818990665771858,
          "colsample_bytree": 0.9069599384374333,
          "colsample_bylevel": 0.9961677624479567,
          "reg_alpha": 0.0009963940270063627,
          "reg_lambda": 1.2167282577786447e-05,
          "min_child_weight": 2,
          "gamma": 1.0479756111515966e-08
        },
        "state": "COMPLETE",
        "datetime": "2025-07-03T13:01:01.240098",
        "duration": 0.35214
      },
      {
        "trial_number": 13,
        "value": -0.2940262285034731,
        "params": {
          "n_estimators": 130,
          "max_depth": 7,
          "learning_rate": 0.08163321221267114,
          "subsample": 0.8127998702589034,
          "colsample_bytree": 0.8017680735269033,
          "colsample_bylevel": 0.8268810767187708,
          "reg_alpha": 2.4044013813889586,
          "reg_lambda": 1.4001135043691035e-05,
          "min_child_weight": 3,
          "gamma": 2.184872684807717e-06
        },
        "state": "COMPLETE",
        "datetime": "2025-07-03T13:01:01.625375",
        "duration": 0.351533
      },
      {
        "trial_number": 14,
        "value": -0.35371627843003045,
        "params": {
          "n_estimators": 120,
          "max_depth": 6,
          "learning_rate": 0.06689802001564377,
          "subsample": 0.775679686247939,
          "colsample_bytree": 0.7843562856440282,
          "colsample_bylevel": 0.8123684866518358,
          "reg_alpha": 8.627674839575095,
          "reg_lambda": 2.804786409842454e-05,
          "min_child_weight": 3,
          "gamma": 4.5788262007395677e-07
        },
        "state": "COMPLETE",
        "datetime": "2025-07-03T13:01:01.980932",
        "duration": 0.306378
      },
      {
        "trial_number": 15,
        "value": -0.49239275575737557,
        "params": {
          "n_estimators": 100,
          "max_depth": 9,
          "learning_rate": 0.04024729569937628,
          "subsample": 0.8154831746878309,
          "colsample_bytree": 0.6018960478612356,
          "colsample_bylevel": 0.6083654265933616,
          "reg_alpha": 7.351604932273686,
          "reg_lambda": 0.01146690242205455,
          "min_child_weight": 3,
          "gamma": 0.0020798823246565576
        },
        "state": "COMPLETE",
        "datetime": "2025-07-03T13:01:02.295576",
        "duration": 0.287744
      },
      {
        "trial_number": 16,
        "value": -0.3219911340241029,
        "params": {
          "n_estimators": 50,
          "max_depth": 6,
          "learning_rate": 0.09807384526807573,
          "subsample": 0.7034278007429078,
          "colsample_bytree": 0.930685678227468,
          "colsample_bylevel": 0.7658608871929955,
          "reg_alpha": 0.16345439497142858,
          "reg_lambda": 3.6322075470803105e-05,
          "min_child_weight": 4,
          "gamma": 1.580209355913634e-05
        },
        "state": "COMPLETE",
        "datetime": "2025-07-03T13:01:02.587400",
        "duration": 0.233779
      },
      {
        "trial_number": 17,
        "value": -0.2884609022296411,
        "params": {
          "n_estimators": 130,
          "max_depth": 7,
          "learning_rate": 0.05707966345953102,
          "subsample": 0.7965919532086491,
          "colsample_bytree": 0.8202277783201279,
          "colsample_bylevel": 0.8288202489328172,
          "reg_alpha": 0.6788130111751569,
          "reg_lambda": 0.008024066324871133,
          "min_child_weight": 10,
          "gamma": 3.020045617153676e-07
        },
        "state": "COMPLETE",
        "datetime": "2025-07-03T13:01:02.825290",
        "duration": 0.362158
      },
      {
        "trial_number": 18,
        "value": -0.3686695121613491,
        "params": {
          "n_estimators": 130,
          "max_depth": 4,
          "learning_rate": 0.04758833979638473,
          "subsample": 0.7769814727166454,
          "colsample_bytree": 0.8264558354497413,
          "colsample_bylevel": 0.8627403395917883,
          "reg_alpha": 1.0067995920559225,
          "reg_lambda": 0.013143336259658545,
          "min_child_weight": 10,
          "gamma": 8.30754952993937e-07
        },
        "state": "COMPLETE",
        "datetime": "2025-07-03T13:01:03.195466",
        "duration": 0.293193
      },
      {
        "trial_number": 19,
        "value": -0.4270258761985846,
        "params": {
          "n_estimators": 130,
          "max_depth": 7,
          "learning_rate": 0.016998990258521456,
          "subsample": 0.6097091477705597,
          "colsample_bytree": 0.7616675016944651,
          "colsample_bylevel": 0.8409700887845797,
          "reg_alpha": 0.014426061562748926,
          "reg_lambda": 6.7891871542277356,
          "min_child_weight": 8,
          "gamma": 0.66248266359638
        },
        "state": "COMPLETE",
        "datetime": "2025-07-03T13:01:03.496689",
        "duration": 0.359417
      }
    ],
    "best_cv_scores": [
      -0.29577531136337765,
      -0.28803575391172676,
      -0.28157164141381885
    ],
    "best_cv_std": 0.0058064115899678186,
    "trials_dataframe": "    number     value             datetime_start          datetime_complete               duration  params_colsample_bylevel  ...  params_reg_lambda  params_subsample                               user_attrs_cv_scores  user_attrs_cv_std                                  user_attrs_params     state\n0        0 -0.415389 2025-07-03 13:00:57.359966 2025-07-03 13:00:57.655289 0 days 00:00:00.295323                  0.662398  ...       6.245760e-01          0.839463  [-0.4282854295091393, -0.41075647779892516, -0...           0.009239  {'n_estimators': 90, 'max_depth': 10, 'learnin...  COMPLETE\n1        1 -0.430619 2025-07-03 13:00:57.658339 2025-07-03 13:00:57.891006 0 days 00:00:00.232667                  0.673362  ...       5.282115e-04          0.684936  [-0.44709595267831065, -0.421374520476165, -0....           0.011680  {'n_estimators': 50, 'max_depth': 10, 'learnin...  COMPLETE\n2        2 -0.535857 2025-07-03 13:00:57.895044 2025-07-03 13:00:58.120806 0 days 00:00:00.225762                  0.914070  ...       4.247271e-04          0.746545  [-0.5501911924600366, -0.5313772182553842, -0....           0.010371  {'n_estimators': 110, 'max_depth': 2, 'learnin...  COMPLETE\n3        3 -0.596890 2025-07-03 13:00:58.128950 2025-07-03 13:00:58.335308 0 days 00:00:00.206358                  0.923359  ...       7.569183e-08          0.979554  [-0.6147433544323827, -0.5835096872316623, -0....           0.013137  {'n_estimators': 110, 'max_depth': 2, 'learnin...  COMPLETE\n4        4 -0.636866 2025-07-03 13:00:58.341054 2025-07-03 13:00:58.548850 0 days 00:00:00.207796                  0.865009  ...       4.793053e-04          0.963728  [-0.6543129628627782, -0.6188891357183238, -0....           0.014467  {'n_estimators': 60, 'max_depth': 5, 'learning...  COMPLETE\n5        5 -0.318245 2025-07-03 13:00:58.556870 2025-07-03 13:00:59.109747 0 days 00:00:00.552877                  0.968750  ...       5.805582e-07          0.957931  [-0.34299338921211003, -0.31445206973146156, -...           0.018850  {'n_estimators': 150, 'max_depth': 8, 'learnin...  COMPLETE\n6        6 -0.524163 2025-07-03 13:00:59.113823 2025-07-03 13:00:59.298164 0 days 00:00:00.184341                  0.817078  ...       1.658719e-01          0.742701  [-0.5357068565888868, -0.5281536305019822, -0....           0.011409  {'n_estimators': 90, 'max_depth': 3, 'learning...  COMPLETE\n7        7 -0.598637 2025-07-03 13:00:59.303974 2025-07-03 13:00:59.526361 0 days 00:00:00.222387                  0.891603  ...       4.638760e-08          0.926185  [-0.6168396512298222, -0.5849638711167916, -0....           0.013402  {'n_estimators': 130, 'max_depth': 2, 'learnin...  COMPLETE\n8        8 -0.441384 2025-07-03 13:00:59.530368 2025-07-03 13:01:00.002060 0 days 00:00:00.471692                  0.730073  ...       5.470377e-03          0.625423  [-0.45765797472247727, -0.4365508096994789, -0...           0.011820  {'n_estimators': 140, 'max_depth': 7, 'learnin...  COMPLETE\n9        9 -0.311800 2025-07-03 13:01:00.034434 2025-07-03 13:01:00.345609 0 days 00:00:00.311175                  0.797518  ...       7.044808e-05          0.824511  [-0.3314857528443002, -0.3042388920439613, -0....           0.014044  {'n_estimators': 60, 'max_depth': 8, 'learning...  COMPLETE\n10      10 -0.330923 2025-07-03 13:01:00.349614 2025-07-03 13:01:00.630974 0 days 00:00:00.281360                  0.757027  ...       3.995152e-06          0.855919  [-0.34806540016504, -0.33880980135796873, -0.3...           0.018097  {'n_estimators': 70, 'max_depth': 5, 'learning...  COMPLETE\n11      11 -0.315771 2025-07-03 13:01:00.637107 2025-07-03 13:01:01.235090 0 days 00:00:00.597983                  0.976078  ...       1.791237e-06          0.904093  [-0.3347185248930187, -0.31911405164202716, -0...           0.017001  {'n_estimators': 150, 'max_depth': 8, 'learnin...  COMPLETE\n12      12 -0.323942 2025-07-03 13:01:01.240098 2025-07-03 13:01:01.592238 0 days 00:00:00.352140                  0.996168  ...       1.216728e-05          0.881899  [-0.34369549882972017, -0.31962233510440863, -...           0.014686  {'n_estimators': 80, 'max_depth': 8, 'learning...  COMPLETE\n13      13 -0.294026 2025-07-03 13:01:01.625375 2025-07-03 13:01:01.976908 0 days 00:00:00.351533                  0.826881  ...       1.400114e-05          0.812800  [-0.3019986624714043, -0.2971011237716632, -0....           0.008063  {'n_estimators': 130, 'max_depth': 7, 'learnin...  COMPLETE\n14      14 -0.353716 2025-07-03 13:01:01.980932 2025-07-03 13:01:02.287310 0 days 00:00:00.306378                  0.812368  ...       2.804786e-05          0.775680  [-0.3691426857807256, -0.35525488521404136, -0...           0.013268  {'n_estimators': 120, 'max_depth': 6, 'learnin...  COMPLETE\n15      15 -0.492393 2025-07-03 13:01:02.295576 2025-07-03 13:01:02.583320 0 days 00:00:00.287744                  0.608365  ...       1.146690e-02          0.815483  [-0.5129296125868053, -0.48448554935456983, -0...           0.014649  {'n_estimators': 100, 'max_depth': 9, 'learnin...  COMPLETE\n16      16 -0.321991 2025-07-03 13:01:02.587400 2025-07-03 13:01:02.821179 0 days 00:00:00.233779                  0.765861  ...       3.632208e-05          0.703428  [-0.3339888678809955, -0.32705803613855317, -0...           0.012394  {'n_estimators': 50, 'max_depth': 6, 'learning...  COMPLETE\n17      17 -0.288461 2025-07-03 13:01:02.825290 2025-07-03 13:01:03.187448 0 days 00:00:00.362158                  0.828820  ...       8.024066e-03          0.796592  [-0.29577531136337765, -0.28803575391172676, -...           0.005806  {'n_estimators': 130, 'max_depth': 7, 'learnin...  COMPLETE\n18      18 -0.368670 2025-07-03 13:01:03.195466 2025-07-03 13:01:03.488659 0 days 00:00:00.293193                  0.862740  ...       1.314334e-02          0.776981  [-0.3794849129145208, -0.3751849783661741, -0....           0.012380  {'n_estimators': 130, 'max_depth': 4, 'learnin...  COMPLETE\n19      19 -0.427026 2025-07-03 13:01:03.496689 2025-07-03 13:01:03.856106 0 days 00:00:00.359417                  0.840970  ...       6.789187e+00          0.609709  [-0.44806273248966655, -0.42257781990968246, -...           0.015679  {'n_estimators': 130, 'max_depth': 7, 'learnin...  COMPLETE\n\n[20 rows x 19 columns]"
  },
  "training_completed_at": "2025-07-03T13:01:07.842916",
  "preprocessing_applied": true,
  "preprocessing_pipeline_path": "trained_models\\89b5ce1c-9adc-43c6-8a3d-ea62807fa763\\preprocessing_pipeline.pkl",
  "scaling_method": "standard",
  "label_mapping": null,
  "tool_input_details": {
    "data_source": "D:\\SLM.xls",
    "optimize_hyperparameters": true,
    "n_trials": 20,
    "cv_folds": 3,
    "optimization_algorithm": "TPE",
    "scoring_metric": "neg_mean_absolute_error",
    "validate_data": true,
    "save_model": true,
    "apply_preprocessing": true,
    "scaling_method": "standard",
    "task_type": "regression",
    "additional_model_params": {
      "xgboost_params": {
        "max_depth": 6,
        "learning_rate": 0.1
      }
    },
    "base_model_params": {
      "random_state": 42,
      "n_jobs": -1
    }
  },
  "preprocessing_details": {
    "applied": true,
    "target_preprocessing_applied": true,
    "scaling_method": "standard",
    "scaling_method_description": "StandardScaler (mean=0, std=1)",
    "pipeline_saved": true,
    "pipeline_components": {
      "numerical_imputer": true,
      "categorical_one_hot_encoder": true,
      "categorical_label_encoder": true,
      "feature_scaler": true,
      "target_scaler": true
    },
    "original_feature_count": 4,
    "processed_feature_count": 4,
    "preprocessing_info": {
      "is_fitted": true,
      "target_is_fitted": true,
      "config": {
        "numerical_features": [
          "layer_thickness",
          "hatch_distance",
          "laser_power",
          "laser_velocity"
        ],
        "categorical_features": [],
        "scaling_method": "standard",
        "impute_missing": true,
        "use_one_hot": false,
        "target_task_type": "regression",
        "target_scaling_method": "standard",
        "target_names": [
          "target"
        ],
        "target_shape": [
          2703
        ]
      },
      "feature_names_in": [
        "layer_thickness",
        "hatch_distance",
        "laser_power",
        "laser_velocity"
      ],
      "feature_names_out": [
        "layer_thickness",
        "hatch_distance",
        "laser_power",
        "laser_velocity"
      ],
      "target_names": [
        "target"
      ],
      "input_feature_count": 4,
      "output_feature_count": 4,
      "preprocessing_steps": [
        {
          "transformer_name": "numerical",
          "columns": [
            "layer_thickness",
            "hatch_distance",
            "laser_power",
            "laser_velocity"
          ],
          "column_count": 4,
          "scaling_method": "standard"
        }
      ]
    }
  },
  "model": "XGBRegressor(base_score=None, booster=None, callbacks=None,\n             colsample_bylevel=0.8288202489328172, colsample_bynode=1.0,\n             colsample_bytree=0.8202277783201279, device='cpu',\n             early_stopping_rounds=None, enable_categorical=False,\n             eval_metric=None, feature_types=None, feature_weights=None,\n             gamma=3.020045617153676e-07, grow_policy=None,\n             importance_type=None, interaction_constraints=None,\n             learning_rate=0.05707966345953102, max_bin=None,\n             max_cat_threshold=None, max_cat_to_onehot=None,\n             max_delta_step=None, max_depth=7, max_leaves=None,\n             min_child_weight=10, missing=nan, monotone_constraints=None,\n             multi_strategy=None, n_estimators=130, n_jobs=-1,\n             num_parallel_tree=None, ...)",
  "X": "[[-0.7923158   1.61036319  0.01943695 -1.64646286]\n [-1.59946263 -1.26320135 -0.63728912  0.86657069]\n [ 1.09102681  1.29107824 -0.96565216  0.28663987]\n ...\n [ 1.09102681 -0.3053465   1.49707063  1.63981178]\n [ 1.09102681 -1.26320135 -0.30892608 -0.09998067]\n [ 0.01483104 -0.9439164  -0.63728912 -1.25984231]]",
  "y": "[ 1.07188428  0.22800956 -1.89249615 ...  0.92041958 -0.09655764\n -0.01000639]",
  "y_true": "[ 1.07188428  0.22800956 -1.89249615 ...  0.92041958 -0.09655764\n -0.01000639]",
  "y_pred": "[ 0.81497425  0.25143853 -1.009611   ...  0.6476396  -0.5465524\n  0.06649805]"
}