{
  "model_id": "b45a9514-d964-4753-a889-437ba34aabdd",
  "task_type": "regression",
  "is_batch": false,
  "predictions": -0.13775332272052765,
  "raw_predictions": 2.3681023120880127,
  "confidence_scores": [
    0.9999239444732666
  ],
  "label_mapping": null,
  "error_occurred": false,
  "error_message": null,
  "prediction_id": "048f212d-c70d-41ef-95da-0513c4106572",
  "prediction_metadata": {
    "prediction_timestamp": "2025-07-03T15:14:17.107408",
    "feature_names": [
      "Br",
      "Cl",
      "I",
      "Li",
      "O",
      "P",
      "S"
    ],
    "feature_values": [
      [
        -0.6906122781038736,
        0.9461555974817162,
        -0.35184345254182897,
        -0.37201615661821147,
        -0.8602197912223196,
        0.22920565557642306,
        0.6681976928234036
      ]
    ],
    "num_samples": 1,
    "prediction_time_seconds": 0.910933,
    "tool_input_details": {
      "model_id": "b45a9514-d964-4753-a889-437ba34aabdd",
      "feature_values": [
        0.0,
        0.115071615,
        0.0,
        0.438395182,
        0.0,
        0.081380208,
        0.365152995
      ],
      "feature_names": null,
      "include_confidence": true,
      "save_intermediate_files": true,
      "generate_report": true,
      "output_path": null
    }
  },
  "saved_files": {
    "original_data": "trained_models\\b45a9514-d964-4753-a889-437ba34aabdd\\predictions\\048f212d-c70d-41ef-95da-0513c4106572\\01_original_data.csv",
    "processed_features": "trained_models\\b45a9514-d964-4753-a889-437ba34aabdd\\predictions\\048f212d-c70d-41ef-95da-0513c4106572\\02_processed_features.csv",
    "predictions_processed": "trained_models\\b45a9514-d964-4753-a889-437ba34aabdd\\predictions\\048f212d-c70d-41ef-95da-0513c4106572\\03_predictions_processed_scale.csv",
    "predictions_original": "trained_models\\b45a9514-d964-4753-a889-437ba34aabdd\\predictions\\048f212d-c70d-41ef-95da-0513c4106572\\04_predictions_original_scale.csv",
    "confidence_scores": "trained_models\\b45a9514-d964-4753-a889-437ba34aabdd\\predictions\\048f212d-c70d-41ef-95da-0513c4106572\\05_confidence_scores.csv",
    "combined_results": "trained_models\\b45a9514-d964-4753-a889-437ba34aabdd\\predictions\\048f212d-c70d-41ef-95da-0513c4106572\\06_combined_results.csv"
  },
  "folder_structure": {
    "01_original_data.csv": "Original input data as provided",
    "02_processed_features.csv": "Features after preprocessing/normalization",
    "03_predictions_processed_scale.csv": "Predictions in processed/normalized scale",
    "04_predictions_original_scale.csv": "Predictions transformed back to original scale",
    "05_confidence_scores.csv": "Confidence/uncertainty scores for each prediction",
    "06_combined_results.csv": "All data combined: features + predictions + confidence",
    "prediction_summary.json": "Complete prediction results and metadata",
    "prediction_report.html": "Detailed HTML report"
  }
}