{
  "best_params": {
    "n_estimators": 130,
    "max_depth": 2,
    "learning_rate": 0.04545456292102757,
    "subsample": 0.905363510340026,
    "colsample_bytree": 0.9860870812741505,
    "colsample_bylevel": 0.9851711835878277,
    "reg_alpha": 3.751411723076483e-06,
    "reg_lambda": 0.00024483813144872266,
    "min_child_weight": 3,
    "gamma": 0.00014200797415594722
  },
  "best_score": -0.36724243374116394,
  "best_trial_number": 48,
  "n_trials": 50,
  "n_completed_trials": 50,
  "task_type": "regression",
  "sampler_type": "TPE",
  "optimization_history": [
    {
      "trial_number": 0,
      "value": -0.5403944678229992,
      "params": {
        "n_estimators": 90,
        "max_depth": 10,
        "learning_rate": 0.1205712628744377,
        "subsample": 0.8394633936788146,
        "colsample_bytree": 0.6624074561769746,
        "colsample_bylevel": 0.662397808134481,
        "reg_alpha": 3.3323645788192616e-08,
        "reg_lambda": 0.6245760287469893,
        "min_child_weight": 7,
        "gamma": 0.023585940584142682
      },
      "state": "COMPLETE",
      "datetime": "2025-07-06T00:04:04.114678",
      "duration": 2.679686
    },
    {
      "trial_number": 1,
      "value": -0.49111215890921855,
      "params": {
        "n_estimators": 50,
        "max_depth": 10,
        "learning_rate": 0.16967533607196555,
        "subsample": 0.6849356442713105,
        "colsample_bytree": 0.6727299868828402,
        "colsample_bylevel": 0.6733618039413735,
        "reg_alpha": 5.472429642032198e-06,
        "reg_lambda": 0.00052821153945323,
        "min_child_weight": 5,
        "gamma": 4.17890272377219e-06
      },
      "state": "COMPLETE",
      "datetime": "2025-07-06T00:04:06.796363",
      "duration": 1.731819
    },
    {
      "trial_number": 2,
      "value": -0.5525803481978039,
      "params": {
        "n_estimators": 110,
        "max_depth": 2,
        "learning_rate": 0.027010527749605478,
        "subsample": 0.7465447373174767,
        "colsample_bytree": 0.7824279936868144,
        "colsample_bylevel": 0.9140703845572055,
        "reg_alpha": 6.267062696005991e-07,
        "reg_lambda": 0.00042472707398058225,
        "min_child_weight": 6,
        "gamma": 2.6185068507773707e-08
      },
      "state": "COMPLETE",
      "datetime": "2025-07-06T00:04:08.530187",
      "duration": 3.637891
    },
    {
      "trial_number": 3,
      "value": -0.6522330505396094,
      "params": {
        "n_estimators": 110,
        "max_depth": 2,
        "learning_rate": 0.012476394272569451,
        "subsample": 0.9795542149013333,
        "colsample_bytree": 0.9862528132298237,
        "colsample_bylevel": 0.9233589392465844,
        "reg_alpha": 5.514725787121931e-06,
        "reg_lambda": 7.569183361880229e-08,
        "min_child_weight": 7,
        "gamma": 9.148975058772307e-05
      },
      "state": "COMPLETE",
      "datetime": "2025-07-06T00:04:12.170079",
      "duration": 4.150888
    },
    {
      "trial_number": 4,
      "value": -0.7462093553704935,
      "params": {
        "n_estimators": 60,
        "max_depth": 5,
        "learning_rate": 0.011240768803005551,
        "subsample": 0.9637281608315128,
        "colsample_bytree": 0.7035119926400067,
        "colsample_bylevel": 0.8650089137415928,
        "reg_alpha": 6.388511557344611e-06,
        "reg_lambda": 0.0004793052550782129,
        "min_child_weight": 6,
        "gamma": 4.609885087947832e-07
      },
      "state": "COMPLETE",
      "datetime": "2025-07-06T00:04:16.322472",
      "duration": 2.906768
    },
    {
      "trial_number": 5,
      "value": -0.4062294963045171,
      "params": {
        "n_estimators": 150,
        "max_depth": 8,
        "learning_rate": 0.24420460844911424,
        "subsample": 0.9579309401710595,
        "colsample_bytree": 0.8391599915244341,
        "colsample_bylevel": 0.9687496940092467,
        "reg_alpha": 6.257956190096665e-08,
        "reg_lambda": 5.805581976088804e-07,
        "min_child_weight": 1,
        "gamma": 8.471746987003668e-06
      },
      "state": "COMPLETE",
      "datetime": "2025-07-06T00:04:19.231618",
      "duration": 6.60357
    },
    {
      "trial_number": 6,
      "value": -0.6277116940449873,
      "params": {
        "n_estimators": 90,
        "max_depth": 3,
        "learning_rate": 0.16755052359850303,
        "subsample": 0.7427013306774357,
        "colsample_bytree": 0.7123738038749523,
        "colsample_bylevel": 0.8170784332632994,
        "reg_alpha": 1.8548894229694903e-07,
        "reg_lambda": 0.16587190283399655,
        "min_child_weight": 1,
        "gamma": 7.620481786158549
      },
      "state": "COMPLETE",
      "datetime": "2025-07-06T00:04:25.837216",
      "duration": 2.711197
    },
    {
      "trial_number": 7,
      "value": -0.5397960011093057,
      "params": {
        "n_estimators": 130,
        "max_depth": 2,
        "learning_rate": 0.010189592979395137,
        "subsample": 0.9261845713819337,
        "colsample_bytree": 0.8827429375390468,
        "colsample_bylevel": 0.8916028672163949,
        "reg_alpha": 0.08738424135626986,
        "reg_lambda": 4.638759594322625e-08,
        "min_child_weight": 4,
        "gamma": 1.1036250149900698e-07
      },
      "state": "COMPLETE",
      "datetime": "2025-07-06T00:04:28.549444",
      "duration": 5.338891
    },
    {
      "trial_number": 8,
      "value": -0.6614390672072329,
      "params": {
        "n_estimators": 140,
        "max_depth": 7,
        "learning_rate": 0.030816017044468066,
        "subsample": 0.6254233401144095,
        "colsample_bytree": 0.7243929286862649,
        "colsample_bylevel": 0.7300733288106989,
        "reg_alpha": 0.036851536911881845,
        "reg_lambda": 0.005470376807480391,
        "min_child_weight": 9,
        "gamma": 0.0001778010520878397
      },
      "state": "COMPLETE",
      "datetime": "2025-07-06T00:04:33.889337",
      "duration": 4.196997
    },
    {
      "trial_number": 9,
      "value": -0.4070114582385701,
      "params": {
        "n_estimators": 60,
        "max_depth": 8,
        "learning_rate": 0.13297554090738672,
        "subsample": 0.8245108790277985,
        "colsample_bytree": 0.9083868719818244,
        "colsample_bylevel": 0.7975182385457563,
        "reg_alpha": 0.0005065186776865479,
        "reg_lambda": 7.04480806377519e-05,
        "min_child_weight": 1,
        "gamma": 9.354548757337708e-08
      },
      "state": "COMPLETE",
      "datetime": "2025-07-06T00:04:38.087363",
      "duration": 7.582878
    },
    {
      "trial_number": 10,
      "value": -0.5113407689583146,
      "params": {
        "n_estimators": 150,
        "max_depth": 5,
        "learning_rate": 0.2704729722717779,
        "subsample": 0.8866896138540137,
        "colsample_bytree": 0.848068981182222,
        "colsample_bylevel": 0.9630659181130071,
        "reg_alpha": 4.3444691085504505,
        "reg_lambda": 3.678908815130513e-06,
        "min_child_weight": 3,
        "gamma": 0.021346533494448247
      },
      "state": "COMPLETE",
      "datetime": "2025-07-06T00:04:45.671267",
      "duration": 4.761516
    },
    {
      "trial_number": 11,
      "value": -0.397533122175849,
      "params": {
        "n_estimators": 80,
        "max_depth": 8,
        "learning_rate": 0.08240472437384992,
        "subsample": 0.8368507714294098,
        "colsample_bytree": 0.939930449168694,
        "colsample_bylevel": 0.744858923335037,
        "reg_alpha": 0.000599958321451196,
        "reg_lambda": 1.7912366914369137e-06,
        "min_child_weight": 1,
        "gamma": 4.805653261658784e-06
      },
      "state": "COMPLETE",
      "datetime": "2025-07-06T00:04:50.434840",
      "duration": 10.002923
    },
    {
      "trial_number": 12,
      "value": -0.3969676141126813,
      "params": {
        "n_estimators": 80,
        "max_depth": 8,
        "learning_rate": 0.071123617175892,
        "subsample": 0.8888051664384367,
        "colsample_bytree": 0.9743488013636172,
        "colsample_bylevel": 0.765145626391539,
        "reg_alpha": 0.0005422711173511262,
        "reg_lambda": 1.1072638081282338e-06,
        "min_child_weight": 2,
        "gamma": 8.889900177595412e-06
      },
      "state": "COMPLETE",
      "datetime": "2025-07-06T00:05:00.439843",
      "duration": 8.565035
    },
    {
      "trial_number": 13,
      "value": -0.37205005390821233,
      "params": {
        "n_estimators": 80,
        "max_depth": 7,
        "learning_rate": 0.06647472406221881,
        "subsample": 0.8795014150890805,
        "colsample_bytree": 0.9987807161677253,
        "colsample_bylevel": 0.7556225318806531,
        "reg_alpha": 0.0008212055285005368,
        "reg_lambda": 5.38290491006254e-06,
        "min_child_weight": 3,
        "gamma": 0.0026779069566087656
      },
      "state": "COMPLETE",
      "datetime": "2025-07-06T00:05:09.006889",
      "duration": 6.577
    },
    {
      "trial_number": 14,
      "value": -0.38222038410413745,
      "params": {
        "n_estimators": 70,
        "max_depth": 6,
        "learning_rate": 0.052102913140168655,
        "subsample": 0.8891926510214411,
        "colsample_bytree": 0.9778265132489825,
        "colsample_bylevel": 0.7539796407337818,
        "reg_alpha": 0.009035078527799004,
        "reg_lambda": 1.3342032528807488e-05,
        "min_child_weight": 3,
        "gamma": 0.006718983130275203
      },
      "state": "COMPLETE",
      "datetime": "2025-07-06T00:05:15.584920",
      "duration": 5.933532
    },
    {
      "trial_number": 15,
      "value": -0.4936146885638572,
      "params": {
        "n_estimators": 70,
        "max_depth": 6,
        "learning_rate": 0.03914932472704762,
        "subsample": 0.8967132707129728,
        "colsample_bytree": 0.6018960478612356,
        "colsample_bylevel": 0.6083654265933616,
        "reg_alpha": 0.018218470187721682,
        "reg_lambda": 2.230400892019664e-05,
        "min_child_weight": 3,
        "gamma": 0.010947100889528643
      },
      "state": "COMPLETE",
      "datetime": "2025-07-06T00:05:21.519452",
      "duration": 4.86711
    },
    {
      "trial_number": 16,
      "value": -0.46005994967583197,
      "params": {
        "n_estimators": 100,
        "max_depth": 4,
        "learning_rate": 0.05642751655935164,
        "subsample": 0.8679083694332411,
        "colsample_bytree": 0.9970902962010515,
        "colsample_bylevel": 0.7007350538085257,
        "reg_alpha": 0.8350148275284114,
        "reg_lambda": 0.016109046194566698,
        "min_child_weight": 4,
        "gamma": 0.6823847735481708
      },
      "state": "COMPLETE",
      "datetime": "2025-07-06T00:05:26.387520",
      "duration": 4.105007
    },
    {
      "trial_number": 17,
      "value": -0.5440919568074394,
      "params": {
        "n_estimators": 50,
        "max_depth": 6,
        "learning_rate": 0.02005428294764937,
        "subsample": 0.779252425907565,
        "colsample_bytree": 0.930451410368258,
        "colsample_bylevel": 0.8395146795971375,
        "reg_alpha": 0.002737959031998056,
        "reg_lambda": 2.7596101920491518e-05,
        "min_child_weight": 3,
        "gamma": 0.003156273228105668
      },
      "state": "COMPLETE",
      "datetime": "2025-07-06T00:05:30.494531",
      "duration": 4.272059
    },
    {
      "trial_number": 18,
      "value": -0.6460277290683867,
      "params": {
        "n_estimators": 70,
        "max_depth": 7,
        "learning_rate": 0.04302553031342479,
        "subsample": 0.9266141072042147,
        "colsample_bytree": 0.7947531711999359,
        "colsample_bylevel": 0.7804406534252454,
        "reg_alpha": 2.7678980829281782e-05,
        "reg_lambda": 0.004939392464663177,
        "min_child_weight": 10,
        "gamma": 0.2780349289600904
      },
      "state": "COMPLETE",
      "datetime": "2025-07-06T00:05:34.769095",
      "duration": 2.657487
    },
    {
      "trial_number": 19,
      "value": -0.39555538018054587,
      "params": {
        "n_estimators": 110,
        "max_depth": 4,
        "learning_rate": 0.08627765261865299,
        "subsample": 0.7786695299082906,
        "colsample_bytree": 0.9520337982644627,
        "colsample_bylevel": 0.7063008133614067,
        "reg_alpha": 0.0055770902661691855,
        "reg_lambda": 6.7891871542277356,
        "min_child_weight": 4,
        "gamma": 0.0015200893798390123
      },
      "state": "COMPLETE",
      "datetime": "2025-07-06T00:05:37.427585",
      "duration": 6.729199
    },
    {
      "trial_number": 20,
      "value": -0.5431587447746469,
      "params": {
        "n_estimators": 80,
        "max_depth": 9,
        "learning_rate": 0.01772427943975873,
        "subsample": 0.9269750755266829,
        "colsample_bytree": 0.8835037448422429,
        "colsample_bylevel": 0.6085866270729939,
        "reg_alpha": 4.371926500885454e-05,
        "reg_lambda": 1.8286843389082966e-08,
        "min_child_weight": 2,
        "gamma": 0.26884320733181544
      },
      "state": "COMPLETE",
      "datetime": "2025-07-06T00:05:44.158793",
      "duration": 6.280968
    },
    {
      "trial_number": 21,
      "value": -0.39047530936473834,
      "params": {
        "n_estimators": 120,
        "max_depth": 4,
        "learning_rate": 0.08758915184262138,
        "subsample": 0.7620050770098208,
        "colsample_bytree": 0.9540684937597003,
        "colsample_bylevel": 0.7121773512310401,
        "reg_alpha": 0.004299829949027369,
        "reg_lambda": 7.711570660202774e-06,
        "min_child_weight": 4,
        "gamma": 0.00166636024475358
      },
      "state": "COMPLETE",
      "datetime": "2025-07-06T00:05:50.440730",
      "duration": 6.289324
    },
    {
      "trial_number": 22,
      "value": -0.44050115730333267,
      "params": {
        "n_estimators": 130,
        "max_depth": 6,
        "learning_rate": 0.05521009753169677,
        "subsample": 0.7081441543904136,
        "colsample_bytree": 0.9587324578390707,
        "colsample_bylevel": 0.6711879963211654,
        "reg_alpha": 0.13124332741459027,
        "reg_lambda": 7.338212474809078e-06,
        "min_child_weight": 5,
        "gamma": 0.0005986632920426632
      },
      "state": "COMPLETE",
      "datetime": "2025-07-06T00:05:56.731614",
      "duration": 6.246926
    },
    {
      "trial_number": 23,
      "value": -0.3689686915987731,
      "params": {
        "n_estimators": 120,
        "max_depth": 4,
        "learning_rate": 0.10129053376105178,
        "subsample": 0.8081432143155732,
        "colsample_bytree": 0.9948013516286648,
        "colsample_bylevel": 0.7218116294610109,
        "reg_alpha": 0.006885648319364524,
        "reg_lambda": 1.638300483479738e-07,
        "min_child_weight": 3,
        "gamma": 7.588555886713219e-05
      },
      "state": "COMPLETE",
      "datetime": "2025-07-06T00:06:02.979545",
      "duration": 7.051143
    },
    {
      "trial_number": 24,
      "value": -0.3821509049322599,
      "params": {
        "n_estimators": 100,
        "max_depth": 1,
        "learning_rate": 0.11895448362461379,
        "subsample": 0.8082587338590865,
        "colsample_bytree": 0.9009061848930652,
        "colsample_bylevel": 0.772891476183738,
        "reg_alpha": 8.60271810517094e-05,
        "reg_lambda": 1.279319289353116e-07,
        "min_child_weight": 2,
        "gamma": 5.41586856298805e-05
      },
      "state": "COMPLETE",
      "datetime": "2025-07-06T00:06:10.032689",
      "duration": 3.024596
    },
    {
      "trial_number": 25,
      "value": -0.3823044505711931,
      "params": {
        "n_estimators": 100,
        "max_depth": 1,
        "learning_rate": 0.12000795865402454,
        "subsample": 0.8131916810617922,
        "colsample_bytree": 0.9020652354463881,
        "colsample_bylevel": 0.8351478012003893,
        "reg_alpha": 4.765016140558701e-05,
        "reg_lambda": 2.3281293864085006e-07,
        "min_child_weight": 2,
        "gamma": 4.688647965951536e-05
      },
      "state": "COMPLETE",
      "datetime": "2025-07-06T00:06:13.059305",
      "duration": 2.943875
    },
    {
      "trial_number": 26,
      "value": -0.3794383895821501,
      "params": {
        "n_estimators": 120,
        "max_depth": 1,
        "learning_rate": 0.09908192665485291,
        "subsample": 0.8558113712868476,
        "colsample_bytree": 0.8381705768472294,
        "colsample_bylevel": 0.7830076663933675,
        "reg_alpha": 0.00013001163094298658,
        "reg_lambda": 1.6164201035758062e-07,
        "min_child_weight": 2,
        "gamma": 4.0015668451015035e-05
      },
      "state": "COMPLETE",
      "datetime": "2025-07-06T00:06:16.005268",
      "duration": 3.44831
    },
    {
      "trial_number": 27,
      "value": -0.3857878203013308,
      "params": {
        "n_estimators": 120,
        "max_depth": 3,
        "learning_rate": 0.1888264830859424,
        "subsample": 0.8564808701975926,
        "colsample_bytree": 0.8483784709052264,
        "colsample_bylevel": 0.8123057097854833,
        "reg_alpha": 0.348904233816226,
        "reg_lambda": 1.1893269434064718e-08,
        "min_child_weight": 3,
        "gamma": 8.994153645530066e-07
      },
      "state": "COMPLETE",
      "datetime": "2025-07-06T00:06:19.454591",
      "duration": 5.995589
    },
    {
      "trial_number": 28,
      "value": -0.3863206090695307,
      "params": {
        "n_estimators": 130,
        "max_depth": 3,
        "learning_rate": 0.06848204386807931,
        "subsample": 0.7155013179193231,
        "colsample_bytree": 0.7550702178460529,
        "colsample_bylevel": 0.6362258246234334,
        "reg_alpha": 0.0019726479441021885,
        "reg_lambda": 3.6644293462487833e-07,
        "min_child_weight": 2,
        "gamma": 0.0005494686572293331
      },
      "state": "COMPLETE",
      "datetime": "2025-07-06T00:06:25.451205",
      "duration": 6.71842
    },
    {
      "trial_number": 29,
      "value": -0.4400117100385554,
      "params": {
        "n_estimators": 120,
        "max_depth": 7,
        "learning_rate": 0.10408160670291446,
        "subsample": 0.851339264536255,
        "colsample_bytree": 0.9993134344664013,
        "colsample_bylevel": 0.7265046005979167,
        "reg_alpha": 0.00019581436316056585,
        "reg_lambda": 6.219293032596206e-05,
        "min_child_weight": 5,
        "gamma": 0.07100416277064621
      },
      "state": "COMPLETE",
      "datetime": "2025-07-06T00:06:32.171623",
      "duration": 5.107991
    },
    {
      "trial_number": 30,
      "value": -0.6280487236973507,
      "params": {
        "n_estimators": 90,
        "max_depth": 9,
        "learning_rate": 0.14669271259692773,
        "subsample": 0.9978968044765303,
        "colsample_bytree": 0.606478137647976,
        "colsample_bylevel": 0.6445296648782011,
        "reg_alpha": 0.001089788850757446,
        "reg_lambda": 1.2948564141961082e-06,
        "min_child_weight": 8,
        "gamma": 4.5006727147059676e-05
      },
      "state": "COMPLETE",
      "datetime": "2025-07-06T00:06:37.282613",
      "duration": 3.090536
    },
    {
      "trial_number": 31,
      "value": -0.3817795927476383,
      "params": {
        "n_estimators": 100,
        "max_depth": 1,
        "learning_rate": 0.10523561611327761,
        "subsample": 0.8033423892538376,
        "colsample_bytree": 0.8288530033950016,
        "colsample_bylevel": 0.7863753787813971,
        "reg_alpha": 9.164151973883725e-05,
        "reg_lambda": 1.4607038683281405e-07,
        "min_child_weight": 2,
        "gamma": 3.1846257017142886e-05
      },
      "state": "COMPLETE",
      "datetime": "2025-07-06T00:06:40.374202",
      "duration": 2.994951
    },
    {
      "trial_number": 32,
      "value": -0.38138283293735303,
      "params": {
        "n_estimators": 110,
        "max_depth": 1,
        "learning_rate": 0.09505458108329196,
        "subsample": 0.7951311592181065,
        "colsample_bytree": 0.8288490023582207,
        "colsample_bylevel": 0.7876498111392892,
        "reg_alpha": 1.0037270219404222e-06,
        "reg_lambda": 4.591857495988793e-08,
        "min_child_weight": 2,
        "gamma": 1.604904291072812e-05
      },
      "state": "COMPLETE",
      "datetime": "2025-07-06T00:06:43.370159",
      "duration": 3.202231
    },
    {
      "trial_number": 33,
      "value": -0.36993773247786305,
      "params": {
        "n_estimators": 110,
        "max_depth": 2,
        "learning_rate": 0.06851677871064352,
        "subsample": 0.8356609940617313,
        "colsample_bytree": 0.807622266759037,
        "colsample_bylevel": 0.6867167893857041,
        "reg_alpha": 3.3959464504774184e-06,
        "reg_lambda": 3.193912486357458e-08,
        "min_child_weight": 3,
        "gamma": 1.4270334827291367e-06
      },
      "state": "COMPLETE",
      "datetime": "2025-07-06T00:06:46.574485",
      "duration": 4.7881
    },
    {
      "trial_number": 34,
      "value": -0.433840821264137,
      "params": {
        "n_estimators": 120,
        "max_depth": 2,
        "learning_rate": 0.06913444379428291,
        "subsample": 0.8343605245990622,
        "colsample_bytree": 0.753272778215208,
        "colsample_bylevel": 0.6958997473195587,
        "reg_alpha": 7.703681668328662e-06,
        "reg_lambda": 1.00091316722777e-08,
        "min_child_weight": 5,
        "gamma": 1.087985460865599e-08
      },
      "state": "COMPLETE",
      "datetime": "2025-07-06T00:06:51.364178",
      "duration": 4.632364
    },
    {
      "trial_number": 35,
      "value": -0.390926122257916,
      "params": {
        "n_estimators": 140,
        "max_depth": 2,
        "learning_rate": 0.040307140895112455,
        "subsample": 0.8633428077070333,
        "colsample_bytree": 0.765771132657368,
        "colsample_bylevel": 0.6798505892089045,
        "reg_alpha": 1.1014937787029974e-06,
        "reg_lambda": 3.5936706567044795e-08,
        "min_child_weight": 4,
        "gamma": 1.2823360125443971e-06
      },
      "state": "COMPLETE",
      "datetime": "2025-07-06T00:06:55.998555",
      "duration": 5.798644
    },
    {
      "trial_number": 36,
      "value": -0.489391728390095,
      "params": {
        "n_estimators": 110,
        "max_depth": 3,
        "learning_rate": 0.20584037287704154,
        "subsample": 0.9163889814712366,
        "colsample_bytree": 0.6548733156601682,
        "colsample_bylevel": 0.7392641557155049,
        "reg_alpha": 1.9379771821163383e-05,
        "reg_lambda": 3.743935384361359e-07,
        "min_child_weight": 6,
        "gamma": 1.9665097749890145e-06
      },
      "state": "COMPLETE",
      "datetime": "2025-07-06T00:07:01.800245",
      "duration": 3.74792
    },
    {
      "trial_number": 37,
      "value": -0.4180431769868206,
      "params": {
        "n_estimators": 110,
        "max_depth": 5,
        "learning_rate": 0.06469934838687122,
        "subsample": 0.7425011422395511,
        "colsample_bytree": 0.8031319497110113,
        "colsample_bylevel": 0.6622888045212691,
        "reg_alpha": 1.0305050066959539e-08,
        "reg_lambda": 2.8756768292362514e-06,
        "min_child_weight": 3,
        "gamma": 0.00039045764156731537
      },
      "state": "COMPLETE",
      "datetime": "2025-07-06T00:07:05.549182",
      "duration": 6.588887
    },
    {
      "trial_number": 38,
      "value": -0.5824486650594424,
      "params": {
        "n_estimators": 90,
        "max_depth": 2,
        "learning_rate": 0.0474232782403688,
        "subsample": 0.951895265647416,
        "colsample_bytree": 0.8121908932216516,
        "colsample_bylevel": 0.8455041930142629,
        "reg_alpha": 2.26426337598639e-07,
        "reg_lambda": 9.805965601835048e-08,
        "min_child_weight": 7,
        "gamma": 1.4665333496600588e-07
      },
      "state": "COMPLETE",
      "datetime": "2025-07-06T00:07:12.139060",
      "duration": 3.336477
    },
    {
      "trial_number": 39,
      "value": -0.377162249156847,
      "params": {
        "n_estimators": 140,
        "max_depth": 4,
        "learning_rate": 0.03116189739497228,
        "subsample": 0.8253575942111105,
        "colsample_bytree": 0.9253471506876989,
        "colsample_bylevel": 0.8807649739398793,
        "reg_alpha": 3.261424259773908e-06,
        "reg_lambda": 0.00024189096138392335,
        "min_child_weight": 1,
        "gamma": 0.00016350133100799142
      },
      "state": "COMPLETE",
      "datetime": "2025-07-06T00:07:15.477541",
      "duration": 9.711631
    },
    {
      "trial_number": 40,
      "value": -0.3850979644441878,
      "params": {
        "n_estimators": 140,
        "max_depth": 4,
        "learning_rate": 0.03148870066212821,
        "subsample": 0.7838044504952231,
        "colsample_bytree": 0.9217927571862938,
        "colsample_bylevel": 0.8836966841252891,
        "reg_alpha": 9.169544541533614e-06,
        "reg_lambda": 0.00013911670879345665,
        "min_child_weight": 1,
        "gamma": 3.4467817666677564e-07
      },
      "state": "COMPLETE",
      "datetime": "2025-07-06T00:07:25.191165",
      "duration": 9.674886
    },
    {
      "trial_number": 41,
      "value": -0.387456709349302,
      "params": {
        "n_estimators": 130,
        "max_depth": 5,
        "learning_rate": 0.024666431157654628,
        "subsample": 0.8314786074378809,
        "colsample_bytree": 0.8718456985716466,
        "colsample_bylevel": 0.942154144585054,
        "reg_alpha": 2.468947491101844e-06,
        "reg_lambda": 5.947468571887969e-07,
        "min_child_weight": 1,
        "gamma": 1.161615121724642e-05
      },
      "state": "COMPLETE",
      "datetime": "2025-07-06T00:07:34.868051",
      "duration": 10.852587
    },
    {
      "trial_number": 42,
      "value": -0.37806949096780895,
      "params": {
        "n_estimators": 120,
        "max_depth": 3,
        "learning_rate": 0.03405321492003392,
        "subsample": 0.8729158640428294,
        "colsample_bytree": 0.9745400233566306,
        "colsample_bylevel": 0.9886828717889852,
        "reg_alpha": 0.00019682952380645273,
        "reg_lambda": 0.0012416356541583317,
        "min_child_weight": 1,
        "gamma": 0.00015835138271938826
      },
      "state": "COMPLETE",
      "datetime": "2025-07-06T00:07:45.723358",
      "duration": 6.559172
    },
    {
      "trial_number": 43,
      "value": -0.3751912018698143,
      "params": {
        "n_estimators": 150,
        "max_depth": 3,
        "learning_rate": 0.034654342016015825,
        "subsample": 0.8739807725872911,
        "colsample_bytree": 0.9672950885909842,
        "colsample_bylevel": 0.9992062925899449,
        "reg_alpha": 2.4447164964207963e-07,
        "reg_lambda": 0.001215857118813603,
        "min_child_weight": 1,
        "gamma": 0.0001617634498788553
      },
      "state": "COMPLETE",
      "datetime": "2025-07-06T00:07:52.285164",
      "duration": 8.196351
    },
    {
      "trial_number": 44,
      "value": -0.37919408112262837,
      "params": {
        "n_estimators": 150,
        "max_depth": 4,
        "learning_rate": 0.025667468792887057,
        "subsample": 0.816707888542779,
        "colsample_bytree": 0.9640078903436705,
        "colsample_bylevel": 0.9064961894375418,
        "reg_alpha": 1.1200817843842888e-07,
        "reg_lambda": 0.0010560112236323183,
        "min_child_weight": 1,
        "gamma": 0.00016187835937143282
      },
      "state": "COMPLETE",
      "datetime": "2025-07-06T00:08:00.482527",
      "duration": 10.318445
    },
    {
      "trial_number": 45,
      "value": -0.4364325461272223,
      "params": {
        "n_estimators": 140,
        "max_depth": 5,
        "learning_rate": 0.01680402878325219,
        "subsample": 0.6422350931437859,
        "colsample_bytree": 0.9385448512112798,
        "colsample_bylevel": 0.9383320917293001,
        "reg_alpha": 3.7267777973846785e-07,
        "reg_lambda": 0.05158379238567387,
        "min_child_weight": 3,
        "gamma": 0.0012102878614791827
      },
      "state": "COMPLETE",
      "datetime": "2025-07-06T00:08:10.802538",
      "duration": 10.008735
    },
    {
      "trial_number": 46,
      "value": -0.4190689707900338,
      "params": {
        "n_estimators": 150,
        "max_depth": 3,
        "learning_rate": 0.021672247153536408,
        "subsample": 0.7606812130632131,
        "colsample_bytree": 0.9886618106119772,
        "colsample_bylevel": 0.8701870488444725,
        "reg_alpha": 4.0832119846446793e-08,
        "reg_lambda": 0.0003018044248254465,
        "min_child_weight": 4,
        "gamma": 2.7595995777801684e-06
      },
      "state": "COMPLETE",
      "datetime": "2025-07-06T00:08:20.812774",
      "duration": 7.630829
    },
    {
      "trial_number": 47,
      "value": -0.37770616736775164,
      "params": {
        "n_estimators": 150,
        "max_depth": 4,
        "learning_rate": 0.03547472115185618,
        "subsample": 0.837971060350333,
        "colsample_bytree": 0.9206154001455226,
        "colsample_bylevel": 0.7581090101268957,
        "reg_alpha": 1.6910213396772318e-06,
        "reg_lambda": 0.0022965595549993677,
        "min_child_weight": 1,
        "gamma": 0.03452220058871302
      },
      "state": "COMPLETE",
      "datetime": "2025-07-06T00:08:28.445655",
      "duration": 8.263547
    },
    {
      "trial_number": 48,
      "value": -0.36724243374116394,
      "params": {
        "n_estimators": 130,
        "max_depth": 2,
        "learning_rate": 0.04545456292102757,
        "subsample": 0.905363510340026,
        "colsample_bytree": 0.9860870812741505,
        "colsample_bylevel": 0.9851711835878277,
        "reg_alpha": 3.751411723076483e-06,
        "reg_lambda": 0.00024483813144872266,
        "min_child_weight": 3,
        "gamma": 0.00014200797415594722
      },
      "state": "COMPLETE",
      "datetime": "2025-07-06T00:08:36.711205",
      "duration": 5.337296
    },
    {
      "trial_number": 49,
      "value": -0.4859484988090033,
      "params": {
        "n_estimators": 130,
        "max_depth": 2,
        "learning_rate": 0.06093112397309995,
        "subsample": 0.9105510605301724,
        "colsample_bytree": 0.979063041308712,
        "colsample_bylevel": 0.992619201739322,
        "reg_alpha": 1.0507900022639257e-08,
        "reg_lambda": 0.2453738502968981,
        "min_child_weight": 6,
        "gamma": 0.004588903367757098
      },
      "state": "COMPLETE",
      "datetime": "2025-07-06T00:08:42.050501",
      "duration": 4.53455
    }
  ],
  "best_cv_scores": [
    -0.29844700106412464,
    -0.4137184171947541,
    -0.3184682330723945,
    -0.3916688294767529,
    -0.4139096878977934
  ],
  "best_cv_std": 0.04908407616575435,
  "trials_dataframe": "    number     value             datetime_start  ... user_attrs_cv_std                                  user_attrs_params     state\n0        0 -0.540394 2025-07-06 00:04:04.114678  ...          0.067711  {'n_estimators': 90, 'max_depth': 10, 'learnin...  COMPLETE\n1        1 -0.491112 2025-07-06 00:04:06.796363  ...          0.074567  {'n_estimators': 50, 'max_depth': 10, 'learnin...  COMPLETE\n2        2 -0.552580 2025-07-06 00:04:08.530187  ...          0.075153  {'n_estimators': 110, 'max_depth': 2, 'learnin...  COMPLETE\n3        3 -0.652233 2025-07-06 00:04:12.170079  ...          0.097629  {'n_estimators': 110, 'max_depth': 2, 'learnin...  COMPLETE\n4        4 -0.746209 2025-07-06 00:04:16.322472  ...          0.099193  {'n_estimators': 60, 'max_depth': 5, 'learning...  COMPLETE\n5        5 -0.406229 2025-07-06 00:04:19.231618  ...          0.046489  {'n_estimators': 150, 'max_depth': 8, 'learnin...  COMPLETE\n6        6 -0.627712 2025-07-06 00:04:25.837216  ...          0.078058  {'n_estimators': 90, 'max_depth': 3, 'learning...  COMPLETE\n7        7 -0.539796 2025-07-06 00:04:28.549444  ...          0.055600  {'n_estimators': 130, 'max_depth': 2, 'learnin...  COMPLETE\n8        8 -0.661439 2025-07-06 00:04:33.889337  ...          0.092713  {'n_estimators': 140, 'max_depth': 7, 'learnin...  COMPLETE\n9        9 -0.407011 2025-07-06 00:04:38.087363  ...          0.049336  {'n_estimators': 60, 'max_depth': 8, 'learning...  COMPLETE\n10      10 -0.511341 2025-07-06 00:04:45.671267  ...          0.068006  {'n_estimators': 150, 'max_depth': 5, 'learnin...  COMPLETE\n11      11 -0.397533 2025-07-06 00:04:50.434840  ...          0.044268  {'n_estimators': 80, 'max_depth': 8, 'learning...  COMPLETE\n12      12 -0.396968 2025-07-06 00:05:00.439843  ...          0.048801  {'n_estimators': 80, 'max_depth': 8, 'learning...  COMPLETE\n13      13 -0.372050 2025-07-06 00:05:09.006889  ...          0.054072  {'n_estimators': 80, 'max_depth': 7, 'learning...  COMPLETE\n14      14 -0.382220 2025-07-06 00:05:15.584920  ...          0.045170  {'n_estimators': 70, 'max_depth': 6, 'learning...  COMPLETE\n15      15 -0.493615 2025-07-06 00:05:21.519452  ...          0.074575  {'n_estimators': 70, 'max_depth': 6, 'learning...  COMPLETE\n16      16 -0.460060 2025-07-06 00:05:26.387520  ...          0.056761  {'n_estimators': 100, 'max_depth': 4, 'learnin...  COMPLETE\n17      17 -0.544092 2025-07-06 00:05:30.494531  ...          0.058962  {'n_estimators': 50, 'max_depth': 6, 'learning...  COMPLETE\n18      18 -0.646028 2025-07-06 00:05:34.769095  ...          0.105847  {'n_estimators': 70, 'max_depth': 7, 'learning...  COMPLETE\n19      19 -0.395555 2025-07-06 00:05:37.427585  ...          0.053521  {'n_estimators': 110, 'max_depth': 4, 'learnin...  COMPLETE\n20      20 -0.543159 2025-07-06 00:05:44.158793  ...          0.074536  {'n_estimators': 80, 'max_depth': 9, 'learning...  COMPLETE\n21      21 -0.390475 2025-07-06 00:05:50.440730  ...          0.042787  {'n_estimators': 120, 'max_depth': 4, 'learnin...  COMPLETE\n22      22 -0.440501 2025-07-06 00:05:56.731614  ...          0.066069  {'n_estimators': 130, 'max_depth': 6, 'learnin...  COMPLETE\n23      23 -0.368969 2025-07-06 00:06:02.979545  ...          0.042055  {'n_estimators': 120, 'max_depth': 4, 'learnin...  COMPLETE\n24      24 -0.382151 2025-07-06 00:06:10.032689  ...          0.058501  {'n_estimators': 100, 'max_depth': 1, 'learnin...  COMPLETE\n25      25 -0.382304 2025-07-06 00:06:13.059305  ...          0.056854  {'n_estimators': 100, 'max_depth': 1, 'learnin...  COMPLETE\n26      26 -0.379438 2025-07-06 00:06:16.005268  ...          0.056350  {'n_estimators': 120, 'max_depth': 1, 'learnin...  COMPLETE\n27      27 -0.385788 2025-07-06 00:06:19.454591  ...          0.049278  {'n_estimators': 120, 'max_depth': 3, 'learnin...  COMPLETE\n28      28 -0.386321 2025-07-06 00:06:25.451205  ...          0.053063  {'n_estimators': 130, 'max_depth': 3, 'learnin...  COMPLETE\n29      29 -0.440012 2025-07-06 00:06:32.171623  ...          0.072563  {'n_estimators': 120, 'max_depth': 7, 'learnin...  COMPLETE\n30      30 -0.628049 2025-07-06 00:06:37.282613  ...          0.084671  {'n_estimators': 90, 'max_depth': 9, 'learning...  COMPLETE\n31      31 -0.381780 2025-07-06 00:06:40.374202  ...          0.055664  {'n_estimators': 100, 'max_depth': 1, 'learnin...  COMPLETE\n32      32 -0.381383 2025-07-06 00:06:43.370159  ...          0.053730  {'n_estimators': 110, 'max_depth': 1, 'learnin...  COMPLETE\n33      33 -0.369938 2025-07-06 00:06:46.574485  ...          0.049566  {'n_estimators': 110, 'max_depth': 2, 'learnin...  COMPLETE\n34      34 -0.433841 2025-07-06 00:06:51.364178  ...          0.073474  {'n_estimators': 120, 'max_depth': 2, 'learnin...  COMPLETE\n35      35 -0.390926 2025-07-06 00:06:55.998555  ...          0.056394  {'n_estimators': 140, 'max_depth': 2, 'learnin...  COMPLETE\n36      36 -0.489392 2025-07-06 00:07:01.800245  ...          0.063561  {'n_estimators': 110, 'max_depth': 3, 'learnin...  COMPLETE\n37      37 -0.418043 2025-07-06 00:07:05.549182  ...          0.061975  {'n_estimators': 110, 'max_depth': 5, 'learnin...  COMPLETE\n38      38 -0.582449 2025-07-06 00:07:12.139060  ...          0.093622  {'n_estimators': 90, 'max_depth': 2, 'learning...  COMPLETE\n39      39 -0.377162 2025-07-06 00:07:15.477541  ...          0.041338  {'n_estimators': 140, 'max_depth': 4, 'learnin...  COMPLETE\n40      40 -0.385098 2025-07-06 00:07:25.191165  ...          0.042051  {'n_estimators': 140, 'max_depth': 4, 'learnin...  COMPLETE\n41      41 -0.387457 2025-07-06 00:07:34.868051  ...          0.041518  {'n_estimators': 130, 'max_depth': 5, 'learnin...  COMPLETE\n42      42 -0.378069 2025-07-06 00:07:45.723358  ...          0.046217  {'n_estimators': 120, 'max_depth': 3, 'learnin...  COMPLETE\n43      43 -0.375191 2025-07-06 00:07:52.285164  ...          0.046199  {'n_estimators': 150, 'max_depth': 3, 'learnin...  COMPLETE\n44      44 -0.379194 2025-07-06 00:08:00.482527  ...          0.040743  {'n_estimators': 150, 'max_depth': 4, 'learnin...  COMPLETE\n45      45 -0.436433 2025-07-06 00:08:10.802538  ...          0.048348  {'n_estimators': 140, 'max_depth': 5, 'learnin...  COMPLETE\n46      46 -0.419069 2025-07-06 00:08:20.812774  ...          0.049788  {'n_estimators': 150, 'max_depth': 3, 'learnin...  COMPLETE\n47      47 -0.377706 2025-07-06 00:08:28.445655  ...          0.042721  {'n_estimators': 150, 'max_depth': 4, 'learnin...  COMPLETE\n48      48 -0.367242 2025-07-06 00:08:36.711205  ...          0.049084  {'n_estimators': 130, 'max_depth': 2, 'learnin...  COMPLETE\n49      49 -0.485948 2025-07-06 00:08:42.050501  ...          0.072241  {'n_estimators': 130, 'max_depth': 2, 'learnin...  COMPLETE\n\n[50 rows x 19 columns]",
  "parameter_ranges": {
    "n_estimators": {
      "range": [
        50,
        150
      ],
      "step": 10,
      "description": "Number of boosting rounds (trees) in the ensemble"
    },
    "max_depth": {
      "range": [
        1,
        10
      ],
      "step": 1,
      "description": "Maximum depth of each tree in the ensemble"
    },
    "learning_rate": {
      "range": [
        0.01,
        0.3
      ],
      "scale": "log",
      "description": "Step size shrinkage to prevent overfitting"
    },
    "subsample": {
      "range": [
        0.6,
        1.0
      ],
      "scale": "linear",
      "description": "Fraction of samples used for training each tree"
    },
    "colsample_bytree": {
      "range": [
        0.6,
        1.0
      ],
      "scale": "linear",
      "description": "Fraction of features used for training each tree"
    },
    "colsample_bylevel": {
      "range": [
        0.6,
        1.0
      ],
      "scale": "linear",
      "description": "Fraction of features used for each level in each tree"
    },
    "reg_alpha": {
      "range": [
        1e-08,
        10.0
      ],
      "scale": "log",
      "description": "L1 regularization term on weights (Lasso regularization)"
    },
    "reg_lambda": {
      "range": [
        1e-08,
        10.0
      ],
      "scale": "log",
      "description": "L2 regularization term on weights (Ridge regularization)"
    },
    "min_child_weight": {
      "range": [
        1,
        10
      ],
      "step": 1,
      "description": "Minimum sum of instance weight needed in a child node"
    },
    "gamma": {
      "range": [
        1e-08,
        10.0
      ],
      "scale": "log",
      "description": "Minimum loss reduction required to make a split"
    }
  }
}