{
  "report_metadata": {
    "generated_at": "2025-07-15T19:39:12.208616",
    "report_type": "training_report",
    "model_name": "3555b5e0-9de2-4f91-a990-0d2d4b3eb8b5",
    "model_id": "3555b5e0-9de2-4f91-a990-0d2d4b3eb8b5",
    "report_version": "1.0.0"
  },
  "training_summary": {
    "task_type": "regression",
    "training_time_seconds": 4.903637,
    "model_path": null,
    "training_completed_at": "2025-07-15T19:39:12.182404"
  },
  "dataset_overview": {
    "n_samples": 53,
    "n_features": 4
  },
  "feature_names": [
    "SiO2",
    "CeO2",
    "lignin",
    "vinyl"
  ],
  "model_configuration": {
    "hyperparameters": {
      "n_estimators": 90,
      "max_depth": 10,
      "learning_rate": 0.1205712628744377,
      "subsample": 0.8394633936788146,
      "colsample_bytree": 0.6624074561769746,
      "colsample_bylevel": 0.662397808134481,
      "reg_alpha": 3.3323645788192616e-08,
      "reg_lambda": 0.6245760287469893,
      "min_child_weight": 7,
      "gamma": 0.023585940584142682
    },
    "model_info": {
      "is_fitted": true,
      "task_type": "regression",
      "n_features": 4,
      "feature_names": [
        "SiO2",
        "CeO2",
        "lignin",
        "vinyl"
      ],
      "model_params": {
        "n_estimators": 90,
        "max_depth": 10,
        "learning_rate": 0.1205712628744377,
        "subsample": 0.8394633936788146,
        "colsample_bytree": 0.6624074561769746,
        "colsample_bylevel": 0.662397808134481,
        "colsample_bynode": 1.0,
        "reg_alpha": 3.3323645788192616e-08,
        "reg_lambda": 0.6245760287469893,
        "gamma": 0.023585940584142682,
        "min_child_weight": 7,
        "tree_method": "hist",
        "device": "cuda",
        "n_jobs": 1,
        "random_state": 42
      },
      "n_estimators": 90,
      "max_depth": 10,
      "learning_rate": 0.1205712628744377,
      "subsample": 0.8394633936788146,
      "colsample_bytree": 0.6624074561769746,
      "gpu_info": {
        "gpu_available": true,
        "gpu_enabled": true,
        "effective_device": "cuda",
        "tree_method": "hist",
        "using_gpu": true,
        "gpu_name": "NVIDIA GeForce RTX 4060 Laptop GPU",
        "gpu_memory_total_mb": 8188,
        "gpu_memory_used_mb": 1017,
        "gpu_memory_available_mb": 7171
      }
    }
  },
  "hyperparameter_optimization": {
    "best_params": {
      "n_estimators": 90,
      "max_depth": 10,
      "learning_rate": 0.1205712628744377,
      "subsample": 0.8394633936788146,
      "colsample_bytree": 0.6624074561769746,
      "colsample_bylevel": 0.662397808134481,
      "reg_alpha": 3.3323645788192616e-08,
      "reg_lambda": 0.6245760287469893,
      "min_child_weight": 7,
      "gamma": 0.023585940584142682
    },
    "best_score": -0.28696751793680875,
    "best_trial_number": 0,
    "n_trials": 2,
    "n_completed_trials": 2,
    "task_type": "regression",
    "sampler_type": "TPE",
    "optimization_history": [
      {
        "trial_number": 0,
        "value": -0.28696751793680875,
        "params": {
          "n_estimators": 90,
          "max_depth": 10,
          "learning_rate": 0.1205712628744377,
          "subsample": 0.8394633936788146,
          "colsample_bytree": 0.6624074561769746,
          "colsample_bylevel": 0.662397808134481,
          "reg_alpha": 3.3323645788192616e-08,
          "reg_lambda": 0.6245760287469893,
          "min_child_weight": 7,
          "gamma": 0.023585940584142682
        },
        "state": "COMPLETE",
        "datetime": "2025-07-15T19:39:07.800826",
        "duration": 0.771204
      },
      {
        "trial_number": 1,
        "value": -0.2946381487932525,
        "params": {
          "n_estimators": 50,
          "max_depth": 10,
          "learning_rate": 0.16967533607196555,
          "subsample": 0.6849356442713105,
          "colsample_bytree": 0.6727299868828402,
          "colsample_bylevel": 0.6733618039413735,
          "reg_alpha": 5.472429642032198e-06,
          "reg_lambda": 0.00052821153945323,
          "min_child_weight": 5,
          "gamma": 4.17890272377219e-06
        },
        "state": "COMPLETE",
        "datetime": "2025-07-15T19:39:08.572030",
        "duration": 0.637983
      }
    ],
    "best_cv_scores": [
      -0.1646809304144812,
      -0.32886484680170563,
      -0.29399224072601343,
      -0.37047723468351534,
      -0.27682233705832804
    ],
    "best_cv_std": 0.0690442464949928
  },
  "cross_validation_results": {
    "test_scores": {
      "MAE": {
        "scores": [
          0.1646809304144812,
          0.32886484680170563,
          0.29399224072601343,
          0.37047723468351534,
          0.27682233705832804
        ],
        "mean": 0.28696751793680875,
        "std": 0.0690442464949928,
        "min": 0.1646809304144812,
        "max": 0.37047723468351534
      },
      "MSE": {
        "scores": [
          0.04589470523309753,
          0.1894971520369438,
          0.13212688462056668,
          0.20326147759651927,
          0.1365396403819361
        ],
        "mean": 0.1414639719738127,
        "std": 0.05544552835962968,
        "min": 0.04589470523309753,
        "max": 0.20326147759651927
      },
      "R2": {
        "scores": [
          0.9315430342073313,
          0.7865075834400882,
          0.9018641237474658,
          0.7582253037932537,
          0.8416535620147417
        ],
        "mean": 0.8439587214405762,
        "std": 0.06584863457683444,
        "min": 0.7582253037932537,
        "max": 0.9315430342073313
      }
    },
    "train_scores": {
      "MAE": {
        "scores": [
          0.20330534674352566,
          0.17828086999323697,
          0.23031788127264713,
          0.18700584802960316,
          0.19556900695073856
        ],
        "mean": 0.1988957905979503,
        "std": 0.01780002889336101,
        "min": 0.17828086999323697,
        "max": 0.23031788127264713
      },
      "MSE": {
        "scores": [
          0.07072442274344301,
          0.048760287159113395,
          0.09453827810560425,
          0.05984594708938881,
          0.06241504012941249
        ],
        "mean": 0.0672567950453924,
        "std": 0.015341367748004174,
        "min": 0.048760287159113395,
        "max": 0.09453827810560425
      },
      "R2": {
        "scores": [
          0.9336926599976918,
          0.9519147176753331,
          0.8908762509059491,
          0.9416041473096556,
          0.9377975662918965
        ],
        "mean": 0.9311770684361053,
        "std": 0.02103848452796297,
        "min": 0.8908762509059491,
        "max": 0.9519147176753331
      }
    },
    "fit_times": "[0.10720229 0.11950183 0.1197722  0.10358572 0.10846877]",
    "score_times": "[0.00205612 0.         0.00318193 0.00400281 0.00174236]",
    "timing": {
      "fit_time_mean": 0.11170616149902343,
      "fit_time_std": 0.006671438454364605,
      "score_time_mean": 0.002196645736694336,
      "score_time_std": 0.001362673371117633
    },
    "task_type": "regression",
    "cv_folds": 5,
    "data_shape": [
      53,
      4
    ],
    "y_true": "[-1.36697217 -1.46719303 -0.58524947  0.69089613  0.07620819 -1.03958403\n -1.50059998  1.31226545 -0.26454273  0.93810758 -0.11087074 -0.83914231\n -0.75228424 -0.72555868  0.02275707  0.2833313   1.09846095 -1.35360939\n  1.11182373 -0.59861225 -1.30683965 -0.84582371  0.76439142 -0.4248961\n -0.53179835  1.57952107 -1.44714886 -1.50728137 -0.58524947 -0.30463107\n -0.73224007  1.42584909  0.61071944 -0.46498444 -1.06630959  0.90470062\n  0.57063109  0.82452394  0.22319879  1.35903518  1.35235379 -0.73224007\n -0.83246092 -0.35808219 -0.13759631 -1.4137419   1.43921187  0.10961515\n  0.83120533  1.85452711  1.46286399  0.84710704  1.6022378 ]",
    "y_pred_cv": "[-1.169074   -1.0163999  -0.11980116  1.044519    0.20454255 -1.0730851\n -1.157414    0.86146605 -0.30466998  0.81591284 -0.5011911  -0.89585394\n -0.6160696  -0.7163923   0.8504846  -0.16033737  1.0351965  -1.0025831\n  1.1228322  -0.22643106 -1.2890987  -0.5856279   0.7167704  -0.26935428\n -0.88287926  0.89636993 -0.44379553 -1.1161653  -0.6473682  -0.03014361\n -0.80671614  0.89636993  0.5850323  -0.39592472 -0.6807226   0.6244839\n  0.4021454   0.6454674  -0.13085368  0.9547395   0.9536112  -0.59175223\n -0.5904368  -0.24153017 -0.1512775  -0.38629353  0.89636993  0.08935274\n  0.8296276   1.1941488   1.2100755   1.2515141   1.2515141 ]",
    "y_pred_proba_cv": null,
    "saved_files": {
      "original_data": "trained_models\\3555b5e0-9de2-4f91-a990-0d2d4b3eb8b5\\cross_validation_data\\3555b5e0-9de2-4f91-a990-0d2d4b3eb8b5_original_data.csv",
      "preprocessed_data": "trained_models\\3555b5e0-9de2-4f91-a990-0d2d4b3eb8b5\\cross_validation_data\\3555b5e0-9de2-4f91-a990-0d2d4b3eb8b5_preprocessed_data.csv",
      "cv_predictions_processed": "trained_models\\3555b5e0-9de2-4f91-a990-0d2d4b3eb8b5\\cross_validation_data\\3555b5e0-9de2-4f91-a990-0d2d4b3eb8b5_cv_predictions_processed.csv",
      "cv_predictions_original": "trained_models\\3555b5e0-9de2-4f91-a990-0d2d4b3eb8b5\\cross_validation_data\\3555b5e0-9de2-4f91-a990-0d2d4b3eb8b5_cv_predictions_original.csv",
      "scatter_plot": "trained_models\\3555b5e0-9de2-4f91-a990-0d2d4b3eb8b5\\cross_validation_data\\3555b5e0-9de2-4f91-a990-0d2d4b3eb8b5_cv_scatter_plot.png"
    },
    "cv_predictions": "{'y_true_processed': array([-1.36697217, -1.46719303, -0.58524947,  0.69089613,  0.07620819,\n       -1.03958403, -1.50059998,  1.31226545, -0.26454273,  0.93810758,\n       -0.11087074, -0.83914231, -0.75228424, -0.72555868,  0.02275707,\n        0.2833313 ,  1.09846095, -1.35360939,  1.11182373, -0.59861225,\n       -1.30683965, -0.84582371,  0.76439142, -0.4248961 , -0.53179835,\n        1.57952107, -1.44714886, -1.50728137, -0.58524947, -0.30463107,\n       -0.73224007,  1.42584909,  0.61071944, -0.46498444, -1.06630959,\n        0.90470062,  0.57063109,  0.82452394,  0.22319879,  1.35903518,\n        1.35235379, -0.73224007, -0.83246092, -0.35808219, -0.13759631,\n       -1.4137419 ,  1.43921187,  0.10961515,  0.83120533,  1.85452711,\n        1.46286399,  0.84710704,  1.6022378 ]), 'y_pred_processed': array([-1.169074  , -1.0163999 , -0.11980116,  1.044519  ,  0.20454255,\n       -1.0730851 , -1.157414  ,  0.86146605, -0.30466998,  0.81591284,\n       -0.5011911 , -0.89585394, -0.6160696 , -0.7163923 ,  0.8504846 ,\n       -0.16033737,  1.0351965 , -1.0025831 ,  1.1228322 , -0.22643106,\n       -1.2890987 , -0.5856279 ,  0.7167704 , -0.26935428, -0.88287926,\n        0.89636993, -0.44379553, -1.1161653 , -0.6473682 , -0.03014361,\n       -0.80671614,  0.89636993,  0.5850323 , -0.39592472, -0.6807226 ,\n        0.6244839 ,  0.4021454 ,  0.6454674 , -0.13085368,  0.9547395 ,\n        0.9536112 , -0.59175223, -0.5904368 , -0.24153017, -0.1512775 ,\n       -0.38629353,  0.89636993,  0.08935274,  0.8296276 ,  1.1941488 ,\n        1.2100755 ,  1.2515141 ,  1.2515141 ], dtype=float32), 'y_true_original': array([1.32  , 1.17  , 2.49  , 4.4   , 3.48  , 1.81  , 1.12  , 5.33  ,\n       2.97  , 4.77  , 3.2   , 2.11  , 2.24  , 2.28  , 3.4   , 3.79  ,\n       5.01  , 1.34  , 5.03  , 2.47  , 1.41  , 2.1   , 4.51  , 2.73  ,\n       2.57  , 5.73  , 1.2   , 1.11  , 2.49  , 2.91  , 2.27  , 5.5   ,\n       4.28  , 2.67  , 1.77  , 4.72  , 4.22  , 4.6   , 3.7   , 5.4   ,\n       5.39  , 2.27  , 2.12  , 2.83  , 3.16  , 1.25  , 5.52  , 3.53  ,\n       4.61  , 6.1416, 5.5554, 4.6338, 5.764 ]), 'y_pred_original': array([1.6161929, 1.8446996, 3.1866338, 4.9292655, 3.6720774, 1.7598592,\n       1.6336446, 4.655291 , 2.9099417, 4.587112 , 2.6158097, 2.02512  ,\n       2.4438717, 2.2937193, 4.6388555, 3.1259637, 4.915313 , 1.865379 ,\n       5.0464764, 3.0270414, 1.4365528, 2.4894335, 4.438726 , 2.9627986,\n       2.0445392, 4.7075315, 2.7017133, 1.6953813, 2.3970273, 3.320824 ,\n       2.1585321, 4.7075315, 4.2415543, 2.7733614, 2.347106 , 4.300601 ,\n       3.9678285, 4.332007 , 3.1700916, 4.794893 , 4.7932043, 2.4802673,\n       2.4822361, 3.0044427, 3.1395235, 2.7877762, 4.7075315, 3.4996734,\n       4.607639 , 5.1532154, 5.177053 , 5.2390738, 5.2390738],\n      dtype=float32)}"
  },
  "feature_importance": {
    "SiO2": {
      "weight": 33.0,
      "gain": 4.563903331756592,
      "cover": 34.57575607299805,
      "sklearn_gain": 0.6554182171821594,
      "permutation_mean": 1.2487880566160234,
      "permutation_std": 0.1406995299978798
    },
    "CeO2": {
      "weight": 15.0,
      "gain": 0.6813958883285522,
      "cover": 38.0,
      "sklearn_gain": 0.09785468131303787,
      "permutation_mean": 0.007548706302846475,
      "permutation_std": 0.003387580302145977
    },
    "lignin": {
      "weight": 29.0,
      "gain": 0.7826378345489502,
      "cover": 33.034481048583984,
      "sklearn_gain": 0.11239394545555115,
      "permutation_mean": 0.12763824846949529,
      "permutation_std": 0.024980782664810526
    },
    "vinyl": {
      "weight": 14.0,
      "gain": 0.9354079961776733,
      "cover": 36.71428680419922,
      "sklearn_gain": 0.13433313369750977,
      "permutation_mean": 0.01787120572179355,
      "permutation_std": 0.004445702397600093
    }
  },
  "recommendations": [
    "📊 Moderate regression performance (R² > 0.70). Consider feature engineering or additional data.",
    "⚖️ One feature dominates importance. Verify data quality and consider feature engineering.",
    "🔄 Consider running more optimization trials for better hyperparameter exploration."
  ],
  "raw_training_results": {
    "model_name": "3555b5e0-9de2-4f91-a990-0d2d4b3eb8b5",
    "model_id": "3555b5e0-9de2-4f91-a990-0d2d4b3eb8b5",
    "task_type": "regression",
    "target_column": "TS-AF",
    "target_name": [
      "TS-AF"
    ],
    "target_dimension": 1,
    "training_time_seconds": 4.903637,
    "data_shape": {
      "n_samples": 53,
      "n_features": 4
    },
    "feature_names": [
      "SiO2",
      "CeO2",
      "lignin",
      "vinyl"
    ],
    "hyperparameters": {
      "n_estimators": 90,
      "max_depth": 10,
      "learning_rate": 0.1205712628744377,
      "subsample": 0.8394633936788146,
      "colsample_bytree": 0.6624074561769746,
      "colsample_bylevel": 0.662397808134481,
      "reg_alpha": 3.3323645788192616e-08,
      "reg_lambda": 0.6245760287469893,
      "min_child_weight": 7,
      "gamma": 0.023585940584142682
    },
    "performance_metrics": {
      "MAE": {
        "scores": [
          0.1646809304144812,
          0.32886484680170563,
          0.29399224072601343,
          0.37047723468351534,
          0.27682233705832804
        ],
        "mean": 0.28696751793680875,
        "std": 0.0690442464949928,
        "min": 0.1646809304144812,
        "max": 0.37047723468351534
      },
      "MSE": {
        "scores": [
          0.04589470523309753,
          0.1894971520369438,
          0.13212688462056668,
          0.20326147759651927,
          0.1365396403819361
        ],
        "mean": 0.1414639719738127,
        "std": 0.05544552835962968,
        "min": 0.04589470523309753,
        "max": 0.20326147759651927
      },
      "R2": {
        "scores": [
          0.9315430342073313,
          0.7865075834400882,
          0.9018641237474658,
          0.7582253037932537,
          0.8416535620147417
        ],
        "mean": 0.8439587214405762,
        "std": 0.06584863457683444,
        "min": 0.7582253037932537,
        "max": 0.9315430342073313
      }
    },
    "cross_validation_results": {
      "test_scores": {
        "MAE": {
          "scores": [
            0.1646809304144812,
            0.32886484680170563,
            0.29399224072601343,
            0.37047723468351534,
            0.27682233705832804
          ],
          "mean": 0.28696751793680875,
          "std": 0.0690442464949928,
          "min": 0.1646809304144812,
          "max": 0.37047723468351534
        },
        "MSE": {
          "scores": [
            0.04589470523309753,
            0.1894971520369438,
            0.13212688462056668,
            0.20326147759651927,
            0.1365396403819361
          ],
          "mean": 0.1414639719738127,
          "std": 0.05544552835962968,
          "min": 0.04589470523309753,
          "max": 0.20326147759651927
        },
        "R2": {
          "scores": [
            0.9315430342073313,
            0.7865075834400882,
            0.9018641237474658,
            0.7582253037932537,
            0.8416535620147417
          ],
          "mean": 0.8439587214405762,
          "std": 0.06584863457683444,
          "min": 0.7582253037932537,
          "max": 0.9315430342073313
        }
      },
      "train_scores": {
        "MAE": {
          "scores": [
            0.20330534674352566,
            0.17828086999323697,
            0.23031788127264713,
            0.18700584802960316,
            0.19556900695073856
          ],
          "mean": 0.1988957905979503,
          "std": 0.01780002889336101,
          "min": 0.17828086999323697,
          "max": 0.23031788127264713
        },
        "MSE": {
          "scores": [
            0.07072442274344301,
            0.048760287159113395,
            0.09453827810560425,
            0.05984594708938881,
            0.06241504012941249
          ],
          "mean": 0.0672567950453924,
          "std": 0.015341367748004174,
          "min": 0.048760287159113395,
          "max": 0.09453827810560425
        },
        "R2": {
          "scores": [
            0.9336926599976918,
            0.9519147176753331,
            0.8908762509059491,
            0.9416041473096556,
            0.9377975662918965
          ],
          "mean": 0.9311770684361053,
          "std": 0.02103848452796297,
          "min": 0.8908762509059491,
          "max": 0.9519147176753331
        }
      },
      "fit_times": "[0.10720229 0.11950183 0.1197722  0.10358572 0.10846877]",
      "score_times": "[0.00205612 0.         0.00318193 0.00400281 0.00174236]",
      "timing": {
        "fit_time_mean": 0.11170616149902343,
        "fit_time_std": 0.006671438454364605,
        "score_time_mean": 0.002196645736694336,
        "score_time_std": 0.001362673371117633
      },
      "task_type": "regression",
      "cv_folds": 5,
      "data_shape": [
        53,
        4
      ],
      "y_true": "[-1.36697217 -1.46719303 -0.58524947  0.69089613  0.07620819 -1.03958403\n -1.50059998  1.31226545 -0.26454273  0.93810758 -0.11087074 -0.83914231\n -0.75228424 -0.72555868  0.02275707  0.2833313   1.09846095 -1.35360939\n  1.11182373 -0.59861225 -1.30683965 -0.84582371  0.76439142 -0.4248961\n -0.53179835  1.57952107 -1.44714886 -1.50728137 -0.58524947 -0.30463107\n -0.73224007  1.42584909  0.61071944 -0.46498444 -1.06630959  0.90470062\n  0.57063109  0.82452394  0.22319879  1.35903518  1.35235379 -0.73224007\n -0.83246092 -0.35808219 -0.13759631 -1.4137419   1.43921187  0.10961515\n  0.83120533  1.85452711  1.46286399  0.84710704  1.6022378 ]",
      "y_pred_cv": "[-1.169074   -1.0163999  -0.11980116  1.044519    0.20454255 -1.0730851\n -1.157414    0.86146605 -0.30466998  0.81591284 -0.5011911  -0.89585394\n -0.6160696  -0.7163923   0.8504846  -0.16033737  1.0351965  -1.0025831\n  1.1228322  -0.22643106 -1.2890987  -0.5856279   0.7167704  -0.26935428\n -0.88287926  0.89636993 -0.44379553 -1.1161653  -0.6473682  -0.03014361\n -0.80671614  0.89636993  0.5850323  -0.39592472 -0.6807226   0.6244839\n  0.4021454   0.6454674  -0.13085368  0.9547395   0.9536112  -0.59175223\n -0.5904368  -0.24153017 -0.1512775  -0.38629353  0.89636993  0.08935274\n  0.8296276   1.1941488   1.2100755   1.2515141   1.2515141 ]",
      "y_pred_proba_cv": null,
      "saved_files": {
        "original_data": "trained_models\\3555b5e0-9de2-4f91-a990-0d2d4b3eb8b5\\cross_validation_data\\3555b5e0-9de2-4f91-a990-0d2d4b3eb8b5_original_data.csv",
        "preprocessed_data": "trained_models\\3555b5e0-9de2-4f91-a990-0d2d4b3eb8b5\\cross_validation_data\\3555b5e0-9de2-4f91-a990-0d2d4b3eb8b5_preprocessed_data.csv",
        "cv_predictions_processed": "trained_models\\3555b5e0-9de2-4f91-a990-0d2d4b3eb8b5\\cross_validation_data\\3555b5e0-9de2-4f91-a990-0d2d4b3eb8b5_cv_predictions_processed.csv",
        "cv_predictions_original": "trained_models\\3555b5e0-9de2-4f91-a990-0d2d4b3eb8b5\\cross_validation_data\\3555b5e0-9de2-4f91-a990-0d2d4b3eb8b5_cv_predictions_original.csv",
        "scatter_plot": "trained_models\\3555b5e0-9de2-4f91-a990-0d2d4b3eb8b5\\cross_validation_data\\3555b5e0-9de2-4f91-a990-0d2d4b3eb8b5_cv_scatter_plot.png"
      },
      "cv_predictions": "{'y_true_processed': array([-1.36697217, -1.46719303, -0.58524947,  0.69089613,  0.07620819,\n       -1.03958403, -1.50059998,  1.31226545, -0.26454273,  0.93810758,\n       -0.11087074, -0.83914231, -0.75228424, -0.72555868,  0.02275707,\n        0.2833313 ,  1.09846095, -1.35360939,  1.11182373, -0.59861225,\n       -1.30683965, -0.84582371,  0.76439142, -0.4248961 , -0.53179835,\n        1.57952107, -1.44714886, -1.50728137, -0.58524947, -0.30463107,\n       -0.73224007,  1.42584909,  0.61071944, -0.46498444, -1.06630959,\n        0.90470062,  0.57063109,  0.82452394,  0.22319879,  1.35903518,\n        1.35235379, -0.73224007, -0.83246092, -0.35808219, -0.13759631,\n       -1.4137419 ,  1.43921187,  0.10961515,  0.83120533,  1.85452711,\n        1.46286399,  0.84710704,  1.6022378 ]), 'y_pred_processed': array([-1.169074  , -1.0163999 , -0.11980116,  1.044519  ,  0.20454255,\n       -1.0730851 , -1.157414  ,  0.86146605, -0.30466998,  0.81591284,\n       -0.5011911 , -0.89585394, -0.6160696 , -0.7163923 ,  0.8504846 ,\n       -0.16033737,  1.0351965 , -1.0025831 ,  1.1228322 , -0.22643106,\n       -1.2890987 , -0.5856279 ,  0.7167704 , -0.26935428, -0.88287926,\n        0.89636993, -0.44379553, -1.1161653 , -0.6473682 , -0.03014361,\n       -0.80671614,  0.89636993,  0.5850323 , -0.39592472, -0.6807226 ,\n        0.6244839 ,  0.4021454 ,  0.6454674 , -0.13085368,  0.9547395 ,\n        0.9536112 , -0.59175223, -0.5904368 , -0.24153017, -0.1512775 ,\n       -0.38629353,  0.89636993,  0.08935274,  0.8296276 ,  1.1941488 ,\n        1.2100755 ,  1.2515141 ,  1.2515141 ], dtype=float32), 'y_true_original': array([1.32  , 1.17  , 2.49  , 4.4   , 3.48  , 1.81  , 1.12  , 5.33  ,\n       2.97  , 4.77  , 3.2   , 2.11  , 2.24  , 2.28  , 3.4   , 3.79  ,\n       5.01  , 1.34  , 5.03  , 2.47  , 1.41  , 2.1   , 4.51  , 2.73  ,\n       2.57  , 5.73  , 1.2   , 1.11  , 2.49  , 2.91  , 2.27  , 5.5   ,\n       4.28  , 2.67  , 1.77  , 4.72  , 4.22  , 4.6   , 3.7   , 5.4   ,\n       5.39  , 2.27  , 2.12  , 2.83  , 3.16  , 1.25  , 5.52  , 3.53  ,\n       4.61  , 6.1416, 5.5554, 4.6338, 5.764 ]), 'y_pred_original': array([1.6161929, 1.8446996, 3.1866338, 4.9292655, 3.6720774, 1.7598592,\n       1.6336446, 4.655291 , 2.9099417, 4.587112 , 2.6158097, 2.02512  ,\n       2.4438717, 2.2937193, 4.6388555, 3.1259637, 4.915313 , 1.865379 ,\n       5.0464764, 3.0270414, 1.4365528, 2.4894335, 4.438726 , 2.9627986,\n       2.0445392, 4.7075315, 2.7017133, 1.6953813, 2.3970273, 3.320824 ,\n       2.1585321, 4.7075315, 4.2415543, 2.7733614, 2.347106 , 4.300601 ,\n       3.9678285, 4.332007 , 3.1700916, 4.794893 , 4.7932043, 2.4802673,\n       2.4822361, 3.0044427, 3.1395235, 2.7877762, 4.7075315, 3.4996734,\n       4.607639 , 5.1532154, 5.177053 , 5.2390738, 5.2390738],\n      dtype=float32)}"
    },
    "feature_importance": {
      "SiO2": {
        "weight": 33.0,
        "gain": 4.563903331756592,
        "cover": 34.57575607299805,
        "sklearn_gain": 0.6554182171821594,
        "permutation_mean": 1.2487880566160234,
        "permutation_std": 0.1406995299978798
      },
      "CeO2": {
        "weight": 15.0,
        "gain": 0.6813958883285522,
        "cover": 38.0,
        "sklearn_gain": 0.09785468131303787,
        "permutation_mean": 0.007548706302846475,
        "permutation_std": 0.003387580302145977
      },
      "lignin": {
        "weight": 29.0,
        "gain": 0.7826378345489502,
        "cover": 33.034481048583984,
        "sklearn_gain": 0.11239394545555115,
        "permutation_mean": 0.12763824846949529,
        "permutation_std": 0.024980782664810526
      },
      "vinyl": {
        "weight": 14.0,
        "gain": 0.9354079961776733,
        "cover": 36.71428680419922,
        "sklearn_gain": 0.13433313369750977,
        "permutation_mean": 0.01787120572179355,
        "permutation_std": 0.004445702397600093
      }
    },
    "model_info": {
      "is_fitted": true,
      "task_type": "regression",
      "n_features": 4,
      "feature_names": [
        "SiO2",
        "CeO2",
        "lignin",
        "vinyl"
      ],
      "model_params": {
        "n_estimators": 90,
        "max_depth": 10,
        "learning_rate": 0.1205712628744377,
        "subsample": 0.8394633936788146,
        "colsample_bytree": 0.6624074561769746,
        "colsample_bylevel": 0.662397808134481,
        "colsample_bynode": 1.0,
        "reg_alpha": 3.3323645788192616e-08,
        "reg_lambda": 0.6245760287469893,
        "gamma": 0.023585940584142682,
        "min_child_weight": 7,
        "tree_method": "hist",
        "device": "cuda",
        "n_jobs": 1,
        "random_state": 42
      },
      "n_estimators": 90,
      "max_depth": 10,
      "learning_rate": 0.1205712628744377,
      "subsample": 0.8394633936788146,
      "colsample_bytree": 0.6624074561769746,
      "gpu_info": {
        "gpu_available": true,
        "gpu_enabled": true,
        "effective_device": "cuda",
        "tree_method": "hist",
        "using_gpu": true,
        "gpu_name": "NVIDIA GeForce RTX 4060 Laptop GPU",
        "gpu_memory_total_mb": 8188,
        "gpu_memory_used_mb": 1017,
        "gpu_memory_available_mb": 7171
      }
    },
    "optimization_results": {
      "best_params": {
        "n_estimators": 90,
        "max_depth": 10,
        "learning_rate": 0.1205712628744377,
        "subsample": 0.8394633936788146,
        "colsample_bytree": 0.6624074561769746,
        "colsample_bylevel": 0.662397808134481,
        "reg_alpha": 3.3323645788192616e-08,
        "reg_lambda": 0.6245760287469893,
        "min_child_weight": 7,
        "gamma": 0.023585940584142682
      },
      "best_score": -0.28696751793680875,
      "best_trial_number": 0,
      "n_trials": 2,
      "n_completed_trials": 2,
      "task_type": "regression",
      "sampler_type": "TPE",
      "optimization_history": [
        {
          "trial_number": 0,
          "value": -0.28696751793680875,
          "params": {
            "n_estimators": 90,
            "max_depth": 10,
            "learning_rate": 0.1205712628744377,
            "subsample": 0.8394633936788146,
            "colsample_bytree": 0.6624074561769746,
            "colsample_bylevel": 0.662397808134481,
            "reg_alpha": 3.3323645788192616e-08,
            "reg_lambda": 0.6245760287469893,
            "min_child_weight": 7,
            "gamma": 0.023585940584142682
          },
          "state": "COMPLETE",
          "datetime": "2025-07-15T19:39:07.800826",
          "duration": 0.771204
        },
        {
          "trial_number": 1,
          "value": -0.2946381487932525,
          "params": {
            "n_estimators": 50,
            "max_depth": 10,
            "learning_rate": 0.16967533607196555,
            "subsample": 0.6849356442713105,
            "colsample_bytree": 0.6727299868828402,
            "colsample_bylevel": 0.6733618039413735,
            "reg_alpha": 5.472429642032198e-06,
            "reg_lambda": 0.00052821153945323,
            "min_child_weight": 5,
            "gamma": 4.17890272377219e-06
          },
          "state": "COMPLETE",
          "datetime": "2025-07-15T19:39:08.572030",
          "duration": 0.637983
        }
      ],
      "best_cv_scores": [
        -0.1646809304144812,
        -0.32886484680170563,
        -0.29399224072601343,
        -0.37047723468351534,
        -0.27682233705832804
      ],
      "best_cv_std": 0.0690442464949928
    },
    "training_completed_at": "2025-07-15T19:39:12.182404",
    "preprocessing_applied": true,
    "preprocessing_pipeline_path": "trained_models\\3555b5e0-9de2-4f91-a990-0d2d4b3eb8b5\\preprocessing_pipeline.pkl",
    "scaling_method": "standard",
    "label_mapping": null,
    "tool_input_details": {
      "data_source": "D:\\TS-AF.xls",
      "optimize_hyperparameters": true,
      "n_trials": 2,
      "cv_folds": 5,
      "optimization_algorithm": "TPE",
      "scoring_metric": "neg_mean_absolute_error",
      "validate_data": true,
      "save_model": true,
      "apply_preprocessing": true,
      "scaling_method": "standard",
      "task_type": "regression",
      "additional_model_params": {},
      "base_model_params": {
        "random_state": 42,
        "n_jobs": -1
      }
    },
    "preprocessing_details": {
      "applied": true,
      "target_preprocessing_applied": true,
      "scaling_method": "standard",
      "scaling_method_description": "StandardScaler (mean=0, std=1)",
      "pipeline_saved": true,
      "pipeline_components": {
        "numerical_imputer": true,
        "categorical_one_hot_encoder": true,
        "categorical_label_encoder": true,
        "feature_scaler": true,
        "target_scaler": true
      },
      "original_feature_count": 4,
      "processed_feature_count": 4,
      "preprocessing_info": {
        "is_fitted": true,
        "target_is_fitted": true,
        "config": {
          "numerical_features": [
            "SiO2",
            "CeO2",
            "lignin",
            "vinyl"
          ],
          "categorical_features": [],
          "scaling_method": "standard",
          "impute_missing": true,
          "use_one_hot": false,
          "target_task_type": "regression",
          "target_scaling_method": "standard",
          "target_names": [
            "target"
          ],
          "target_shape": [
            53
          ]
        },
        "feature_names_in": [
          "SiO2",
          "CeO2",
          "lignin",
          "vinyl"
        ],
        "feature_names_out": [
          "SiO2",
          "CeO2",
          "lignin",
          "vinyl"
        ],
        "target_names": [
          "target"
        ],
        "input_feature_count": 4,
        "output_feature_count": 4,
        "preprocessing_steps": [
          {
            "transformer_name": "numerical",
            "columns": [
              "SiO2",
              "CeO2",
              "lignin",
              "vinyl"
            ],
            "column_count": 4,
            "scaling_method": "standard"
          }
        ]
      }
    },
    "model_directory": "trained_models\\3555b5e0-9de2-4f91-a990-0d2d4b3eb8b5"
  }
}