{
  "model_id": "b45a9514-d964-4753-a889-437ba34aabdd",
  "task_type": "regression",
  "is_batch": false,
  "predictions": 2.513545274734497,
  "raw_predictions": 7.40352201461792,
  "confidence_scores": [
    0.9963468909263611
  ],
  "label_mapping": null,
  "error_occurred": false,
  "error_message": null,
  "prediction_id": "253eb90c-ec0c-4454-a1bf-97b145508cb7",
  "prediction_metadata": {
    "prediction_timestamp": "2025-07-03T15:03:36.500866",
    "feature_names": [
      "Br",
      "Cl",
      "I",
      "Li",
      "O",
      "P",
      "S"
    ],
    "feature_values": [
      [
        0.8634707630254836,
        -0.4703241927208738,
        -0.35184345254182897,
        -0.2734819365396321,
        -0.45714460460487333,
        0.0370699783813251,
        0.167096875132948
      ]
    ],
    "num_samples": 1,
    "prediction_time_seconds": 0.640386,
    "tool_input_details": {
      "model_id": "b45a9514-d964-4753-a889-437ba34aabdd",
      "feature_values": [
        0.0488,
        0.0712,
        0.0,
        0.44,
        0.0072,
        0.08,
        0.3528
      ],
      "feature_names": null,
      "include_confidence": true,
      "save_intermediate_files": true,
      "generate_report": true,
      "output_path": null
    }
  },
  "saved_files": {
    "original_data": "trained_models\\b45a9514-d964-4753-a889-437ba34aabdd\\predictions\\253eb90c-ec0c-4454-a1bf-97b145508cb7\\01_original_data.csv",
    "processed_features": "trained_models\\b45a9514-d964-4753-a889-437ba34aabdd\\predictions\\253eb90c-ec0c-4454-a1bf-97b145508cb7\\02_processed_features.csv",
    "predictions_processed": "trained_models\\b45a9514-d964-4753-a889-437ba34aabdd\\predictions\\253eb90c-ec0c-4454-a1bf-97b145508cb7\\03_predictions_processed_scale.csv",
    "predictions_original": "trained_models\\b45a9514-d964-4753-a889-437ba34aabdd\\predictions\\253eb90c-ec0c-4454-a1bf-97b145508cb7\\04_predictions_original_scale.csv",
    "confidence_scores": "trained_models\\b45a9514-d964-4753-a889-437ba34aabdd\\predictions\\253eb90c-ec0c-4454-a1bf-97b145508cb7\\05_confidence_scores.csv",
    "combined_results": "trained_models\\b45a9514-d964-4753-a889-437ba34aabdd\\predictions\\253eb90c-ec0c-4454-a1bf-97b145508cb7\\06_combined_results.csv"
  },
  "folder_structure": {
    "01_original_data.csv": "Original input data as provided",
    "02_processed_features.csv": "Features after preprocessing/normalization",
    "03_predictions_processed_scale.csv": "Predictions in processed/normalized scale",
    "04_predictions_original_scale.csv": "Predictions transformed back to original scale",
    "05_confidence_scores.csv": "Confidence/uncertainty scores for each prediction",
    "06_combined_results.csv": "All data combined: features + predictions + confidence",
    "prediction_summary.json": "Complete prediction results and metadata",
    "prediction_report.html": "Detailed HTML report"
  }
}