{
  "best_params": {
    "n_estimators": 90,
    "max_depth": 10,
    "learning_rate": 0.1205712628744377,
    "subsample": 0.8394633936788146,
    "colsample_bytree": 0.6624074561769746,
    "colsample_bylevel": 0.662397808134481,
    "reg_alpha": 3.3323645788192616e-08,
    "reg_lambda": 0.6245760287469893,
    "min_child_weight": 7,
    "gamma": 0.023585940584142682
  },
  "best_score": -0.28696751793680875,
  "best_trial_number": 0,
  "n_trials": 2,
  "n_completed_trials": 2,
  "task_type": "regression",
  "sampler_type": "TPE",
  "optimization_history": [
    {
      "trial_number": 0,
      "value": -0.28696751793680875,
      "params": {
        "n_estimators": 90,
        "max_depth": 10,
        "learning_rate": 0.1205712628744377,
        "subsample": 0.8394633936788146,
        "colsample_bytree": 0.6624074561769746,
        "colsample_bylevel": 0.662397808134481,
        "reg_alpha": 3.3323645788192616e-08,
        "reg_lambda": 0.6245760287469893,
        "min_child_weight": 7,
        "gamma": 0.023585940584142682
      },
      "state": "COMPLETE",
      "datetime": "2025-07-15T19:36:17.861107",
      "duration": 0.768504
    },
    {
      "trial_number": 1,
      "value": -0.2946381487932525,
      "params": {
        "n_estimators": 50,
        "max_depth": 10,
        "learning_rate": 0.16967533607196555,
        "subsample": 0.6849356442713105,
        "colsample_bytree": 0.6727299868828402,
        "colsample_bylevel": 0.6733618039413735,
        "reg_alpha": 5.472429642032198e-06,
        "reg_lambda": 0.00052821153945323,
        "min_child_weight": 5,
        "gamma": 4.17890272377219e-06
      },
      "state": "COMPLETE",
      "datetime": "2025-07-15T19:36:18.630610",
      "duration": 0.562107
    }
  ],
  "best_cv_scores": [
    -0.1646809304144812,
    -0.32886484680170563,
    -0.29399224072601343,
    -0.37047723468351534,
    -0.27682233705832804
  ],
  "best_cv_std": 0.0690442464949928,
  "trials_dataframe": "   number     value             datetime_start  ... user_attrs_cv_std                                  user_attrs_params     state\n0       0 -0.286968 2025-07-15 19:36:17.861107  ...          0.069044  {'n_estimators': 90, 'max_depth': 10, 'learnin...  COMPLETE\n1       1 -0.294638 2025-07-15 19:36:18.630610  ...          0.080943  {'n_estimators': 50, 'max_depth': 10, 'learnin...  COMPLETE\n\n[2 rows x 19 columns]",
  "parameter_ranges": {
    "n_estimators": {
      "range": [
        50,
        150
      ],
      "step": 10,
      "description": "Number of boosting rounds (trees) in the ensemble"
    },
    "max_depth": {
      "range": [
        1,
        10
      ],
      "step": 1,
      "description": "Maximum depth of each tree in the ensemble"
    },
    "learning_rate": {
      "range": [
        0.01,
        0.3
      ],
      "scale": "log",
      "description": "Step size shrinkage to prevent overfitting"
    },
    "subsample": {
      "range": [
        0.6,
        1.0
      ],
      "scale": "linear",
      "description": "Fraction of samples used for training each tree"
    },
    "colsample_bytree": {
      "range": [
        0.6,
        1.0
      ],
      "scale": "linear",
      "description": "Fraction of features used for training each tree"
    },
    "colsample_bylevel": {
      "range": [
        0.6,
        1.0
      ],
      "scale": "linear",
      "description": "Fraction of features used for each level in each tree"
    },
    "reg_alpha": {
      "range": [
        1e-08,
        10.0
      ],
      "scale": "log",
      "description": "L1 regularization term on weights (Lasso regularization)"
    },
    "reg_lambda": {
      "range": [
        1e-08,
        10.0
      ],
      "scale": "log",
      "description": "L2 regularization term on weights (Ridge regularization)"
    },
    "min_child_weight": {
      "range": [
        1,
        10
      ],
      "step": 1,
      "description": "Minimum sum of instance weight needed in a child node"
    },
    "gamma": {
      "range": [
        1e-08,
        10.0
      ],
      "scale": "log",
      "description": "Minimum loss reduction required to make a split"
    }
  }
}