{
  "model_id": "3425812e-6b5f-4d30-a179-c7a5663929c2",
  "task_type": "classification",
  "is_batch": false,
  "predictions": "Iris-virginica",
  "raw_predictions": [
    "Iris-virginica"
  ],
  "confidence_scores": [
    0.9706889986991882
  ],
  "label_mapping": {
    "class_to_label": {
      "0": "Iris-setosa",
      "1": "Iris-versicolor",
      "2": "Iris-virginica"
    },
    "label_to_class": {
      "Iris-setosa": 0,
      "Iris-versicolor": 1,
      "Iris-virginica": 2
    },
    "classes": [
      "Iris-setosa",
      "Iris-versicolor",
      "Iris-virginica"
    ]
  },
  "error_occurred": false,
  "error_message": null,
  "prediction_id": "3b5538e9-5cfc-4ae8-a056-1cb1aca62396",
  "prediction_metadata": {
    "prediction_timestamp": "2025-07-03T13:49:55.802704",
    "feature_names": [
      "sepal_length",
      "sepal_width",
      "petal_length",
      "petal_width"
    ],
    "feature_values": [
      [
        1.1591726272442633,
        -0.12495760117130933,
        0.9902214587995143,
        1.1850097031079547
      ]
    ],
    "num_samples": 1,
    "prediction_time_seconds": 0.29419,
    "tool_input_details": {
      "model_id": "3425812e-6b5f-4d30-a179-c7a5663929c2",
      "feature_values": [
        6.8,
        3.0,
        5.5,
        2.1
      ],
      "feature_names": null,
      "include_confidence": true,
      "save_intermediate_files": true,
      "generate_report": true,
      "output_path": null
    }
  },
  "saved_files": {
    "original_data": "trained_models\\3425812e-6b5f-4d30-a179-c7a5663929c2\\predictions\\3b5538e9-5cfc-4ae8-a056-1cb1aca62396\\01_original_data.csv",
    "processed_features": "trained_models\\3425812e-6b5f-4d30-a179-c7a5663929c2\\predictions\\3b5538e9-5cfc-4ae8-a056-1cb1aca62396\\02_processed_features.csv",
    "predictions_processed": "trained_models\\3425812e-6b5f-4d30-a179-c7a5663929c2\\predictions\\3b5538e9-5cfc-4ae8-a056-1cb1aca62396\\03_predictions_processed_scale.csv",
    "predictions_original": "trained_models\\3425812e-6b5f-4d30-a179-c7a5663929c2\\predictions\\3b5538e9-5cfc-4ae8-a056-1cb1aca62396\\04_predictions_original_scale.csv",
    "confidence_scores": "trained_models\\3425812e-6b5f-4d30-a179-c7a5663929c2\\predictions\\3b5538e9-5cfc-4ae8-a056-1cb1aca62396\\05_confidence_scores.csv",
    "combined_results": "trained_models\\3425812e-6b5f-4d30-a179-c7a5663929c2\\predictions\\3b5538e9-5cfc-4ae8-a056-1cb1aca62396\\06_combined_results.csv"
  },
  "folder_structure": {
    "01_original_data.csv": "Original input data as provided",
    "02_processed_features.csv": "Features after preprocessing/normalization",
    "03_predictions_processed_scale.csv": "Predictions in processed/normalized scale",
    "04_predictions_original_scale.csv": "Predictions transformed back to original scale",
    "05_confidence_scores.csv": "Confidence/uncertainty scores for each prediction",
    "06_combined_results.csv": "All data combined: features + predictions + confidence",
    "prediction_summary.json": "Complete prediction results and metadata",
    "prediction_report.html": "Detailed HTML report"
  }
}