{
  "best_params": {
    "n_estimators": 60,
    "max_depth": 8,
    "learning_rate": 0.13297554090738672,
    "subsample": 0.8245108790277985,
    "colsample_bytree": 0.9083868719818244,
    "colsample_bylevel": 0.7975182385457563,
    "reg_alpha": 0.0005065186776865479,
    "reg_lambda": 7.04480806377519e-05,
    "min_child_weight": 1,
    "gamma": 9.354548757337708e-08
  },
  "best_score": -0.3014325266125701,
  "best_trial_number": 9,
  "n_trials": 10,
  "n_completed_trials": 10,
  "task_type": "regression",
  "sampler_type": "TPE",
  "optimization_history": [
    {
      "trial_number": 0,
      "value": -0.40832163674547955,
      "params": {
        "n_estimators": 90,
        "max_depth": 10,
        "learning_rate": 0.1205712628744377,
        "subsample": 0.8394633936788146,
        "colsample_bytree": 0.6624074561769746,
        "colsample_bylevel": 0.662397808134481,
        "reg_alpha": 3.3323645788192616e-08,
        "reg_lambda": 0.6245760287469893,
        "min_child_weight": 7,
        "gamma": 0.023585940584142682
      },
      "state": "COMPLETE",
      "datetime": "2025-07-03T16:18:13.372809",
      "duration": 4.4523
    },
    {
      "trial_number": 1,
      "value": -0.4253144856671211,
      "params": {
        "n_estimators": 50,
        "max_depth": 10,
        "learning_rate": 0.16967533607196555,
        "subsample": 0.6849356442713105,
        "colsample_bytree": 0.6727299868828402,
        "colsample_bylevel": 0.6733618039413735,
        "reg_alpha": 5.472429642032198e-06,
        "reg_lambda": 0.00052821153945323,
        "min_child_weight": 5,
        "gamma": 4.17890272377219e-06
      },
      "state": "COMPLETE",
      "datetime": "2025-07-03T16:18:17.828115",
      "duration": 2.615336
    },
    {
      "trial_number": 2,
      "value": -0.5352104624916794,
      "params": {
        "n_estimators": 110,
        "max_depth": 2,
        "learning_rate": 0.027010527749605478,
        "subsample": 0.7465447373174767,
        "colsample_bytree": 0.7824279936868144,
        "colsample_bylevel": 0.9140703845572055,
        "reg_alpha": 6.267062696005991e-07,
        "reg_lambda": 0.00042472707398058225,
        "min_child_weight": 6,
        "gamma": 2.6185068507773707e-08
      },
      "state": "COMPLETE",
      "datetime": "2025-07-03T16:18:20.445452",
      "duration": 1.764456
    },
    {
      "trial_number": 3,
      "value": -0.5954627456503483,
      "params": {
        "n_estimators": 110,
        "max_depth": 2,
        "learning_rate": 0.012476394272569451,
        "subsample": 0.9795542149013333,
        "colsample_bytree": 0.9862528132298237,
        "colsample_bylevel": 0.9233589392465844,
        "reg_alpha": 5.514725787121931e-06,
        "reg_lambda": 7.569183361880229e-08,
        "min_child_weight": 7,
        "gamma": 9.148975058772307e-05
      },
      "state": "COMPLETE",
      "datetime": "2025-07-03T16:18:22.212911",
      "duration": 5.919979
    },
    {
      "trial_number": 4,
      "value": -0.6342398653472493,
      "params": {
        "n_estimators": 60,
        "max_depth": 5,
        "learning_rate": 0.011240768803005551,
        "subsample": 0.9637281608315128,
        "colsample_bytree": 0.7035119926400067,
        "colsample_bylevel": 0.8650089137415928,
        "reg_alpha": 6.388511557344611e-06,
        "reg_lambda": 0.0004793052550782129,
        "min_child_weight": 6,
        "gamma": 4.609885087947832e-07
      },
      "state": "COMPLETE",
      "datetime": "2025-07-03T16:18:28.134891",
      "duration": 1.631992
    },
    {
      "trial_number": 5,
      "value": -0.31029593939769684,
      "params": {
        "n_estimators": 150,
        "max_depth": 8,
        "learning_rate": 0.24420460844911424,
        "subsample": 0.9579309401710595,
        "colsample_bytree": 0.8391599915244341,
        "colsample_bylevel": 0.9687496940092467,
        "reg_alpha": 6.257956190096665e-08,
        "reg_lambda": 5.805581976088804e-07,
        "min_child_weight": 1,
        "gamma": 8.471746987003668e-06
      },
      "state": "COMPLETE",
      "datetime": "2025-07-03T16:18:29.767886",
      "duration": 7.007293
    },
    {
      "trial_number": 6,
      "value": -0.5087519221380598,
      "params": {
        "n_estimators": 90,
        "max_depth": 3,
        "learning_rate": 0.16755052359850303,
        "subsample": 0.7427013306774357,
        "colsample_bytree": 0.7123738038749523,
        "colsample_bylevel": 0.8170784332632994,
        "reg_alpha": 1.8548894229694903e-07,
        "reg_lambda": 0.16587190283399655,
        "min_child_weight": 1,
        "gamma": 7.620481786158549
      },
      "state": "COMPLETE",
      "datetime": "2025-07-03T16:18:36.778177",
      "duration": 1.197932
    },
    {
      "trial_number": 7,
      "value": -0.5985048486064055,
      "params": {
        "n_estimators": 130,
        "max_depth": 2,
        "learning_rate": 0.010189592979395137,
        "subsample": 0.9261845713819337,
        "colsample_bytree": 0.8827429375390468,
        "colsample_bylevel": 0.8916028672163949,
        "reg_alpha": 0.08738424135626986,
        "reg_lambda": 4.638759594322625e-08,
        "min_child_weight": 4,
        "gamma": 1.1036250149900698e-07
      },
      "state": "COMPLETE",
      "datetime": "2025-07-03T16:18:37.979108",
      "duration": 4.307944
    },
    {
      "trial_number": 8,
      "value": -0.43227118368679296,
      "params": {
        "n_estimators": 140,
        "max_depth": 7,
        "learning_rate": 0.030816017044468066,
        "subsample": 0.6254233401144095,
        "colsample_bytree": 0.7243929286862649,
        "colsample_bylevel": 0.7300733288106989,
        "reg_alpha": 0.036851536911881845,
        "reg_lambda": 0.005470376807480391,
        "min_child_weight": 9,
        "gamma": 0.0001778010520878397
      },
      "state": "COMPLETE",
      "datetime": "2025-07-03T16:18:42.289052",
      "duration": 17.978666
    },
    {
      "trial_number": 9,
      "value": -0.3014325266125701,
      "params": {
        "n_estimators": 60,
        "max_depth": 8,
        "learning_rate": 0.13297554090738672,
        "subsample": 0.8245108790277985,
        "colsample_bytree": 0.9083868719818244,
        "colsample_bylevel": 0.7975182385457563,
        "reg_alpha": 0.0005065186776865479,
        "reg_lambda": 7.04480806377519e-05,
        "min_child_weight": 1,
        "gamma": 9.354548757337708e-08
      },
      "state": "COMPLETE",
      "datetime": "2025-07-03T16:19:00.269718",
      "duration": 2.761963
    }
  ],
  "best_cv_scores": [
    -0.31335403840342796,
    -0.3074170560935318,
    -0.29297011436147313,
    -0.30117201082309314,
    -0.29224941338132454
  ],
  "best_cv_std": 0.008172476915721733,
  "trials_dataframe": "   number     value             datetime_start  ... user_attrs_cv_std                                  user_attrs_params     state\n0       0 -0.408322 2025-07-03 16:18:13.372809  ...          0.016159  {'n_estimators': 90, 'max_depth': 10, 'learnin...  COMPLETE\n1       1 -0.425314 2025-07-03 16:18:17.828115  ...          0.015295  {'n_estimators': 50, 'max_depth': 10, 'learnin...  COMPLETE\n2       2 -0.535210 2025-07-03 16:18:20.445452  ...          0.014726  {'n_estimators': 110, 'max_depth': 2, 'learnin...  COMPLETE\n3       3 -0.595463 2025-07-03 16:18:22.212911  ...          0.018959  {'n_estimators': 110, 'max_depth': 2, 'learnin...  COMPLETE\n4       4 -0.634240 2025-07-03 16:18:28.134891  ...          0.022619  {'n_estimators': 60, 'max_depth': 5, 'learning...  COMPLETE\n5       5 -0.310296 2025-07-03 16:18:29.767886  ...          0.010988  {'n_estimators': 150, 'max_depth': 8, 'learnin...  COMPLETE\n6       6 -0.508752 2025-07-03 16:18:36.778177  ...          0.014872  {'n_estimators': 90, 'max_depth': 3, 'learning...  COMPLETE\n7       7 -0.598505 2025-07-03 16:18:37.979108  ...          0.019214  {'n_estimators': 130, 'max_depth': 2, 'learnin...  COMPLETE\n8       8 -0.432271 2025-07-03 16:18:42.289052  ...          0.017760  {'n_estimators': 140, 'max_depth': 7, 'learnin...  COMPLETE\n9       9 -0.301433 2025-07-03 16:19:00.269718  ...          0.008172  {'n_estimators': 60, 'max_depth': 8, 'learning...  COMPLETE\n\n[10 rows x 19 columns]",
  "parameter_ranges": {
    "n_estimators": {
      "range": [
        50,
        150
      ],
      "step": 10,
      "description": "Number of boosting rounds (trees) in the ensemble"
    },
    "max_depth": {
      "range": [
        1,
        10
      ],
      "step": 1,
      "description": "Maximum depth of each tree in the ensemble"
    },
    "learning_rate": {
      "range": [
        0.01,
        0.3
      ],
      "scale": "log",
      "description": "Step size shrinkage to prevent overfitting"
    },
    "subsample": {
      "range": [
        0.6,
        1.0
      ],
      "scale": "linear",
      "description": "Fraction of samples used for training each tree"
    },
    "colsample_bytree": {
      "range": [
        0.6,
        1.0
      ],
      "scale": "linear",
      "description": "Fraction of features used for training each tree"
    },
    "colsample_bylevel": {
      "range": [
        0.6,
        1.0
      ],
      "scale": "linear",
      "description": "Fraction of features used for each level in each tree"
    },
    "reg_alpha": {
      "range": [
        1e-08,
        10.0
      ],
      "scale": "log",
      "description": "L1 regularization term on weights (Lasso regularization)"
    },
    "reg_lambda": {
      "range": [
        1e-08,
        10.0
      ],
      "scale": "log",
      "description": "L2 regularization term on weights (Ridge regularization)"
    },
    "min_child_weight": {
      "range": [
        1,
        10
      ],
      "step": 1,
      "description": "Minimum sum of instance weight needed in a child node"
    },
    "gamma": {
      "range": [
        1e-08,
        10.0
      ],
      "scale": "log",
      "description": "Minimum loss reduction required to make a split"
    }
  }
}