{
  "is_fitted": true,
  "target_is_fitted": true,
  "config": {
    "numerical_features": [
      "\u53cc\u915a",
      "\u6c22\u5316",
      "\u73af\u6c27\u503c",
      "\u82ef\u57fa",
      "\u73af\u5df1\u70f7",
      "\u8fde\u82ef\u57fa",
      "\u8fde\u73af\u5df1\u57fa",
      "\u80fa\u503c",
      "\u5f02\u4e01\u57fa",
      "\u5f02\u8f9b\u57fa",
      "\u5df1\u5185\u916f",
      "\u4ea4\u8054\u5bc6\u5ea6"
    ],
    "categorical_features": [],
    "scaling_method": "standard",
    "impute_missing": true,
    "use_one_hot": false,
    "target_task_type": "regression",
    "target_scaling_method": "standard",
    "target_names": [
      "target"
    ],
    "target_shape": [
      192
    ]
  },
  "feature_names_in": [
    "\u53cc\u915a",
    "\u6c22\u5316",
    "\u73af\u6c27\u503c",
    "\u82ef\u57fa",
    "\u73af\u5df1\u70f7",
    "\u8fde\u82ef\u57fa",
    "\u8fde\u73af\u5df1\u57fa",
    "\u80fa\u503c",
    "\u5f02\u4e01\u57fa",
    "\u5f02\u8f9b\u57fa",
    "\u5df1\u5185\u916f",
    "\u4ea4\u8054\u5bc6\u5ea6"
  ],
  "feature_names_out": [
    "\u53cc\u915a",
    "\u6c22\u5316",
    "\u73af\u6c27\u503c",
    "\u82ef\u57fa",
    "\u73af\u5df1\u70f7",
    "\u8fde\u82ef\u57fa",
    "\u8fde\u73af\u5df1\u57fa",
    "\u80fa\u503c",
    "\u5f02\u4e01\u57fa",
    "\u5f02\u8f9b\u57fa",
    "\u5df1\u5185\u916f",
    "\u4ea4\u8054\u5bc6\u5ea6"
  ],
  "target_names": [
    "target"
  ],
  "input_feature_count": 12,
  "output_feature_count": 12,
  "preprocessing_steps": [
    {
      "transformer_name": "numerical",
      "columns": [
        "\u53cc\u915a",
        "\u6c22\u5316",
        "\u73af\u6c27\u503c",
        "\u82ef\u57fa",
        "\u73af\u5df1\u70f7",
        "\u8fde\u82ef\u57fa",
        "\u8fde\u73af\u5df1\u57fa",
        "\u80fa\u503c",
        "\u5f02\u4e01\u57fa",
        "\u5f02\u8f9b\u57fa",
        "\u5df1\u5185\u916f",
        "\u4ea4\u8054\u5bc6\u5ea6"
      ],
      "column_count": 12,
      "scaling_method": "standard"
    }
  ]
}