number,value,datetime_start,datetime_complete,duration,params_colsample_bylevel,params_colsample_bytree,params_gamma,params_learning_rate,params_max_depth,params_min_child_weight,params_n_estimators,params_reg_alpha,params_reg_lambda,params_subsample,user_attrs_cv_scores,user_attrs_cv_std,user_attrs_params,state
0,-0.28696751793680875,2025-07-20 20:42:52.956425,2025-07-20 20:42:53.728062,0 days 00:00:00.771637,0.662397808134481,0.6624074561769746,0.023585940584142682,0.1205712628744377,10,7,90,3.3323645788192616e-08,0.6245760287469893,0.8394633936788146,"[-0.1646809304144812, -0.32886484680170563, -0.29399224072601343, -0.37047723468351534, -0.27682233705832804]",0.0690442464949928,"{'n_estimators': 90, 'max_depth': 10, 'learning_rate': 0.1205712628744377, 'subsample': 0.8394633936788146, 'colsample_bytree': 0.6624074561769746, 'colsample_bylevel': 0.662397808134481, 'reg_alpha': 3.3323645788192616e-08, 'reg_lambda': 0.6245760287469893, 'min_child_weight': 7, 'gamma': 0.023585940584142682, 'random_state': 42}",COMPLETE
1,-0.2946381487932525,2025-07-20 20:42:53.729062,2025-07-20 20:42:54.344819,0 days 00:00:00.615757,0.6733618039413735,0.6727299868828402,4.17890272377219e-06,0.16967533607196555,10,5,50,5.472429642032198e-06,0.00052821153945323,0.6849356442713105,"[-0.14245947781813195, -0.3120585454107203, -0.3832754403977439, -0.3314264242665042, -0.3039708560731622]",0.08094302220514361,"{'n_estimators': 50, 'max_depth': 10, 'learning_rate': 0.16967533607196555, 'subsample': 0.6849356442713105, 'colsample_bytree': 0.6727299868828402, 'colsample_bylevel': 0.6733618039413735, 'reg_alpha': 5.472429642032198e-06, 'reg_lambda': 0.00052821153945323, 'min_child_weight': 5, 'gamma': 4.17890272377219e-06, 'random_state': 42}",COMPLETE
2,-0.35645327511056524,2025-07-20 20:42:54.345819,2025-07-20 20:42:55.233710,0 days 00:00:00.887891,0.9140703845572055,0.7824279936868144,2.6185068507773707e-08,0.027010527749605478,2,6,110,6.267062696005991e-07,0.00042472707398058225,0.7465447373174767,"[-0.24552258278637099, -0.37366677655481606, -0.46184532105850384, -0.405277427769782, -0.2959542673833534]",0.0771405655922439,"{'n_estimators': 110, 'max_depth': 2, 'learning_rate': 0.027010527749605478, 'subsample': 0.7465447373174767, 'colsample_bytree': 0.7824279936868144, 'colsample_bylevel': 0.9140703845572055, 'reg_alpha': 6.267062696005991e-07, 'reg_lambda': 0.00042472707398058225, 'min_child_weight': 6, 'gamma': 2.6185068507773707e-08, 'random_state': 42}",COMPLETE
3,-0.5037313229212543,2025-07-20 20:42:55.234712,2025-07-20 20:42:56.170481,0 days 00:00:00.935769,0.9233589392465844,0.9862528132298237,9.148975058772307e-05,0.012476394272569451,2,7,110,5.514725787121931e-06,7.569183361880229e-08,0.9795542149013333,"[-0.3833891136924414, -0.47257575803248847, -0.720175874828569, -0.5315563154588956, -0.4109595525938775]",0.11973470021289827,"{'n_estimators': 110, 'max_depth': 2, 'learning_rate': 0.012476394272569451, 'subsample': 0.9795542149013333, 'colsample_bytree': 0.9862528132298237, 'colsample_bylevel': 0.9233589392465844, 'reg_alpha': 5.514725787121931e-06, 'reg_lambda': 7.569183361880229e-08, 'min_child_weight': 7, 'gamma': 9.148975058772307e-05, 'random_state': 42}",COMPLETE
4,-0.7271131389188403,2025-07-20 20:42:56.171482,2025-07-20 20:42:56.860914,0 days 00:00:00.689432,0.8650089137415928,0.7035119926400067,4.609885087947832e-07,0.011240768803005551,5,6,60,6.388511557344611e-06,0.0004793052550782129,0.9637281608315128,"[-0.5902236672867555, -0.5971282707605035, -1.0517242364442703, -0.6850197934727686, -0.7114697266299035]",0.1691293730310615,"{'n_estimators': 60, 'max_depth': 5, 'learning_rate': 0.011240768803005551, 'subsample': 0.9637281608315128, 'colsample_bytree': 0.7035119926400067, 'colsample_bylevel': 0.8650089137415928, 'reg_alpha': 6.388511557344611e-06, 'reg_lambda': 0.0004793052550782129, 'min_child_weight': 6, 'gamma': 4.609885087947832e-07, 'random_state': 42}",COMPLETE
5,-0.26864714394221934,2025-07-20 20:42:56.861912,2025-07-20 20:42:58.237773,0 days 00:00:01.375861,0.9687496940092467,0.8391599915244341,8.471746987003668e-06,0.24420460844911424,8,1,150,6.257956190096665e-08,5.805581976088804e-07,0.9579309401710595,"[-0.20912631599082854, -0.30317451958262026, -0.2878328809337033, -0.23372659565097184, -0.3093754075529727]",0.03995296555262745,"{'n_estimators': 150, 'max_depth': 8, 'learning_rate': 0.24420460844911424, 'subsample': 0.9579309401710595, 'colsample_bytree': 0.8391599915244341, 'colsample_bylevel': 0.9687496940092467, 'reg_alpha': 6.257956190096665e-08, 'reg_lambda': 5.805581976088804e-07, 'min_child_weight': 1, 'gamma': 8.471746987003668e-06, 'random_state': 42}",COMPLETE
6,-0.551956615931215,2025-07-20 20:42:58.239774,2025-07-20 20:42:58.965244,0 days 00:00:00.725470,0.8170784332632994,0.7123738038749523,7.620481786158549,0.16755052359850303,3,1,90,1.8548894229694903e-07,0.16587190283399655,0.7427013306774357,"[-0.43616809627252445, -0.5308346506537664, -0.7926803789890166, -0.5250783034782428, -0.47502165026252524]",0.12525372762948284,"{'n_estimators': 90, 'max_depth': 3, 'learning_rate': 0.16755052359850303, 'subsample': 0.7427013306774357, 'colsample_bytree': 0.7123738038749523, 'colsample_bylevel': 0.8170784332632994, 'reg_alpha': 1.8548894229694903e-07, 'reg_lambda': 0.16587190283399655, 'min_child_weight': 1, 'gamma': 7.620481786158549, 'random_state': 42}",COMPLETE
7,-0.46755847086699187,2025-07-20 20:42:58.966242,2025-07-20 20:43:00.078217,0 days 00:00:01.111975,0.8916028672163949,0.8827429375390468,1.1036250149900698e-07,0.010189592979395137,2,4,130,0.08738424135626986,4.638759594322625e-08,0.9261845713819337,"[-0.3710940788937325, -0.4124254200260811, -0.689007874563968, -0.4682177749644536, -0.3970472058867241]",0.11520168729888797,"{'n_estimators': 130, 'max_depth': 2, 'learning_rate': 0.010189592979395137, 'subsample': 0.9261845713819337, 'colsample_bytree': 0.8827429375390468, 'colsample_bylevel': 0.8916028672163949, 'reg_alpha': 0.08738424135626986, 'reg_lambda': 4.638759594322625e-08, 'min_child_weight': 4, 'gamma': 1.1036250149900698e-07, 'random_state': 42}",COMPLETE
8,-0.5224439951343426,2025-07-20 20:43:00.080232,2025-07-20 20:43:01.066094,0 days 00:00:00.985862,0.7300733288106989,0.7243929286862649,0.0001778010520878397,0.030816017044468066,7,9,140,0.036851536911881845,0.005470376807480391,0.6254233401144095,"[-0.3967948677767532, -0.4383905835186532, -0.7434946911436131, -0.5097605106602925, -0.5237793225724008]",0.11989891016511657,"{'n_estimators': 140, 'max_depth': 7, 'learning_rate': 0.030816017044468066, 'subsample': 0.6254233401144095, 'colsample_bytree': 0.7243929286862649, 'colsample_bylevel': 0.7300733288106989, 'reg_alpha': 0.036851536911881845, 'reg_lambda': 0.005470376807480391, 'min_child_weight': 9, 'gamma': 0.0001778010520878397, 'random_state': 42}",COMPLETE
9,-0.2665996988440099,2025-07-20 20:43:01.067095,2025-07-20 20:43:02.749677,0 days 00:00:01.682582,0.7975182385457563,0.9083868719818244,9.354548757337708e-08,0.13297554090738672,8,1,60,0.0005065186776865479,7.04480806377519e-05,0.8245108790277985,"[-0.18703979320855124, -0.26944260865772196, -0.3215445825652493, -0.25899604103302715, -0.29597546875549996]",0.04533773800725359,"{'n_estimators': 60, 'max_depth': 8, 'learning_rate': 0.13297554090738672, 'subsample': 0.8245108790277985, 'colsample_bytree': 0.9083868719818244, 'colsample_bylevel': 0.7975182385457563, 'reg_alpha': 0.0005065186776865479, 'reg_lambda': 7.04480806377519e-05, 'min_child_weight': 1, 'gamma': 9.354548757337708e-08, 'random_state': 42}",COMPLETE
10,-0.2411425660359221,2025-07-20 20:43:02.750799,2025-07-20 20:43:03.897074,0 days 00:00:01.146275,0.7570274592606949,0.9568478358759311,0.01036771407033351,0.07955798569352589,5,3,70,0.0009327366933736902,3.9951522674461425e-06,0.8559192772506939,"[-0.11676234817659972, -0.2723847730082261, -0.2607994381667677, -0.29900373882959974, -0.25676253199841703]",0.06391370020102187,"{'n_estimators': 70, 'max_depth': 5, 'learning_rate': 0.07955798569352589, 'subsample': 0.8559192772506939, 'colsample_bytree': 0.9568478358759311, 'colsample_bylevel': 0.7570274592606949, 'reg_alpha': 0.0009327366933736902, 'reg_lambda': 3.9951522674461425e-06, 'min_child_weight': 3, 'gamma': 0.01036771407033351, 'random_state': 42}",COMPLETE
11,-0.2515086682249354,2025-07-20 20:43:03.898076,2025-07-20 20:43:04.914145,0 days 00:00:01.016069,0.757298334171193,0.9586229109175456,0.02419584192691601,0.07578854864284995,5,3,70,0.0010132439259431913,4.491067917060829e-06,0.8562950519589575,"[-0.15179146054572676, -0.28898733659532816, -0.2674297288050845, -0.2956492980192917, -0.25368551715924587]",0.052066853429179494,"{'n_estimators': 70, 'max_depth': 5, 'learning_rate': 0.07578854864284995, 'subsample': 0.8562950519589575, 'colsample_bytree': 0.9586229109175456, 'colsample_bylevel': 0.757298334171193, 'reg_alpha': 0.0010132439259431913, 'reg_lambda': 4.491067917060829e-06, 'min_child_weight': 3, 'gamma': 0.02419584192691601, 'random_state': 42}",COMPLETE
12,-0.2547747533505345,2025-07-20 20:43:04.915144,2025-07-20 20:43:05.949914,0 days 00:00:01.034770,0.7392973228175623,0.9952647403542068,0.054072977351487396,0.0611731627725646,5,3,80,0.0016782877393559201,1.2167282577786447e-05,0.8888336114830357,"[-0.14540191874616346, -0.27185290857103617, -0.30987311533812806, -0.2771131013647784, -0.2696327227325662]",0.056585635765641816,"{'n_estimators': 80, 'max_depth': 5, 'learning_rate': 0.0611731627725646, 'subsample': 0.8888336114830357, 'colsample_bytree': 0.9952647403542068, 'colsample_bylevel': 0.7392973228175623, 'reg_alpha': 0.0016782877393559201, 'reg_lambda': 1.2167282577786447e-05, 'min_child_weight': 3, 'gamma': 0.054072977351487396, 'random_state': 42}",COMPLETE
13,-0.3686363393938391,2025-07-20 20:43:05.950917,2025-07-20 20:43:06.862029,0 days 00:00:00.911112,0.74941857920517,0.9324452852429903,0.017398512983972422,0.07269377550630614,4,4,70,2.996709216305243,2.3011479242853113e-06,0.8825741602454161,"[-0.2553912858916039, -0.39771751928125043, -0.46197712321767415, -0.3960339111458081, -0.3320618574328586]",0.06995852880076076,"{'n_estimators': 70, 'max_depth': 4, 'learning_rate': 0.07269377550630614, 'subsample': 0.8825741602454161, 'colsample_bytree': 0.9324452852429903, 'colsample_bylevel': 0.74941857920517, 'reg_alpha': 2.996709216305243, 'reg_lambda': 2.3011479242853113e-06, 'min_child_weight': 4, 'gamma': 0.017398512983972422, 'random_state': 42}",COMPLETE
14,-0.4406050906266226,2025-07-20 20:43:06.864029,2025-07-20 20:43:07.971916,0 days 00:00:01.107887,0.6274930137103218,0.8269194168188378,0.5555382724773049,0.034404307034006744,6,3,70,0.009035078527799004,1.1278476859998465e-08,0.7691194367707845,"[-0.27584369479635795, -0.40782204227164465, -0.6611769080696678, -0.42389324877369583, -0.434289559221747]",0.12425147408425641,"{'n_estimators': 70, 'max_depth': 6, 'learning_rate': 0.034404307034006744, 'subsample': 0.7691194367707845, 'colsample_bytree': 0.8269194168188378, 'colsample_bylevel': 0.6274930137103218, 'reg_alpha': 0.009035078527799004, 'reg_lambda': 1.1278476859998465e-08, 'min_child_weight': 3, 'gamma': 0.5555382724773049, 'random_state': 42}",COMPLETE
15,-0.3426494005507718,2025-07-20 20:43:07.972918,2025-07-20 20:43:08.801144,0 days 00:00:00.828226,0.8004176985798338,0.6018960478612356,0.0018892362004983632,0.07942383092448929,4,3,50,6.457023965569274e-05,4.857684585294983e-06,0.8569448224557981,"[-0.21437739375659667, -0.3651252215641658, -0.49419649793937465, -0.3525938102226275, -0.28695407927109445]",0.0928722273667536,"{'n_estimators': 50, 'max_depth': 4, 'learning_rate': 0.07942383092448929, 'subsample': 0.8569448224557981, 'colsample_bytree': 0.6018960478612356, 'colsample_bylevel': 0.8004176985798338, 'reg_alpha': 6.457023965569274e-05, 'reg_lambda': 4.857684585294983e-06, 'min_child_weight': 3, 'gamma': 0.0018892362004983632, 'random_state': 42}",COMPLETE
16,-0.28565770329590195,2025-07-20 20:43:08.803143,2025-07-20 20:43:10.041095,0 days 00:00:01.237952,0.7017569807321887,0.9482512004607759,0.0014036167244369738,0.04600488439220214,6,2,100,0.8942846877058512,0.016109046194566698,0.7948619995717208,"[-0.16284374051274553, -0.3177533218455102, -0.332149251346304, -0.31782275337140453, -0.2977194494035455]",0.062377781926311195,"{'n_estimators': 100, 'max_depth': 6, 'learning_rate': 0.04600488439220214, 'subsample': 0.7948619995717208, 'colsample_bytree': 0.9482512004607759, 'colsample_bylevel': 0.7017569807321887, 'reg_alpha': 0.8942846877058512, 'reg_lambda': 0.016109046194566698, 'min_child_weight': 2, 'gamma': 0.0014036167244369738, 'random_state': 42}",COMPLETE
17,-0.3893806503938604,2025-07-20 20:43:10.042094,2025-07-20 20:43:10.758678,0 days 00:00:00.716584,0.6005228611371356,0.8745421080360691,0.4293142155114994,0.09059259906917297,4,10,80,0.0001121974965725437,4.6730418541838144e-07,0.9183471047574292,"[-0.22874715760151423, -0.36760988904979575, -0.5913337512984413, -0.40416944596874893, -0.35504300805080186]",0.11701275330268958,"{'n_estimators': 80, 'max_depth': 4, 'learning_rate': 0.09059259906917297, 'subsample': 0.9183471047574292, 'colsample_bytree': 0.8745421080360691, 'colsample_bylevel': 0.6005228611371356, 'reg_alpha': 0.0001121974965725437, 'reg_lambda': 4.6730418541838144e-07, 'min_child_weight': 10, 'gamma': 0.4293142155114994, 'random_state': 42}",COMPLETE
18,-0.5373729173540301,2025-07-20 20:43:10.760678,2025-07-20 20:43:11.495855,0 days 00:00:00.735177,0.8408140216821032,0.9568370669211905,0.0036300468930260564,0.020373262780707373,1,4,70,0.0032602758837760024,3.3898508665351884e-05,0.6805454483691531,"[-0.39813644505740464, -0.4772737338197379, -0.7459726899042266, -0.5503585917125958, -0.5151231262761857]",0.1159105285370105,"{'n_estimators': 70, 'max_depth': 1, 'learning_rate': 0.020373262780707373, 'subsample': 0.6805454483691531, 'colsample_bytree': 0.9568370669211905, 'colsample_bylevel': 0.8408140216821032, 'reg_alpha': 0.0032602758837760024, 'reg_lambda': 3.3898508665351884e-05, 'min_child_weight': 4, 'gamma': 0.0036300468930260564, 'random_state': 42}",COMPLETE
19,-0.2790220941317528,2025-07-20 20:43:11.497855,2025-07-20 20:43:12.638213,0 days 00:00:01.140358,0.7644220517350713,0.786830953186129,0.66248266359638,0.29617315369159336,7,2,110,0.143718048912566,6.7891871542277356,0.7950630758407966,"[-0.16132459500329716, -0.31014669184288673, -0.29795700623137067, -0.3166589585315006, -0.30902321904970853]",0.059155006277035904,"{'n_estimators': 110, 'max_depth': 7, 'learning_rate': 0.29617315369159336, 'subsample': 0.7950630758407966, 'colsample_bytree': 0.786830953186129, 'colsample_bylevel': 0.7644220517350713, 'reg_alpha': 0.143718048912566, 'reg_lambda': 6.7891871542277356, 'min_child_weight': 2, 'gamma': 0.66248266359638, 'random_state': 42}",COMPLETE
20,-0.4772073560982525,2025-07-20 20:43:12.640212,2025-07-20 20:43:13.665503,0 days 00:00:01.025291,0.6985152654900059,0.895721038131165,5.3265226047685745,0.042696194629495206,7,5,90,4.877220345703102e-05,3.098663866567354e-07,0.8801151332999179,"[-0.3698330247788706, -0.47280363153478044, -0.6405601707906428, -0.4924595025550145, -0.41038045083195424]",0.0926620150042627,"{'n_estimators': 90, 'max_depth': 7, 'learning_rate': 0.042696194629495206, 'subsample': 0.8801151332999179, 'colsample_bytree': 0.895721038131165, 'colsample_bylevel': 0.6985152654900059, 'reg_alpha': 4.877220345703102e-05, 'reg_lambda': 3.098663866567354e-07, 'min_child_weight': 5, 'gamma': 5.3265226047685745, 'random_state': 42}",COMPLETE
21,-0.2415298752937362,2025-07-20 20:43:13.666503,2025-07-20 20:43:14.723367,0 days 00:00:01.056864,0.7815766970277724,0.9924101098159579,0.057599916032617965,0.060085247604592565,5,3,80,0.000707097020134007,1.2700729587173315e-05,0.9098782219958496,"[-0.11738314551853422, -0.25246190017228654, -0.326555233515542, -0.24026937271814242, -0.27097972454417585]",0.06874607437546577,"{'n_estimators': 80, 'max_depth': 5, 'learning_rate': 0.060085247604592565, 'subsample': 0.9098782219958496, 'colsample_bytree': 0.9924101098159579, 'colsample_bylevel': 0.7815766970277724, 'reg_alpha': 0.000707097020134007, 'reg_lambda': 1.2700729587173315e-05, 'min_child_weight': 3, 'gamma': 0.057599916032617965, 'random_state': 42}",COMPLETE
22,-0.23504170781717176,2025-07-20 20:43:14.725368,2025-07-20 20:43:15.734462,0 days 00:00:01.009094,0.777908524678226,0.971036644797337,0.0716094723735219,0.10508860193292541,5,2,80,0.0005585912857434382,5.3195620076571505e-05,0.9292664864911906,"[-0.1629722068723295, -0.25456899042029857, -0.2156387260294287, -0.2596548560146069, -0.2823737597491952]",0.04194742814247652,"{'n_estimators': 80, 'max_depth': 5, 'learning_rate': 0.10508860193292541, 'subsample': 0.9292664864911906, 'colsample_bytree': 0.971036644797337, 'colsample_bylevel': 0.777908524678226, 'reg_alpha': 0.0005585912857434382, 'reg_lambda': 5.3195620076571505e-05, 'min_child_weight': 2, 'gamma': 0.0716094723735219, 'random_state': 42}",COMPLETE
23,-0.2597007325873283,2025-07-20 20:43:15.736465,2025-07-20 20:43:16.992328,0 days 00:00:01.255863,0.7806180345278746,0.9957741629204993,0.1730649609813327,0.11376891031130071,3,2,80,0.009777634101719827,5.928510952426204e-05,0.996271580654183,"[-0.19430104642460108, -0.29019413898487567, -0.2498904010102292, -0.2763267115817536, -0.287791364935182]",0.035689539623781026,"{'n_estimators': 80, 'max_depth': 3, 'learning_rate': 0.11376891031130071, 'subsample': 0.996271580654183, 'colsample_bytree': 0.9957741629204993, 'colsample_bylevel': 0.7806180345278746, 'reg_alpha': 0.009777634101719827, 'reg_lambda': 5.928510952426204e-05, 'min_child_weight': 2, 'gamma': 0.1730649609813327, 'random_state': 42}",COMPLETE
24,-0.2511264065343986,2025-07-20 20:43:16.994331,2025-07-20 20:43:18.732653,0 days 00:00:01.738322,0.8582172425559299,0.9234766948236092,0.0007258545615258917,0.056663084105584655,6,2,100,0.00029813908100951474,0.003362313404575863,0.9219088336584385,"[-0.1978438460753865, -0.2146674459957896, -0.31244410476141216, -0.2557705466763247, -0.2749060891630801]",0.041267877367419555,"{'n_estimators': 100, 'max_depth': 6, 'learning_rate': 0.056663084105584655, 'subsample': 0.9219088336584385, 'colsample_bytree': 0.9234766948236092, 'colsample_bylevel': 0.8582172425559299, 'reg_alpha': 0.00029813908100951474, 'reg_lambda': 0.003362313404575863, 'min_child_weight': 2, 'gamma': 0.0007258545615258917, 'random_state': 42}",COMPLETE
25,-0.24203308177465682,2025-07-20 20:43:18.733652,2025-07-20 20:43:22.177091,0 days 00:00:03.443439,0.8190472992732886,0.9630805541030447,0.008096774766828529,0.10114769745886984,4,4,60,2.46636476117818e-05,8.589757397077722e-05,0.9409378713152255,"[-0.12385721955347401, -0.2553665437564446, -0.27455061599085995, -0.30479807398056746, -0.25159295559193817]",0.062018611860718185,"{'n_estimators': 60, 'max_depth': 4, 'learning_rate': 0.10114769745886984, 'subsample': 0.9409378713152255, 'colsample_bytree': 0.9630805541030447, 'colsample_bylevel': 0.8190472992732886, 'reg_alpha': 2.46636476117818e-05, 'reg_lambda': 8.589757397077722e-05, 'min_child_weight': 4, 'gamma': 0.008096774766828529, 'random_state': 42}",COMPLETE
26,-0.27551773093765497,2025-07-20 20:43:22.178072,2025-07-20 20:43:25.873983,0 days 00:00:03.695911,0.7128897179429896,0.8605367376324043,0.12136767407808075,0.1534646067701486,5,2,80,0.009228011517989423,1.1954956801041806e-06,0.8825693981487873,"[-0.20199763366464166, -0.28293167369482775, -0.28746567571611603, -0.32625974427323234, -0.27893392733945693]",0.04047059908099391,"{'n_estimators': 80, 'max_depth': 5, 'learning_rate': 0.1534646067701486, 'subsample': 0.8825693981487873, 'colsample_bytree': 0.8605367376324043, 'colsample_bylevel': 0.7128897179429896, 'reg_alpha': 0.009228011517989423, 'reg_lambda': 1.1954956801041806e-06, 'min_child_weight': 2, 'gamma': 0.12136767407808075, 'random_state': 42}",COMPLETE
27,-0.27484736709194013,2025-07-20 20:43:25.874983,2025-07-20 20:43:31.253118,0 days 00:00:05.378135,0.776724160034688,0.9200126941036437,5.188531211438824e-05,0.04599691098993761,3,5,90,0.00041674661299949726,1.1799139181840691e-05,0.9079194402905835,"[-0.16599990736144327, -0.29770122951036027, -0.3038127116806335, -0.32398249088561293, -0.2827404960216507]",0.05601003763413223,"{'n_estimators': 90, 'max_depth': 3, 'learning_rate': 0.04599691098993761, 'subsample': 0.9079194402905835, 'colsample_bytree': 0.9200126941036437, 'colsample_bylevel': 0.776724160034688, 'reg_alpha': 0.00041674661299949726, 'reg_lambda': 1.1799139181840691e-05, 'min_child_weight': 5, 'gamma': 5.188531211438824e-05, 'random_state': 42}",COMPLETE
28,-0.3996278173430451,2025-07-20 20:43:31.254118,2025-07-20 20:43:34.566519,0 days 00:00:03.312401,0.8359893467946999,0.9758603782031308,3.354887796836016,0.20867441616447183,8,3,100,0.003723927587506742,1.1883987898407869e-07,0.8356431616270723,"[-0.2725663549186541, -0.41960923377829645, -0.5310318893186967, -0.44112425867426575, -0.3338073500253126]",0.08929187077113596,"{'n_estimators': 100, 'max_depth': 8, 'learning_rate': 0.20867441616447183, 'subsample': 0.8356431616270723, 'colsample_bytree': 0.9758603782031308, 'colsample_bylevel': 0.8359893467946999, 'reg_alpha': 0.003723927587506742, 'reg_lambda': 1.1883987898407869e-07, 'min_child_weight': 3, 'gamma': 3.354887796836016, 'random_state': 42}",COMPLETE
29,-0.28775917844918064,2025-07-20 20:43:34.567516,2025-07-20 20:43:39.153154,0 days 00:00:04.585638,0.6860903906803597,0.9395734770858657,0.007890909378906404,0.12363466119377357,6,7,120,1.370736777089053e-08,0.0020623424481023933,0.9512023746249111,"[-0.17338213000743521, -0.31789040706682775, -0.3642580201197585, -0.32652757792508363, -0.25673775712679825]",0.06679429661876587,"{'n_estimators': 120, 'max_depth': 6, 'learning_rate': 0.12363466119377357, 'subsample': 0.9512023746249111, 'colsample_bytree': 0.9395734770858657, 'colsample_bylevel': 0.6860903906803597, 'reg_alpha': 1.370736777089053e-08, 'reg_lambda': 0.0020623424481023933, 'min_child_weight': 7, 'gamma': 0.007890909378906404, 'random_state': 42}",COMPLETE
30,-0.5923481902180072,2025-07-20 20:43:39.154155,2025-07-20 20:43:42.594742,0 days 00:00:03.440587,0.6454158611813346,0.9993851752225809,1.7027331593815556,0.020596349683561322,9,1,60,0.38420558483488065,0.04804949539627079,0.8162677862607134,"[-0.43362528423397284, -0.5316740569811315, -0.8682036660468934, -0.576201490424158, -0.5520364534038807]",0.14618912881062535,"{'n_estimators': 60, 'max_depth': 9, 'learning_rate': 0.020596349683561322, 'subsample': 0.8162677862607134, 'colsample_bytree': 0.9993851752225809, 'colsample_bylevel': 0.6454158611813346, 'reg_alpha': 0.38420558483488065, 'reg_lambda': 0.04804949539627079, 'min_child_weight': 1, 'gamma': 1.7027331593815556, 'random_state': 42}",COMPLETE
31,-0.24474020750876227,2025-07-20 20:43:42.597742,2025-07-20 20:43:47.031601,0 days 00:00:04.433859,0.8146089340021231,0.9662451282817471,0.008978771823443263,0.10214602670982141,4,4,60,2.7504871118066658e-05,0.00012715865129776829,0.9499080159063434,"[-0.1335139472507512, -0.26433680302191076, -0.25370411635273604, -0.30118167895238296, -0.27096449196603023]",0.05780832462970812,"{'n_estimators': 60, 'max_depth': 4, 'learning_rate': 0.10214602670982141, 'subsample': 0.9499080159063434, 'colsample_bytree': 0.9662451282817471, 'colsample_bylevel': 0.8146089340021231, 'reg_alpha': 2.7504871118066658e-05, 'reg_lambda': 0.00012715865129776829, 'min_child_weight': 4, 'gamma': 0.008978771823443263, 'random_state': 42}",COMPLETE
32,-0.24779224825787746,2025-07-20 20:43:47.033601,2025-07-20 20:43:50.786861,0 days 00:00:03.753260,0.7955966964324497,0.9684062558041331,0.04538697972678443,0.09445214319205095,4,4,50,1.686920276190037e-05,1.7781969990295047e-05,0.9363798168541633,"[-0.14470208475336763, -0.23891451010716358, -0.3067001259409776, -0.2916374857662444, -0.25700703472163405]",0.05689262033150528,"{'n_estimators': 50, 'max_depth': 4, 'learning_rate': 0.09445214319205095, 'subsample': 0.9363798168541633, 'colsample_bytree': 0.9684062558041331, 'colsample_bylevel': 0.7955966964324497, 'reg_alpha': 1.686920276190037e-05, 'reg_lambda': 1.7781969990295047e-05, 'min_child_weight': 4, 'gamma': 0.04538697972678443, 'random_state': 42}",COMPLETE
33,-0.2625387330512,2025-07-20 20:43:50.787859,2025-07-20 20:43:55.327579,0 days 00:00:04.539720,0.725855358567619,0.9040183502571625,0.12112663283713893,0.06315317350429828,5,5,70,0.00017989904241296528,0.00017671356357430444,0.9892537953717406,"[-0.14881053809216407, -0.2642997971049402, -0.30409544335764577, -0.30195612434256247, -0.2935317623586878]",0.05861478047149352,"{'n_estimators': 70, 'max_depth': 5, 'learning_rate': 0.06315317350429828, 'subsample': 0.9892537953717406, 'colsample_bytree': 0.9040183502571625, 'colsample_bylevel': 0.725855358567619, 'reg_alpha': 0.00017989904241296528, 'reg_lambda': 0.00017671356357430444, 'min_child_weight': 5, 'gamma': 0.12112663283713893, 'random_state': 42}",COMPLETE
34,-0.21920422269257683,2025-07-20 20:43:55.328578,2025-07-20 20:44:00.280710,0 days 00:00:04.952132,0.8327185127689962,0.9394744395111284,0.0003902236790410613,0.13176004239263508,3,3,80,7.703681668328662e-06,0.0004418252225653512,0.8994931833079474,"[-0.1346865717096384, -0.19778873644400605, -0.19950650086974656, -0.26423990625302685, -0.29979939818646634]",0.05746938616445099,"{'n_estimators': 80, 'max_depth': 3, 'learning_rate': 0.13176004239263508, 'subsample': 0.8994931833079474, 'colsample_bytree': 0.9394744395111284, 'colsample_bylevel': 0.8327185127689962, 'reg_alpha': 7.703681668328662e-06, 'reg_lambda': 0.0004418252225653512, 'min_child_weight': 3, 'gamma': 0.0003902236790410613, 'random_state': 42}",COMPLETE
35,-0.25580337991739904,2025-07-20 20:44:00.282715,2025-07-20 20:44:03.278068,0 days 00:00:02.995353,0.8800597473848983,0.9413213474452984,2.580998455206576e-05,0.14176101548010883,1,3,90,7.590847757738342e-07,0.001121521262641804,0.9040639125082998,"[-0.1328689977283444, -0.2982784187334697, -0.29807346828085096, -0.2589529072062243, -0.2908431076381059]",0.06315291546361043,"{'n_estimators': 90, 'max_depth': 1, 'learning_rate': 0.14176101548010883, 'subsample': 0.9040639125082998, 'colsample_bytree': 0.9413213474452984, 'colsample_bylevel': 0.8800597473848983, 'reg_alpha': 7.590847757738342e-07, 'reg_lambda': 0.001121521262641804, 'min_child_weight': 3, 'gamma': 2.580998455206576e-05, 'random_state': 42}",COMPLETE
36,-0.24694935452559932,2025-07-20 20:44:03.280068,2025-07-20 20:44:06.927564,0 days 00:00:03.647496,0.8470822951862237,0.759061227565416,0.00044533108282678984,0.20584037287704154,3,6,80,2.1306556479812143e-06,0.0007247665890223415,0.8542552608742428,"[-0.10234951408242798, -0.25665941093533323, -0.2363127530535096, -0.38076471883218177, -0.25866037572454414]",0.08849885432543451,"{'n_estimators': 80, 'max_depth': 3, 'learning_rate': 0.20584037287704154, 'subsample': 0.8542552608742428, 'colsample_bytree': 0.759061227565416, 'colsample_bylevel': 0.8470822951862237, 'reg_alpha': 2.1306556479812143e-06, 'reg_lambda': 0.0007247665890223415, 'min_child_weight': 6, 'gamma': 0.00044533108282678984, 'random_state': 42}",COMPLETE
37,-0.3590608187998682,2025-07-20 20:44:06.928559,2025-07-20 20:44:10.291519,0 days 00:00:03.362960,0.7740072974660847,0.8352220822249408,5.510709142646044e-06,0.0809504285938108,2,8,90,3.8664319208066e-06,0.00027105738261955643,0.9758465942947823,"[-0.27232634721633037, -0.35160574664077854, -0.4872868132042156, -0.3841473489193444, -0.29993783801867213]",0.075026946029604,"{'n_estimators': 90, 'max_depth': 2, 'learning_rate': 0.0809504285938108, 'subsample': 0.9758465942947823, 'colsample_bytree': 0.8352220822249408, 'colsample_bylevel': 0.7740072974660847, 'reg_alpha': 3.8664319208066e-06, 'reg_lambda': 0.00027105738261955643, 'min_child_weight': 8, 'gamma': 5.510709142646044e-06, 'random_state': 42}",COMPLETE
38,-0.24827668117125504,2025-07-20 20:44:10.293594,2025-07-20 20:44:19.217867,0 days 00:00:08.924273,0.9413492447632084,0.8665493162353088,1.4064775850317041e-06,0.20734442604427678,5,2,80,1.0191612039917012e-05,5.291978755887492e-06,0.869405010963028,"[-0.21889970963735614, -0.2461071945797859, -0.20035386075695213, -0.26290832880298987, -0.31311431207919105]",0.03894178562728882,"{'n_estimators': 80, 'max_depth': 5, 'learning_rate': 0.20734442604427678, 'subsample': 0.869405010963028, 'colsample_bytree': 0.8665493162353088, 'colsample_bylevel': 0.9413492447632084, 'reg_alpha': 1.0191612039917012e-05, 'reg_lambda': 5.291978755887492e-06, 'min_child_weight': 2, 'gamma': 1.4064775850317041e-06, 'random_state': 42}",COMPLETE
39,-0.3068488279476439,2025-07-20 20:44:19.219026,2025-07-20 20:44:31.108706,0 days 00:00:11.889680,0.9026287879157242,0.9804457564136125,0.00012460401564927398,0.06698727834347737,10,1,70,0.03477663177245468,2.4983573379830545e-05,0.9053927922772138,"[-0.22970433560217715, -0.3549920089017125, -0.31786430461080095, -0.28603936034600624, -0.3456441302775229]",0.04544994768415658,"{'n_estimators': 70, 'max_depth': 10, 'learning_rate': 0.06698727834347737, 'subsample': 0.9053927922772138, 'colsample_bytree': 0.9804457564136125, 'colsample_bylevel': 0.9026287879157242, 'reg_alpha': 0.03477663177245468, 'reg_lambda': 2.4983573379830545e-05, 'min_child_weight': 1, 'gamma': 0.00012460401564927398, 'random_state': 42}",COMPLETE
40,-0.26759231098668523,2025-07-20 20:44:31.109707,2025-07-20 20:44:36.057501,0 days 00:00:04.947794,0.6614739393044721,0.8159386831079148,0.0024748997817516144,0.11536431873398115,2,3,100,0.0008689597563530802,0.00038811172166109683,0.7658658914913558,"[-0.1686891135278173, -0.27522264444612426, -0.3041418512383853, -0.30035995441834823, -0.28954799130275094]",0.05046127961735925,"{'n_estimators': 100, 'max_depth': 2, 'learning_rate': 0.11536431873398115, 'subsample': 0.7658658914913558, 'colsample_bytree': 0.8159386831079148, 'colsample_bylevel': 0.6614739393044721, 'reg_alpha': 0.0008689597563530802, 'reg_lambda': 0.00038811172166109683, 'min_child_weight': 3, 'gamma': 0.0024748997817516144, 'random_state': 42}",COMPLETE
41,-0.2512936110704561,2025-07-20 20:44:36.058978,2025-07-20 20:44:39.841109,0 days 00:00:03.782131,0.8316247653106725,0.9794671456517653,0.007350863355602182,0.100333280406611,3,4,50,1.0691785385348487e-06,9.284487600863275e-05,0.9392590189796134,"[-0.18318304867008867, -0.2547324957661725, -0.27606322744504336, -0.26739329091048003, -0.275095992560496]",0.03490031973875789,"{'n_estimators': 50, 'max_depth': 3, 'learning_rate': 0.100333280406611, 'subsample': 0.9392590189796134, 'colsample_bytree': 0.9794671456517653, 'colsample_bylevel': 0.8316247653106725, 'reg_alpha': 1.0691785385348487e-06, 'reg_lambda': 9.284487600863275e-05, 'min_child_weight': 4, 'gamma': 0.007350863355602182, 'random_state': 42}",COMPLETE
42,-0.23294900428951718,2025-07-20 20:44:39.843124,2025-07-20 20:44:43.518023,0 days 00:00:03.674899,0.813335325459179,0.9181123217816847,0.03847179811015827,0.17050382489947677,4,5,60,2.563825717144402e-07,1.3167121074672956e-06,0.963013845956748,"[-0.08840738974293583, -0.24816655439475846, -0.24556365534136962, -0.33112483016533895, -0.2514825918031832]",0.0790758727307191,"{'n_estimators': 60, 'max_depth': 4, 'learning_rate': 0.17050382489947677, 'subsample': 0.963013845956748, 'colsample_bytree': 0.9181123217816847, 'colsample_bylevel': 0.813335325459179, 'reg_alpha': 2.563825717144402e-07, 'reg_lambda': 1.3167121074672956e-06, 'min_child_weight': 5, 'gamma': 0.03847179811015827, 'random_state': 42}",COMPLETE
43,-0.22902496667023042,2025-07-20 20:44:43.519026,2025-07-20 20:44:46.497665,0 days 00:00:02.978639,0.9992062925899449,0.9219880641263588,0.03505839685096364,0.17637390412726425,5,6,60,0.0001157240342224732,1.5362913093899263e-06,0.965335009435623,"[-0.0931629673894553, -0.24309693203956814, -0.2539285208681907, -0.2845512130425442, -0.27038520001139366]",0.06938374882903098,"{'n_estimators': 60, 'max_depth': 5, 'learning_rate': 0.17637390412726425, 'subsample': 0.965335009435623, 'colsample_bytree': 0.9219880641263588, 'colsample_bylevel': 0.9992062925899449, 'reg_alpha': 0.0001157240342224732, 'reg_lambda': 1.5362913093899263e-06, 'min_child_weight': 6, 'gamma': 0.03505839685096364, 'random_state': 42}",COMPLETE
44,-0.33804909375778114,2025-07-20 20:44:46.499389,2025-07-20 20:44:48.965462,0 days 00:00:02.466073,0.9997214436362171,0.8898574110904021,0.022082409640775288,0.1682500023358479,3,8,60,1.8120536927195708e-07,1.5899870190766953e-06,0.9755064847892981,"[-0.2259054221734844, -0.32992398476367524, -0.4789686328165452, -0.36902085087036846, -0.28642657816483225]",0.08499961272369727,"{'n_estimators': 60, 'max_depth': 3, 'learning_rate': 0.1682500023358479, 'subsample': 0.9755064847892981, 'colsample_bytree': 0.8898574110904021, 'colsample_bylevel': 0.9997214436362171, 'reg_alpha': 1.8120536927195708e-07, 'reg_lambda': 1.5899870190766953e-06, 'min_child_weight': 8, 'gamma': 0.022082409640775288, 'random_state': 42}",COMPLETE
45,-0.25647261742368493,2025-07-20 20:44:48.966459,2025-07-20 20:44:51.480241,0 days 00:00:02.513782,0.9542046423037629,0.9116947757569245,0.23290101583907286,0.14562438110981188,4,6,50,6.31117168353922e-08,1.869208890070483e-07,0.9590448978628148,"[-0.16490025654236354, -0.29075601701098536, -0.29685008968058973, -0.2699134287606495, -0.2599432951238366]",0.04771559502634918,"{'n_estimators': 50, 'max_depth': 4, 'learning_rate': 0.14562438110981188, 'subsample': 0.9590448978628148, 'colsample_bytree': 0.9116947757569245, 'colsample_bylevel': 0.9542046423037629, 'reg_alpha': 6.31117168353922e-08, 'reg_lambda': 1.869208890070483e-07, 'min_child_weight': 6, 'gamma': 0.23290101583907286, 'random_state': 42}",COMPLETE
46,-0.28602595716867507,2025-07-20 20:44:51.482241,2025-07-20 20:44:54.235895,0 days 00:00:02.753654,0.8736400537839205,0.8579034133481014,0.0009892088243041686,0.2744567764767404,6,7,70,2.0948120534695782e-07,5.66598406821201e-08,0.969678691392728,"[-0.20752098856803022, -0.34486530760780815, -0.24211188107635523, -0.3428513947013593, -0.2927802138898225]",0.054457865673868566,"{'n_estimators': 70, 'max_depth': 6, 'learning_rate': 0.2744567764767404, 'subsample': 0.969678691392728, 'colsample_bytree': 0.8579034133481014, 'colsample_bylevel': 0.8736400537839205, 'reg_alpha': 2.0948120534695782e-07, 'reg_lambda': 5.66598406821201e-08, 'min_child_weight': 7, 'gamma': 0.0009892088243041686, 'random_state': 42}",COMPLETE
47,-0.24235224434407793,2025-07-20 20:44:54.237895,2025-07-20 20:44:57.459157,0 days 00:00:03.221262,0.9786648560033296,0.9289910992241647,0.03452220058871302,0.18683703254340217,5,5,60,0.00011832203437016444,6.139665047310307e-07,0.8956417001694231,"[-0.09805778597115906, -0.27015996822369653, -0.23961475687421901, -0.32716706554751285, -0.2767616451038024]",0.07743282872084775,"{'n_estimators': 60, 'max_depth': 5, 'learning_rate': 0.18683703254340217, 'subsample': 0.8956417001694231, 'colsample_bytree': 0.9289910992241647, 'colsample_bylevel': 0.9786648560033296, 'reg_alpha': 0.00011832203437016444, 'reg_lambda': 6.139665047310307e-07, 'min_child_weight': 5, 'gamma': 0.03452220058871302, 'random_state': 42}",COMPLETE
48,-0.29067098394988294,2025-07-20 20:44:57.460154,2025-07-20 20:45:02.424176,0 days 00:00:04.964022,0.9256323450999511,0.9504089393361289,1.926918474582414e-05,0.23310000332161004,4,6,150,4.4294151998474735e-06,3.859638655418086e-06,0.9979955437945186,"[-0.18454617438447743, -0.3128279563544543, -0.40217452325531866, -0.29686420290505644, -0.2569420628501078]",0.0712214040701964,"{'n_estimators': 150, 'max_depth': 4, 'learning_rate': 0.23310000332161004, 'subsample': 0.9979955437945186, 'colsample_bytree': 0.9504089393361289, 'colsample_bylevel': 0.9256323450999511, 'reg_alpha': 4.4294151998474735e-06, 'reg_lambda': 3.859638655418086e-06, 'min_child_weight': 6, 'gamma': 1.926918474582414e-05, 'random_state': 42}",COMPLETE
49,-0.33247383802037633,2025-07-20 20:45:02.426176,2025-07-20 20:45:04.440792,0 days 00:00:02.014616,0.7412779310455935,0.8854797956840499,1.4887329344366782,0.17617795726987517,6,8,50,0.002065633944891947,1.8965832886773938e-06,0.8666452952082034,"[-0.2090470220220748, -0.32472024388011655, -0.4473638172034055, -0.3935837892066258, -0.2876543177896592]",0.08274928395333071,"{'n_estimators': 50, 'max_depth': 6, 'learning_rate': 0.17617795726987517, 'subsample': 0.8666452952082034, 'colsample_bytree': 0.8854797956840499, 'colsample_bylevel': 0.7412779310455935, 'reg_alpha': 0.002065633944891947, 'reg_lambda': 1.8965832886773938e-06, 'min_child_weight': 8, 'gamma': 1.4887329344366782, 'random_state': 42}",COMPLETE
50,-0.36559787357878043,2025-07-20 20:45:04.441797,2025-07-20 20:45:07.215873,0 days 00:00:02.774076,0.7568040440707139,0.6770601753139025,0.00021554174308995705,0.12984029511557924,7,7,70,7.468470759583387e-05,6.19432078827966e-06,0.6055182468435556,"[-0.20198927962509636, -0.34982658960669005, -0.5009542165485145, -0.43763146299283395, -0.3375878191207672]",0.10130276022930802,"{'n_estimators': 70, 'max_depth': 7, 'learning_rate': 0.12984029511557924, 'subsample': 0.6055182468435556, 'colsample_bytree': 0.6770601753139025, 'colsample_bylevel': 0.7568040440707139, 'reg_alpha': 7.468470759583387e-05, 'reg_lambda': 6.19432078827966e-06, 'min_child_weight': 7, 'gamma': 0.00021554174308995705, 'random_state': 42}",COMPLETE
51,-0.2350585380722677,2025-07-20 20:45:07.217873,2025-07-20 20:45:12.049825,0 days 00:00:04.831952,0.7896417693462385,0.9461305354155614,0.08660147281369934,0.08308068697498994,5,3,80,0.0003191329606835396,9.807099431770637e-07,0.9244234881522153,"[-0.1296634471327754, -0.23649002416876108, -0.29827754104585846, -0.23934260208118138, -0.27151907593276225]",0.057366437416092375,"{'n_estimators': 80, 'max_depth': 5, 'learning_rate': 0.08308068697498994, 'subsample': 0.9244234881522153, 'colsample_bytree': 0.9461305354155614, 'colsample_bylevel': 0.7896417693462385, 'reg_alpha': 0.0003191329606835396, 'reg_lambda': 9.807099431770637e-07, 'min_child_weight': 3, 'gamma': 0.08660147281369934, 'random_state': 42}",COMPLETE
52,-0.23296615093882567,2025-07-20 20:45:12.050823,2025-07-20 20:45:15.346607,0 days 00:00:03.295784,0.803545543922013,0.9388052273716223,0.08135393019968787,0.15981705551700176,5,2,60,0.00024055787990645046,1.939347289013139e-08,0.925530162008171,"[-0.1458823687586306, -0.23092093446430262, -0.21345684374514964, -0.2832916160241831, -0.29127899170186244]",0.05272840018495793,"{'n_estimators': 60, 'max_depth': 5, 'learning_rate': 0.15981705551700176, 'subsample': 0.925530162008171, 'colsample_bytree': 0.9388052273716223, 'colsample_bylevel': 0.803545543922013, 'reg_alpha': 0.00024055787990645046, 'reg_lambda': 1.939347289013139e-08, 'min_child_weight': 2, 'gamma': 0.08135393019968787, 'random_state': 42}",COMPLETE
53,-0.2514438362245609,2025-07-20 20:45:15.347604,2025-07-20 20:45:21.801687,0 days 00:00:06.454083,0.8042170117783743,0.9137644585601805,1.4188910966384022e-08,0.1592052751278647,5,1,60,0.00028554011713530366,1.5217452445919898e-08,0.9281078223117025,"[-0.18488221545808, -0.25698614019594446, -0.24203803363078055, -0.29564889232973945, -0.27766389950826015]",0.03792417255173375,"{'n_estimators': 60, 'max_depth': 5, 'learning_rate': 0.1592052751278647, 'subsample': 0.9281078223117025, 'colsample_bytree': 0.9137644585601805, 'colsample_bylevel': 0.8042170117783743, 'reg_alpha': 0.00028554011713530366, 'reg_lambda': 1.5217452445919898e-08, 'min_child_weight': 1, 'gamma': 1.4188910966384022e-08, 'random_state': 42}",COMPLETE
54,-0.23664227053114667,2025-07-20 20:45:21.803686,2025-07-20 20:45:24.183640,0 days 00:00:02.379954,0.8192285944429738,0.9355215738745513,0.08242914560928387,0.24248411329377978,4,2,50,1.015745662626666e-05,2.2366875291154424e-08,0.9599485691587564,"[-0.1778790591727992, -0.20253101986707894, -0.2352557147715787, -0.2959269967989196, -0.2716185620453569]",0.04325883656461151,"{'n_estimators': 50, 'max_depth': 4, 'learning_rate': 0.24248411329377978, 'subsample': 0.9599485691587564, 'colsample_bytree': 0.9355215738745513, 'colsample_bylevel': 0.8192285944429738, 'reg_alpha': 1.015745662626666e-05, 'reg_lambda': 2.2366875291154424e-08, 'min_child_weight': 2, 'gamma': 0.08242914560928387, 'random_state': 42}",COMPLETE
55,-0.28663808592501383,2025-07-20 20:45:24.184639,2025-07-20 20:45:28.786578,0 days 00:00:04.601939,0.7941498011579144,0.8961470620878575,0.30613167021587917,0.1140803860111231,5,1,120,3.8529842947368655e-05,3.730259916922599e-08,0.9330925677258695,"[-0.17102206435183334, -0.3144019639953488, -0.3599103868542289, -0.299989946664976, -0.28786606775868184]",0.06274792040853494,"{'n_estimators': 120, 'max_depth': 5, 'learning_rate': 0.1140803860111231, 'subsample': 0.9330925677258695, 'colsample_bytree': 0.8961470620878575, 'colsample_bylevel': 0.7941498011579144, 'reg_alpha': 3.8529842947368655e-05, 'reg_lambda': 3.730259916922599e-08, 'min_child_weight': 1, 'gamma': 0.30613167021587917, 'random_state': 42}",COMPLETE
56,-0.31600053585444854,2025-07-20 20:45:28.787607,2025-07-20 20:45:31.974948,0 days 00:00:03.187341,0.8991201763749327,0.9484600669037381,0.9194070059180924,0.08780717604821639,6,2,70,1.5293803009834176e-06,8.385581865515731e-07,0.9828186929786317,"[-0.22604697643157087, -0.32613994225055565, -0.3783748573395169, -0.3372377005587833, -0.31220320269181573]",0.050100785022712646,"{'n_estimators': 70, 'max_depth': 6, 'learning_rate': 0.08780717604821639, 'subsample': 0.9828186929786317, 'colsample_bytree': 0.9484600669037381, 'colsample_bylevel': 0.8991201763749327, 'reg_alpha': 1.5293803009834176e-06, 'reg_lambda': 8.385581865515731e-07, 'min_child_weight': 2, 'gamma': 0.9194070059180924, 'random_state': 42}",COMPLETE
57,-0.25208983590973066,2025-07-20 20:45:31.975949,2025-07-20 20:45:36.303857,0 days 00:00:04.327908,0.7262491761576275,0.9258209597237831,0.004266609197856201,0.12844119244148505,4,6,90,0.0001390641745952267,1.800923149318377e-07,0.9189028932197385,"[-0.14298077507242377, -0.2530913407565395, -0.3205806129348688, -0.28052015668487307, -0.26327629409994807]",0.059211817557787365,"{'n_estimators': 90, 'max_depth': 4, 'learning_rate': 0.12844119244148505, 'subsample': 0.9189028932197385, 'colsample_bytree': 0.9258209597237831, 'colsample_bylevel': 0.7262491761576275, 'reg_alpha': 0.0001390641745952267, 'reg_lambda': 1.800923149318377e-07, 'min_child_weight': 6, 'gamma': 0.004266609197856201, 'random_state': 42}",COMPLETE
58,-0.18810234195384856,2025-07-20 20:45:36.304859,2025-07-20 20:45:41.180773,0 days 00:00:04.875914,0.8586526676505983,0.7614564486507683,0.01554775288075049,0.1875479702640702,5,3,80,0.0013452720225037348,0.008222823092939814,0.6778072213972235,"[-0.09858238117861048, -0.17892150527442305, -0.15570281333286123, -0.24586680020551577, -0.2614382097778322]",0.05977076666866844,"{'n_estimators': 80, 'max_depth': 5, 'learning_rate': 0.1875479702640702, 'subsample': 0.6778072213972235, 'colsample_bytree': 0.7614564486507683, 'colsample_bylevel': 0.8586526676505983, 'reg_alpha': 0.0013452720225037348, 'reg_lambda': 0.008222823092939814, 'min_child_weight': 3, 'gamma': 0.01554775288075049, 'random_state': 42}",COMPLETE
59,-0.226863938608596,2025-07-20 20:45:41.182839,2025-07-20 20:45:44.569833,0 days 00:00:03.386994,0.8565998496137281,0.7625819194787035,0.02305528269610672,0.19085327002338298,3,4,60,4.0223856936983494e-07,0.011708628092195741,0.7160739174257894,"[-0.16628632396916093, -0.2023201692372531, -0.23316999721590356, -0.2516668194101323, -0.28087638321053]",0.0396089319559328,"{'n_estimators': 60, 'max_depth': 3, 'learning_rate': 0.19085327002338298, 'subsample': 0.7160739174257894, 'colsample_bytree': 0.7625819194787035, 'colsample_bylevel': 0.8565998496137281, 'reg_alpha': 4.0223856936983494e-07, 'reg_lambda': 0.011708628092195741, 'min_child_weight': 4, 'gamma': 0.02305528269610672, 'random_state': 42}",COMPLETE
60,-0.229964023953862,2025-07-20 20:45:44.570922,2025-07-20 20:45:47.688252,0 days 00:00:03.117330,0.8532069139156564,0.761226403056074,0.01755571732024965,0.27470182537257065,3,5,60,3.295997158615293e-07,0.015545782272194709,0.6980527471062143,"[-0.09594989244199806, -0.2350991064340948, -0.17797897256897408, -0.3266736735771912, -0.3141184747470519]",0.08616650161520764,"{'n_estimators': 60, 'max_depth': 3, 'learning_rate': 0.27470182537257065, 'subsample': 0.6980527471062143, 'colsample_bytree': 0.761226403056074, 'colsample_bylevel': 0.8532069139156564, 'reg_alpha': 3.295997158615293e-07, 'reg_lambda': 0.015545782272194709, 'min_child_weight': 5, 'gamma': 0.01755571732024965, 'random_state': 42}",COMPLETE
61,-0.21760416196902382,2025-07-20 20:45:47.689252,2025-07-20 20:45:50.597899,0 days 00:00:02.908647,0.8570104565231927,0.7673570754283984,0.024303469871834054,0.27810324692588256,3,5,60,1.7630783609804434e-07,0.011791079945307353,0.70234097399312,"[-0.10903545527077295, -0.20286179294113973, -0.17318531663237532, -0.3021149506043213, -0.30082329439650984]",0.07489330108557056,"{'n_estimators': 60, 'max_depth': 3, 'learning_rate': 0.27810324692588256, 'subsample': 0.70234097399312, 'colsample_bytree': 0.7673570754283984, 'colsample_bylevel': 0.8570104565231927, 'reg_alpha': 1.7630783609804434e-07, 'reg_lambda': 0.011791079945307353, 'min_child_weight': 5, 'gamma': 0.024303469871834054, 'random_state': 42}",COMPLETE
62,-0.25694364002508696,2025-07-20 20:45:50.599840,2025-07-20 20:45:53.196439,0 days 00:00:02.596599,0.8540711715369932,0.7486458367012663,0.02135900438321663,0.27708817920077533,2,5,60,2.0542518142592652e-07,0.010848963478376621,0.6910443383852309,"[-0.13707948633313316, -0.2489624369717174, -0.25177187194352163, -0.35749099502755144, -0.28941340984951125]",0.07158480100971105,"{'n_estimators': 60, 'max_depth': 2, 'learning_rate': 0.27708817920077533, 'subsample': 0.6910443383852309, 'colsample_bytree': 0.7486458367012663, 'colsample_bylevel': 0.8540711715369932, 'reg_alpha': 2.0542518142592652e-07, 'reg_lambda': 0.010848963478376621, 'min_child_weight': 5, 'gamma': 0.02135900438321663, 'random_state': 42}",COMPLETE
63,-0.21921296769184068,2025-07-20 20:45:53.198440,2025-07-20 20:45:56.222415,0 days 00:00:03.023975,0.8863289975317097,0.7634704622454075,0.0138224001669525,0.22910783056787842,3,4,50,4.114105194120661e-08,0.185605828606601,0.7000545127358,"[-0.12814536566627108, -0.22291730713228217, -0.18403881015228593, -0.2871829372958411, -0.2737804182125231]",0.058552156326288816,"{'n_estimators': 50, 'max_depth': 3, 'learning_rate': 0.22910783056787842, 'subsample': 0.7000545127358, 'colsample_bytree': 0.7634704622454075, 'colsample_bylevel': 0.8863289975317097, 'reg_alpha': 4.114105194120661e-08, 'reg_lambda': 0.185605828606601, 'min_child_weight': 4, 'gamma': 0.0138224001669525, 'random_state': 42}",COMPLETE
64,-0.22742196211944146,2025-07-20 20:45:56.223417,2025-07-20 20:45:59.449978,0 days 00:00:03.226561,0.8694237326556332,0.7637627762519075,0.0034508629166811007,0.2434333119619637,3,4,50,2.7963664197027242e-08,0.47263353565258115,0.7027069283006302,"[-0.16710161866580053, -0.2205356942410864, -0.204610514796459, -0.27366813059310807, -0.2711938523007532]",0.040647295401210745,"{'n_estimators': 50, 'max_depth': 3, 'learning_rate': 0.2434333119619637, 'subsample': 0.7027069283006302, 'colsample_bytree': 0.7637627762519075, 'colsample_bylevel': 0.8694237326556332, 'reg_alpha': 2.7963664197027242e-08, 'reg_lambda': 0.47263353565258115, 'min_child_weight': 4, 'gamma': 0.0034508629166811007, 'random_state': 42}",COMPLETE
65,-0.31136936181350183,2025-07-20 20:45:59.451978,2025-07-20 20:46:02.242432,0 days 00:00:02.790454,0.8810370211738482,0.7279856532329757,0.0033960070369736146,0.22728667874433092,3,4,50,5.1686711540444537e-08,0.6239147461662824,0.6631295522032385,"[-0.11612345192275919, -0.4096831668589795, -0.4386232657136095, -0.27584807934004035, -0.3165688452321205]",0.11425315906860689,"{'n_estimators': 50, 'max_depth': 3, 'learning_rate': 0.22728667874433092, 'subsample': 0.6631295522032385, 'colsample_bytree': 0.7279856532329757, 'colsample_bylevel': 0.8810370211738482, 'reg_alpha': 5.1686711540444537e-08, 'reg_lambda': 0.6239147461662824, 'min_child_weight': 4, 'gamma': 0.0033960070369736146, 'random_state': 42}",COMPLETE
66,-0.22389380093177208,2025-07-20 20:46:02.243432,2025-07-20 20:46:05.430270,0 days 00:00:03.186838,0.9112409034549083,0.7844994752176909,0.00035834493435034104,0.20232067488693475,3,4,50,1.2893270648593362e-08,0.05413758012335365,0.7177449984460452,"[-0.12261661789718142, -0.22429139782390292, -0.18661791465485492, -0.32799664932649025, -0.25794642495643105]",0.06876583720321992,"{'n_estimators': 50, 'max_depth': 3, 'learning_rate': 0.20232067488693475, 'subsample': 0.7177449984460452, 'colsample_bytree': 0.7844994752176909, 'colsample_bylevel': 0.9112409034549083, 'reg_alpha': 1.2893270648593362e-08, 'reg_lambda': 0.05413758012335365, 'min_child_weight': 4, 'gamma': 0.00035834493435034104, 'random_state': 42}",COMPLETE
67,-0.26499299286351424,2025-07-20 20:46:05.431270,2025-07-20 20:46:07.198110,0 days 00:00:01.766840,0.8663940818454435,0.7911215914793366,0.00135825452876381,0.19588319220731792,1,4,50,1.2005923534747208e-08,0.08747412059575269,0.7244142096071122,"[-0.12359955646629427, -0.294456058207038, -0.27105922768725743, -0.3391849980817307, -0.29666512387525057]",0.07403317202675119,"{'n_estimators': 50, 'max_depth': 1, 'learning_rate': 0.19588319220731792, 'subsample': 0.7244142096071122, 'colsample_bytree': 0.7911215914793366, 'colsample_bylevel': 0.8663940818454435, 'reg_alpha': 1.2005923534747208e-08, 'reg_lambda': 0.08747412059575269, 'min_child_weight': 4, 'gamma': 0.00135825452876381, 'random_state': 42}",COMPLETE
68,-0.19064305961894903,2025-07-20 20:46:07.199106,2025-07-20 20:46:09.723834,0 days 00:00:02.524728,0.9109123458940785,0.7737603147559702,0.0005993054656191172,0.2521042110251615,2,4,50,2.5275854320751006e-08,0.28351974744451774,0.7149843387740673,"[-0.09608751537817527, -0.22773298591441857, -0.1550550419821262, -0.20837703413648648, -0.26596272068353866]",0.05927978706720263,"{'n_estimators': 50, 'max_depth': 2, 'learning_rate': 0.2521042110251615, 'subsample': 0.7149843387740673, 'colsample_bytree': 0.7737603147559702, 'colsample_bylevel': 0.9109123458940785, 'reg_alpha': 2.5275854320751006e-08, 'reg_lambda': 0.28351974744451774, 'min_child_weight': 4, 'gamma': 0.0005993054656191172, 'random_state': 42}",COMPLETE
69,-0.23198722224489962,2025-07-20 20:46:09.724839,2025-07-20 20:46:12.442017,0 days 00:00:02.717178,0.9075722728464548,0.8026948912047102,0.00046361515198670763,0.22104831290211627,2,4,50,8.84285898030364e-08,2.8103144409425327,0.6567559913828446,"[-0.1745057356385284, -0.2472979426797018, -0.20265904806705404, -0.265826160939144, -0.2696472239000699]",0.03731495882333896,"{'n_estimators': 50, 'max_depth': 2, 'learning_rate': 0.22104831290211627, 'subsample': 0.6567559913828446, 'colsample_bytree': 0.8026948912047102, 'colsample_bylevel': 0.9075722728464548, 'reg_alpha': 8.84285898030364e-08, 'reg_lambda': 2.8103144409425327, 'min_child_weight': 4, 'gamma': 0.00046361515198670763, 'random_state': 42}",COMPLETE
70,-0.2025855366230124,2025-07-20 20:46:12.444015,2025-07-20 20:46:15.238288,0 days 00:00:02.794273,0.8909278720934719,0.7763774523215536,6.328003442967714e-05,0.25688458794094804,2,3,50,2.3062548146478623e-08,0.03948176780961855,0.7256617991605524,"[-0.10353915139291735, -0.24374113512860687, -0.17971561753417595, -0.19878130612368533, -0.2871504729356764]",0.06195595780534579,"{'n_estimators': 50, 'max_depth': 2, 'learning_rate': 0.25688458794094804, 'subsample': 0.7256617991605524, 'colsample_bytree': 0.7763774523215536, 'colsample_bylevel': 0.8909278720934719, 'reg_alpha': 2.3062548146478623e-08, 'reg_lambda': 0.03948176780961855, 'min_child_weight': 3, 'gamma': 6.328003442967714e-05, 'random_state': 42}",COMPLETE
71,-0.21569080843997882,2025-07-20 20:46:15.240289,2025-07-20 20:46:17.977433,0 days 00:00:02.737144,0.9222794556638542,0.7771643804694093,6.118605066852196e-05,0.2968182554925003,2,3,50,3.158613361056754e-08,0.03722622975293897,0.7314555991865297,"[-0.08344681947273438, -0.26915344604345764, -0.20880604904398686, -0.24806043339366862, -0.26898729424604645]",0.06968849857523002,"{'n_estimators': 50, 'max_depth': 2, 'learning_rate': 0.2968182554925003, 'subsample': 0.7314555991865297, 'colsample_bytree': 0.7771643804694093, 'colsample_bylevel': 0.9222794556638542, 'reg_alpha': 3.158613361056754e-08, 'reg_lambda': 0.03722622975293897, 'min_child_weight': 3, 'gamma': 6.118605066852196e-05, 'random_state': 42}",COMPLETE
72,-0.3447142324657251,2025-07-20 20:46:17.979433,2025-07-20 20:46:19.790973,0 days 00:00:01.811540,0.9197103039069996,0.738877138523012,7.534859794674387e-05,0.2997740508499158,1,3,50,2.6091756443961815e-08,0.2626799667253532,0.740110955081516,"[-0.20530914795099262, -0.4070306685326846, -0.4043854478997904, -0.3388146964083928, -0.36803120153676483]",0.07410297607569803,"{'n_estimators': 50, 'max_depth': 1, 'learning_rate': 0.2997740508499158, 'subsample': 0.740110955081516, 'colsample_bytree': 0.738877138523012, 'colsample_bylevel': 0.9197103039069996, 'reg_alpha': 2.6091756443961815e-08, 'reg_lambda': 0.2626799667253532, 'min_child_weight': 3, 'gamma': 7.534859794674387e-05, 'random_state': 42}",COMPLETE
73,-0.23659509620009,2025-07-20 20:46:19.791972,2025-07-20 20:46:22.564981,0 days 00:00:02.773009,0.8905141336516438,0.7809362916695145,0.00020454321220681994,0.2574000788570102,2,3,50,9.928858826882449e-08,0.02768477266450998,0.6657304638799387,"[-0.17528816974998357, -0.24203299197592398, -0.221449752143225, -0.270803209127592, -0.27340135800372567]",0.03617288289823444,"{'n_estimators': 50, 'max_depth': 2, 'learning_rate': 0.2574000788570102, 'subsample': 0.6657304638799387, 'colsample_bytree': 0.7809362916695145, 'colsample_bylevel': 0.8905141336516438, 'reg_alpha': 9.928858826882449e-08, 'reg_lambda': 0.02768477266450998, 'min_child_weight': 3, 'gamma': 0.00020454321220681994, 'random_state': 42}",COMPLETE
74,-0.3041143617615803,2025-07-20 20:46:22.565977,2025-07-20 20:46:25.203289,0 days 00:00:02.637312,0.9419039371626133,0.7017726257792284,2.166915924799677e-05,0.2592261626690039,2,3,50,1.889144917554022e-08,0.09806109781606165,0.7580835291793022,"[-0.2018804083707515, -0.33907220743747485, -0.412283444196142, -0.2332889639900197, -0.33404678481351346]",0.07653309024756873,"{'n_estimators': 50, 'max_depth': 2, 'learning_rate': 0.2592261626690039, 'subsample': 0.7580835291793022, 'colsample_bytree': 0.7017726257792284, 'colsample_bylevel': 0.9419039371626133, 'reg_alpha': 1.889144917554022e-08, 'reg_lambda': 0.09806109781606165, 'min_child_weight': 3, 'gamma': 2.166915924799677e-05, 'random_state': 42}",COMPLETE
75,-0.22255009819460736,2025-07-20 20:46:25.204288,2025-07-20 20:46:27.829180,0 days 00:00:02.624892,0.884504025343681,0.7767650101372483,9.392976881494104e-06,0.22227824075047203,2,3,50,1.0847013742330442e-08,0.005196895308435389,0.6774744038371867,"[-0.15551949413007793, -0.23014513140683704, -0.20216984836366408, -0.25696834402203644, -0.2679476730504213]",0.040525785476777154,"{'n_estimators': 50, 'max_depth': 2, 'learning_rate': 0.22227824075047203, 'subsample': 0.6774744038371867, 'colsample_bytree': 0.7767650101372483, 'colsample_bylevel': 0.884504025343681, 'reg_alpha': 1.0847013742330442e-08, 'reg_lambda': 0.005196895308435389, 'min_child_weight': 3, 'gamma': 9.392976881494104e-06, 'random_state': 42}",COMPLETE
76,-0.23566392348342738,2025-07-20 20:46:27.831180,2025-07-20 20:46:30.535106,0 days 00:00:02.703926,0.9283495162119164,0.8080699980906811,4.65757620278806e-05,0.21811420812230117,2,3,50,3.561730794749817e-08,0.005162744544841924,0.6448308874779705,"[-0.17064930810626253, -0.23753337638253394, -0.23018585747766943, -0.2819647391454448, -0.25798633630522616]",0.03715497253154959,"{'n_estimators': 50, 'max_depth': 2, 'learning_rate': 0.21811420812230117, 'subsample': 0.6448308874779705, 'colsample_bytree': 0.8080699980906811, 'colsample_bylevel': 0.9283495162119164, 'reg_alpha': 3.561730794749817e-08, 'reg_lambda': 0.005162744544841924, 'min_child_weight': 3, 'gamma': 4.65757620278806e-05, 'random_state': 42}",COMPLETE
77,-0.24283496388369713,2025-07-20 20:46:30.537103,2025-07-20 20:46:32.354275,0 days 00:00:01.817172,0.8879472917403534,0.7724634377112117,1.8387440237587857e-06,0.29659791905466926,1,3,50,1.0196995599550906e-08,1.8930093109323491,0.735630390470955,"[-0.13679367640078813, -0.24742744289249083, -0.22181854440577026, -0.3189440594182481, -0.2891910963011882]",0.06268815013692257,"{'n_estimators': 50, 'max_depth': 1, 'learning_rate': 0.29659791905466926, 'subsample': 0.735630390470955, 'colsample_bytree': 0.7724634377112117, 'colsample_bylevel': 0.8879472917403534, 'reg_alpha': 1.0196995599550906e-08, 'reg_lambda': 1.8930093109323491, 'min_child_weight': 3, 'gamma': 1.8387440237587857e-06, 'random_state': 42}",COMPLETE
78,-0.2178001049690393,2025-07-20 20:46:32.355275,2025-07-20 20:46:37.674373,0 days 00:00:05.319098,0.8297003995127767,0.8248690395944435,1.1586405441518128e-05,0.25623783297103014,2,3,110,9.954929105195865e-08,0.0021572350163077706,0.6774107643907045,"[-0.1512025237177532, -0.2055273442949478, -0.18041156407587544, -0.28938274012923326, -0.26247635262738667]",0.05119336330914857,"{'n_estimators': 110, 'max_depth': 2, 'learning_rate': 0.25623783297103014, 'subsample': 0.6774107643907045, 'colsample_bytree': 0.8248690395944435, 'colsample_bylevel': 0.8297003995127767, 'reg_alpha': 9.954929105195865e-08, 'reg_lambda': 0.0021572350163077706, 'min_child_weight': 3, 'gamma': 1.1586405441518128e-05, 'random_state': 42}",COMPLETE
79,-0.3111954494620624,2025-07-20 20:46:37.675369,2025-07-20 20:46:41.182190,0 days 00:00:03.506821,0.8335945223909312,0.7147995043526248,1.0461767958144292e-05,0.2564659251713121,1,4,110,1.278326610432355e-07,0.0020536929539657083,0.7778393975974576,"[-0.18060966012609272, -0.38167057823879363, -0.36058612343065755, -0.28892928297977344, -0.34418160253499464]",0.07217021448220186,"{'n_estimators': 110, 'max_depth': 1, 'learning_rate': 0.2564659251713121, 'subsample': 0.7778393975974576, 'colsample_bytree': 0.7147995043526248, 'colsample_bylevel': 0.8335945223909312, 'reg_alpha': 1.278326610432355e-07, 'reg_lambda': 0.0020536929539657083, 'min_child_weight': 4, 'gamma': 1.0461767958144292e-05, 'random_state': 42}",COMPLETE
80,-0.5570536454909134,2025-07-20 20:46:41.184187,2025-07-20 20:46:46.918153,0 days 00:00:05.733966,0.8421480437582005,0.7423007963248729,2.983978754380211e-07,0.013207780077891619,2,3,120,5.002097898302909e-08,0.1933652191355695,0.6369404887295969,"[-0.40777023948432267, -0.48348154709181973, -0.8331747891408017, -0.5610129320244808, -0.4998287197131421]",0.1464456506847664,"{'n_estimators': 120, 'max_depth': 2, 'learning_rate': 0.013207780077891619, 'subsample': 0.6369404887295969, 'colsample_bytree': 0.7423007963248729, 'colsample_bylevel': 0.8421480437582005, 'reg_alpha': 5.002097898302909e-08, 'reg_lambda': 0.1933652191355695, 'min_child_weight': 3, 'gamma': 2.983978754380211e-07, 'random_state': 42}",COMPLETE
81,-0.21734348329404446,2025-07-20 20:46:46.920150,2025-07-20 20:46:52.027230,0 days 00:00:05.107080,0.880780010566824,0.8190647719806943,2.0692022300209288e-06,0.23249523738378652,2,3,110,2.1007772184372813e-08,0.006837911796326972,0.678013088824741,"[-0.1607605569988789, -0.2105635899878078, -0.19123382794243254, -0.24501286192852137, -0.27914657961258166]",0.04126627153626671,"{'n_estimators': 110, 'max_depth': 2, 'learning_rate': 0.23249523738378652, 'subsample': 0.678013088824741, 'colsample_bytree': 0.8190647719806943, 'colsample_bylevel': 0.880780010566824, 'reg_alpha': 2.1007772184372813e-08, 'reg_lambda': 0.006837911796326972, 'min_child_weight': 3, 'gamma': 2.0692022300209288e-06, 'random_state': 42}",COMPLETE
82,-0.20838962128245883,2025-07-20 20:46:52.028227,2025-07-20 20:46:57.154061,0 days 00:00:05.125834,0.8257900744019097,0.8195030121913254,2.740846666025582e-06,0.2706675213851865,2,3,110,2.510173615758785e-08,0.028424632195103754,0.7023692357662029,"[-0.14003705191170865, -0.22583624154879872, -0.16469222602605094, -0.24225951025307263, -0.26912307667266333]",0.04841826645598019,"{'n_estimators': 110, 'max_depth': 2, 'learning_rate': 0.2706675213851865, 'subsample': 0.7023692357662029, 'colsample_bytree': 0.8195030121913254, 'colsample_bylevel': 0.8257900744019097, 'reg_alpha': 2.510173615758785e-08, 'reg_lambda': 0.028424632195103754, 'min_child_weight': 3, 'gamma': 2.740846666025582e-06, 'random_state': 42}",COMPLETE
83,-0.27586393811823323,2025-07-20 20:46:57.155142,2025-07-20 20:47:00.576452,0 days 00:00:03.421310,0.8237016060191368,0.7958194789378243,2.8246903345212883e-06,0.27444842912590794,1,2,110,2.2538787580858947e-08,0.026384016745765085,0.6786983625595241,"[-0.20181869962519386, -0.32788955564157407, -0.23714544596123063, -0.3022097621705423, -0.3102562271926256]",0.04809452328458968,"{'n_estimators': 110, 'max_depth': 1, 'learning_rate': 0.27444842912590794, 'subsample': 0.6786983625595241, 'colsample_bytree': 0.7958194789378243, 'colsample_bylevel': 0.8237016060191368, 'reg_alpha': 2.2538787580858947e-08, 'reg_lambda': 0.026384016745765085, 'min_child_weight': 2, 'gamma': 2.8246903345212883e-06, 'random_state': 42}",COMPLETE
84,-0.21257562308995254,2025-07-20 20:47:00.577452,2025-07-20 20:47:06.043776,0 days 00:00:05.466324,0.8618417613695403,0.823140787709809,5.374451777054203e-06,0.2526544956012282,2,3,120,5.607666655546606e-07,0.001367741501776584,0.7094579086955012,"[-0.1337385953872989, -0.1942786727335758, -0.19385176276780533, -0.2632504141091819, -0.2777586704519006]",0.052378244306063755,"{'n_estimators': 120, 'max_depth': 2, 'learning_rate': 0.2526544956012282, 'subsample': 0.7094579086955012, 'colsample_bytree': 0.823140787709809, 'colsample_bylevel': 0.8618417613695403, 'reg_alpha': 5.607666655546606e-07, 'reg_lambda': 0.001367741501776584, 'min_child_weight': 3, 'gamma': 5.374451777054203e-06, 'random_state': 42}",COMPLETE
85,-0.2084532579904686,2025-07-20 20:47:06.044778,2025-07-20 20:47:11.477178,0 days 00:00:05.432400,0.8959376396488975,0.8236076606412165,7.501155775573764e-07,0.2511758430823726,2,3,120,5.350771678027091e-07,0.0019948463821397445,0.7116748427524536,"[-0.13922962818642395, -0.1949924634946796, -0.16910496546625278, -0.2582414602994437, -0.2806977725055429]",0.053328279557763265,"{'n_estimators': 120, 'max_depth': 2, 'learning_rate': 0.2511758430823726, 'subsample': 0.7116748427524536, 'colsample_bytree': 0.8236076606412165, 'colsample_bylevel': 0.8959376396488975, 'reg_alpha': 5.350771678027091e-07, 'reg_lambda': 0.0019948463821397445, 'min_child_weight': 3, 'gamma': 7.501155775573764e-07, 'random_state': 42}",COMPLETE
86,-0.2021363522444199,2025-07-20 20:47:11.479047,2025-07-20 20:47:17.651114,0 days 00:00:06.172067,0.9365811251333135,0.8469838122061002,3.273727912077937e-07,0.2983396343837003,2,2,130,6.974280211626145e-07,0.0011306956358993546,0.7487545267207965,"[-0.14824494582027858, -0.23536606730323814, -0.15442787547595488, -0.23397961436545608, -0.23866325825717177]",0.04155190635868065,"{'n_estimators': 130, 'max_depth': 2, 'learning_rate': 0.2983396343837003, 'subsample': 0.7487545267207965, 'colsample_bytree': 0.8469838122061002, 'colsample_bylevel': 0.9365811251333135, 'reg_alpha': 6.974280211626145e-07, 'reg_lambda': 0.0011306956358993546, 'min_child_weight': 2, 'gamma': 3.273727912077937e-07, 'random_state': 42}",COMPLETE
87,-0.25434179689460157,2025-07-20 20:47:17.653229,2025-07-20 20:47:21.537281,0 days 00:00:03.884052,0.9429414011264712,0.8409030673639669,3.8024157465839354e-07,0.24591181195346334,1,2,130,6.29117843094908e-07,0.001031497908725321,0.7296227012309549,"[-0.1707139099033607, -0.26886971100118906, -0.1962371147404304, -0.32621415933929787, -0.30967408948873]",0.06133210732764598,"{'n_estimators': 130, 'max_depth': 1, 'learning_rate': 0.24591181195346334, 'subsample': 0.7296227012309549, 'colsample_bytree': 0.8409030673639669, 'colsample_bylevel': 0.9429414011264712, 'reg_alpha': 6.29117843094908e-07, 'reg_lambda': 0.001031497908725321, 'min_child_weight': 2, 'gamma': 3.8024157465839354e-07, 'random_state': 42}",COMPLETE
88,-0.19804800936883138,2025-07-20 20:47:21.539273,2025-07-20 20:47:27.832074,0 days 00:00:06.292801,0.897953458142186,0.8500051227305311,7.128622136506826e-07,0.18435678430220231,2,2,130,2.2372030112477592e-06,0.0032416595334187523,0.7539467202692209,"[-0.14783982256605707, -0.20178320590282342, -0.1257893636397692, -0.23168260326082657, -0.2831450514746806]",0.05679598239173623,"{'n_estimators': 130, 'max_depth': 2, 'learning_rate': 0.18435678430220231, 'subsample': 0.7539467202692209, 'colsample_bytree': 0.8500051227305311, 'colsample_bylevel': 0.897953458142186, 'reg_alpha': 2.2372030112477592e-06, 'reg_lambda': 0.0032416595334187523, 'min_child_weight': 2, 'gamma': 7.128622136506826e-07, 'random_state': 42}",COMPLETE
89,-0.19533882862336138,2025-07-20 20:47:27.833075,2025-07-20 20:47:34.314356,0 days 00:00:06.481281,0.8993033572712685,0.8474316896459465,1.0268877891464338e-07,0.1891455788103564,2,2,130,2.4568283361075433e-06,0.03225900263331799,0.7509180194469407,"[-0.12502059685681122, -0.21811601876231618, -0.12920570680854804, -0.22430435405808655, -0.28004746663104496]",0.05975215297744474,"{'n_estimators': 130, 'max_depth': 2, 'learning_rate': 0.1891455788103564, 'subsample': 0.7509180194469407, 'colsample_bytree': 0.8474316896459465, 'colsample_bylevel': 0.8993033572712685, 'reg_alpha': 2.4568283361075433e-06, 'reg_lambda': 0.03225900263331799, 'min_child_weight': 2, 'gamma': 1.0268877891464338e-07, 'random_state': 42}",COMPLETE
90,-0.23411935659760194,2025-07-20 20:47:34.315356,2025-07-20 20:47:50.638524,0 days 00:00:16.323168,0.8971190803690795,0.8480763204313327,6.208416563923373e-08,0.18727953759022395,9,2,130,2.1873192616020114e-06,0.0015573093422991172,0.7120266005797014,"[-0.19161619924695142, -0.23365929482125705, -0.25281365120859345, -0.21791140037934675, -0.2745962373318612]",0.028486075234623265,"{'n_estimators': 130, 'max_depth': 9, 'learning_rate': 0.18727953759022395, 'subsample': 0.7120266005797014, 'colsample_bytree': 0.8480763204313327, 'colsample_bylevel': 0.8971190803690795, 'reg_alpha': 2.1873192616020114e-06, 'reg_lambda': 0.0015573093422991172, 'min_child_weight': 2, 'gamma': 6.208416563923373e-08, 'random_state': 42}",COMPLETE
91,-0.20218984457298142,2025-07-20 20:47:50.640524,2025-07-20 20:47:56.568498,0 days 00:00:05.927974,0.9170750939776828,0.8500210167983876,9.390863462087728e-07,0.2924624671091122,2,2,120,4.2791166668777644e-07,0.031469327864235536,0.7517264714890294,"[-0.13923653551820311, -0.29045191281771704, -0.12686385922048943, -0.21426301823973742, -0.24013389706876004]",0.0616649471309247,"{'n_estimators': 120, 'max_depth': 2, 'learning_rate': 0.2924624671091122, 'subsample': 0.7517264714890294, 'colsample_bytree': 0.8500210167983876, 'colsample_bylevel': 0.9170750939776828, 'reg_alpha': 4.2791166668777644e-07, 'reg_lambda': 0.031469327864235536, 'min_child_weight': 2, 'gamma': 9.390863462087728e-07, 'random_state': 42}",COMPLETE
92,-0.19395976925100106,2025-07-20 20:47:56.571613,2025-07-20 20:48:02.875580,0 days 00:00:06.303967,0.9690536969144035,0.8509924620245556,7.114312289315029e-07,0.21537670106815793,2,2,130,5.690164144898453e-07,0.004029131094846909,0.7514292603476868,"[-0.11508191789861198, -0.1948401961454642, -0.14783678423521318, -0.24821226881581512, -0.2638276791599008]",0.056876495806828596,"{'n_estimators': 130, 'max_depth': 2, 'learning_rate': 0.21537670106815793, 'subsample': 0.7514292603476868, 'colsample_bytree': 0.8509924620245556, 'colsample_bylevel': 0.9690536969144035, 'reg_alpha': 5.690164144898453e-07, 'reg_lambda': 0.004029131094846909, 'min_child_weight': 2, 'gamma': 7.114312289315029e-07, 'random_state': 42}",COMPLETE
93,-0.1976239428630588,2025-07-20 20:48:02.877588,2025-07-20 20:48:09.236639,0 days 00:00:06.359051,0.9598946645278709,0.876295774668425,8.65019282365143e-07,0.20932520927009085,2,2,130,1.1954235895357265e-06,0.08760703441340006,0.7554853085822366,"[-0.10199012258972395, -0.2211617523191682, -0.1713308061335782, -0.23137357668715683, -0.2622634565856668]",0.05605085121690074,"{'n_estimators': 130, 'max_depth': 2, 'learning_rate': 0.20932520927009085, 'subsample': 0.7554853085822366, 'colsample_bytree': 0.876295774668425, 'colsample_bylevel': 0.9598946645278709, 'reg_alpha': 1.1954235895357265e-06, 'reg_lambda': 0.08760703441340006, 'min_child_weight': 2, 'gamma': 8.65019282365143e-07, 'random_state': 42}",COMPLETE
94,-0.25460632944738854,2025-07-20 20:48:09.237650,2025-07-20 20:48:13.431851,0 days 00:00:04.194201,0.9331653927289766,0.8529020092617272,1.8250723108369887e-07,0.21205972048736416,1,1,140,3.072160751546444e-06,0.08604951356157352,0.7473859058992699,"[-0.15262214865026386, -0.2942312433930771, -0.23111712908372659, -0.2903475453273524, -0.3047135807825228]",0.057115358040948305,"{'n_estimators': 140, 'max_depth': 1, 'learning_rate': 0.21205972048736416, 'subsample': 0.7473859058992699, 'colsample_bytree': 0.8529020092617272, 'colsample_bylevel': 0.9331653927289766, 'reg_alpha': 3.072160751546444e-06, 'reg_lambda': 0.08604951356157352, 'min_child_weight': 1, 'gamma': 1.8250723108369887e-07, 'random_state': 42}",COMPLETE
95,-0.19793201228024287,2025-07-20 20:48:13.433848,2025-07-20 20:48:21.812311,0 days 00:00:08.378463,0.9641193634910857,0.8702849090061395,9.006758499053344e-07,0.18469095367353444,2,2,140,1.0702993603291305e-06,0.0040128574789208395,0.7815070495805476,"[-0.14592124189610953, -0.22761334353423165, -0.13538904663317217, -0.22511345768111912, -0.255622971656582]",0.04809324688713364,"{'n_estimators': 140, 'max_depth': 2, 'learning_rate': 0.18469095367353444, 'subsample': 0.7815070495805476, 'colsample_bytree': 0.8702849090061395, 'colsample_bylevel': 0.9641193634910857, 'reg_alpha': 1.0702993603291305e-06, 'reg_lambda': 0.0040128574789208395, 'min_child_weight': 2, 'gamma': 9.006758499053344e-07, 'random_state': 42}",COMPLETE
96,-0.19988097707698826,2025-07-20 20:48:21.814252,2025-07-20 20:48:35.328732,0 days 00:00:13.514480,0.965325735566265,0.8752604736627013,8.186745542840125e-07,0.1790542959669842,2,2,140,8.458432957343717e-07,0.0033815216734476555,0.7782528947518851,"[-0.13872900408545447, -0.23309642357455648, -0.12350519856932639, -0.24712235426003884, -0.2569519048955652]",0.05685934883493829,"{'n_estimators': 140, 'max_depth': 2, 'learning_rate': 0.1790542959669842, 'subsample': 0.7782528947518851, 'colsample_bytree': 0.8752604736627013, 'colsample_bylevel': 0.965325735566265, 'reg_alpha': 8.458432957343717e-07, 'reg_lambda': 0.0033815216734476555, 'min_child_weight': 2, 'gamma': 8.186745542840125e-07, 'random_state': 42}",COMPLETE
97,-0.25857219452367447,2025-07-20 20:48:35.330731,2025-07-20 20:48:36.305070,0 days 00:00:00.974339,0.9676132144952414,0.8678554975419778,7.518775693318166e-07,0.17948555385788892,1,1,140,1.5808901133501312e-06,0.0036254899413704876,0.7832555677363996,"[-0.14220156152901559, -0.3072502891904019, -0.23774080833914757, -0.3118575682059993, -0.293810745353808]",0.06391668684686695,"{'n_estimators': 140, 'max_depth': 1, 'learning_rate': 0.17948555385788892, 'subsample': 0.7832555677363996, 'colsample_bytree': 0.8678554975419778, 'colsample_bylevel': 0.9676132144952414, 'reg_alpha': 1.5808901133501312e-06, 'reg_lambda': 0.0036254899413704876, 'min_child_weight': 1, 'gamma': 7.518775693318166e-07, 'random_state': 42}",COMPLETE
98,-0.1979904459915963,2025-07-20 20:48:36.306069,2025-07-20 20:48:37.466918,0 days 00:00:01.160849,0.9610553689102653,0.87969922947936,5.8502286354259945e-08,0.14272836759121665,2,2,130,1.1647353325941753e-06,0.006570614602303981,0.7498828745181898,"[-0.12569791621791532, -0.2172454873841949, -0.16693505295460062, -0.21481767712496622, -0.26525609627630437]",0.04768485573561488,"{'n_estimators': 130, 'max_depth': 2, 'learning_rate': 0.14272836759121665, 'subsample': 0.7498828745181898, 'colsample_bytree': 0.87969922947936, 'colsample_bylevel': 0.9610553689102653, 'reg_alpha': 1.1647353325941753e-06, 'reg_lambda': 0.006570614602303981, 'min_child_weight': 2, 'gamma': 5.8502286354259945e-08, 'random_state': 42}",COMPLETE
99,-0.26956107286873066,2025-07-20 20:48:37.468918,2025-07-20 20:48:38.362367,0 days 00:00:00.893449,0.9849932617180676,0.8780398795996016,5.630953408725491e-08,0.1435846690638242,1,1,130,1.155657456464645e-06,0.0006169775010094711,0.8138683386769238,"[-0.1612127290378128, -0.3053250382101279, -0.2731107843394999, -0.3107000616506804, -0.2974567511055322]",0.05568053617137989,"{'n_estimators': 130, 'max_depth': 1, 'learning_rate': 0.1435846690638242, 'subsample': 0.8138683386769238, 'colsample_bytree': 0.8780398795996016, 'colsample_bylevel': 0.9849932617180676, 'reg_alpha': 1.155657456464645e-06, 'reg_lambda': 0.0006169775010094711, 'min_child_weight': 1, 'gamma': 5.630953408725491e-08, 'random_state': 42}",COMPLETE
