{
  "model_id": "69e194df-89e7-47d2-894c-6a9903138a81",
  "task_type": "regression",
  "is_batch": true,
  "predictions": [
    1.3956001996994019,
    -0.01609696075320244,
    -0.8196080923080444,
    -1.0404905080795288,
    -1.4742108583450317
  ],
  "raw_predictions": [
    5.454726696014404,
    3.3418474197387695,
    2.1392369270324707,
    1.8086432218551636,
    1.159496545791626
  ],
  "confidence_scores": [
    0.9980904459953308,
    0.9994756579399109,
    0.9993311166763306,
    0.9989815354347229,
    0.9974275231361389
  ],
  "label_mapping": null,
  "error_occurred": false,
  "error_message": null,
  "prediction_id": "756dc325-efe6-43d5-a6b5-89eac029bc0c",
  "prediction_metadata": {
    "prediction_timestamp": "2025-07-09T11:45:52.656204",
    "feature_names": [
      "SiO2",
      "CeO2",
      "lignin",
      "vinyl"
    ],
    "feature_values": [
      [
        1.0432746575987168,
        -1.2002591147802568,
        -0.7793538534989913,
        -0.10848066179126993
      ],
      [
        0.16034361005010234,
        -0.24818276300103775,
        -0.45010508785412773,
        -1.5551227774206595
      ],
      [
        -0.9433201993856658,
        -0.4987291713639902,
        0.028802207629310097,
        -0.5165079251739182
      ],
      [
        -1.2744193422163963,
        -0.6490570163817616,
        0.08866561956473988,
        -0.8874418009763259
      ],
      [
        -1.8262512469342802,
        -0.4987291713639902,
        0.26825585537102925,
        -1.4067492270996969
      ]
    ],
    "num_samples": 5,
    "prediction_time_seconds": 0.288239,
    "tool_input_details": {
      "model_id": "69e194df-89e7-47d2-894c-6a9903138a81",
      "feature_values": [
        [
          36,
          0.6,
          1.9,
          4.3
        ],
        [
          28,
          4.4,
          3,
          0.4
        ],
        [
          18,
          3.4,
          4.6,
          3.2
        ],
        [
          15,
          2.8,
          4.8,
          2.2
        ],
        [
          10,
          3.4,
          5.4,
          0.8
        ]
      ],
      "feature_names": null,
      "include_confidence": true,
      "save_intermediate_files": true,
      "generate_report": true,
      "output_path": null
    }
  },
  "saved_files": {
    "original_data": "trained_models\\69e194df-89e7-47d2-894c-6a9903138a81\\predictions\\756dc325-efe6-43d5-a6b5-89eac029bc0c\\01_original_data.csv",
    "processed_features": "trained_models\\69e194df-89e7-47d2-894c-6a9903138a81\\predictions\\756dc325-efe6-43d5-a6b5-89eac029bc0c\\02_processed_features.csv",
    "predictions_processed": "trained_models\\69e194df-89e7-47d2-894c-6a9903138a81\\predictions\\756dc325-efe6-43d5-a6b5-89eac029bc0c\\03_predictions_processed_scale.csv",
    "predictions_original": "trained_models\\69e194df-89e7-47d2-894c-6a9903138a81\\predictions\\756dc325-efe6-43d5-a6b5-89eac029bc0c\\04_predictions_original_scale.csv",
    "confidence_scores": "trained_models\\69e194df-89e7-47d2-894c-6a9903138a81\\predictions\\756dc325-efe6-43d5-a6b5-89eac029bc0c\\05_confidence_scores.csv",
    "combined_results": "trained_models\\69e194df-89e7-47d2-894c-6a9903138a81\\predictions\\756dc325-efe6-43d5-a6b5-89eac029bc0c\\06_combined_results.csv"
  },
  "folder_structure": {
    "01_original_data.csv": "Original input data as provided",
    "02_processed_features.csv": "Features after preprocessing/normalization",
    "03_predictions_processed_scale.csv": "Predictions in processed/normalized scale",
    "04_predictions_original_scale.csv": "Predictions transformed back to original scale",
    "05_confidence_scores.csv": "Confidence/uncertainty scores for each prediction",
    "06_combined_results.csv": "All data combined: features + predictions + confidence",
    "prediction_summary.json": "Complete prediction results and metadata",
    "prediction_report.html": "Detailed HTML report"
  }
}