{
  "best_params": {
    "n_estimators": 80,
    "max_depth": 5,
    "learning_rate": 0.1875479702640702,
    "subsample": 0.6778072213972235,
    "colsample_bytree": 0.7614564486507683,
    "colsample_bylevel": 0.8586526676505983,
    "reg_alpha": 0.0013452720225037348,
    "reg_lambda": 0.008222823092939814,
    "min_child_weight": 3,
    "gamma": 0.01554775288075049
  },
  "best_score": -0.18810234195384856,
  "best_trial_number": 58,
  "n_trials": 100,
  "n_completed_trials": 100,
  "task_type": "regression",
  "sampler_type": "TPE",
  "optimization_history": [
    {
      "trial_number": 0,
      "value": -0.28696751793680875,
      "params": {
        "n_estimators": 90,
        "max_depth": 10,
        "learning_rate": 0.1205712628744377,
        "subsample": 0.8394633936788146,
        "colsample_bytree": 0.6624074561769746,
        "colsample_bylevel": 0.662397808134481,
        "reg_alpha": 3.3323645788192616e-08,
        "reg_lambda": 0.6245760287469893,
        "min_child_weight": 7,
        "gamma": 0.023585940584142682
      },
      "state": "COMPLETE",
      "datetime": "2025-07-15T18:37:52.120093",
      "duration": 0.728047
    },
    {
      "trial_number": 1,
      "value": -0.2946381487932525,
      "params": {
        "n_estimators": 50,
        "max_depth": 10,
        "learning_rate": 0.16967533607196555,
        "subsample": 0.6849356442713105,
        "colsample_bytree": 0.6727299868828402,
        "colsample_bylevel": 0.6733618039413735,
        "reg_alpha": 5.472429642032198e-06,
        "reg_lambda": 0.00052821153945323,
        "min_child_weight": 5,
        "gamma": 4.17890272377219e-06
      },
      "state": "COMPLETE",
      "datetime": "2025-07-15T18:37:52.854077",
      "duration": 0.604859
    },
    {
      "trial_number": 2,
      "value": -0.35645327511056524,
      "params": {
        "n_estimators": 110,
        "max_depth": 2,
        "learning_rate": 0.027010527749605478,
        "subsample": 0.7465447373174767,
        "colsample_bytree": 0.7824279936868144,
        "colsample_bylevel": 0.9140703845572055,
        "reg_alpha": 6.267062696005991e-07,
        "reg_lambda": 0.00042472707398058225,
        "min_child_weight": 6,
        "gamma": 2.6185068507773707e-08
      },
      "state": "COMPLETE",
      "datetime": "2025-07-15T18:37:53.459936",
      "duration": 0.881242
    },
    {
      "trial_number": 3,
      "value": -0.5037313229212543,
      "params": {
        "n_estimators": 110,
        "max_depth": 2,
        "learning_rate": 0.012476394272569451,
        "subsample": 0.9795542149013333,
        "colsample_bytree": 0.9862528132298237,
        "colsample_bylevel": 0.9233589392465844,
        "reg_alpha": 5.514725787121931e-06,
        "reg_lambda": 7.569183361880229e-08,
        "min_child_weight": 7,
        "gamma": 9.148975058772307e-05
      },
      "state": "COMPLETE",
      "datetime": "2025-07-15T18:37:54.342178",
      "duration": 0.93809
    },
    {
      "trial_number": 4,
      "value": -0.7271131389188403,
      "params": {
        "n_estimators": 60,
        "max_depth": 5,
        "learning_rate": 0.011240768803005551,
        "subsample": 0.9637281608315128,
        "colsample_bytree": 0.7035119926400067,
        "colsample_bylevel": 0.8650089137415928,
        "reg_alpha": 6.388511557344611e-06,
        "reg_lambda": 0.0004793052550782129,
        "min_child_weight": 6,
        "gamma": 4.609885087947832e-07
      },
      "state": "COMPLETE",
      "datetime": "2025-07-15T18:37:55.280268",
      "duration": 0.678849
    },
    {
      "trial_number": 5,
      "value": -0.26864714394221934,
      "params": {
        "n_estimators": 150,
        "max_depth": 8,
        "learning_rate": 0.24420460844911424,
        "subsample": 0.9579309401710595,
        "colsample_bytree": 0.8391599915244341,
        "colsample_bylevel": 0.9687496940092467,
        "reg_alpha": 6.257956190096665e-08,
        "reg_lambda": 5.805581976088804e-07,
        "min_child_weight": 1,
        "gamma": 8.471746987003668e-06
      },
      "state": "COMPLETE",
      "datetime": "2025-07-15T18:37:55.959117",
      "duration": 1.262587
    },
    {
      "trial_number": 6,
      "value": -0.551956615931215,
      "params": {
        "n_estimators": 90,
        "max_depth": 3,
        "learning_rate": 0.16755052359850303,
        "subsample": 0.7427013306774357,
        "colsample_bytree": 0.7123738038749523,
        "colsample_bylevel": 0.8170784332632994,
        "reg_alpha": 1.8548894229694903e-07,
        "reg_lambda": 0.16587190283399655,
        "min_child_weight": 1,
        "gamma": 7.620481786158549
      },
      "state": "COMPLETE",
      "datetime": "2025-07-15T18:37:57.223469",
      "duration": 0.649983
    },
    {
      "trial_number": 7,
      "value": -0.46755847086699187,
      "params": {
        "n_estimators": 130,
        "max_depth": 2,
        "learning_rate": 0.010189592979395137,
        "subsample": 0.9261845713819337,
        "colsample_bytree": 0.8827429375390468,
        "colsample_bylevel": 0.8916028672163949,
        "reg_alpha": 0.08738424135626986,
        "reg_lambda": 4.638759594322625e-08,
        "min_child_weight": 4,
        "gamma": 1.1036250149900698e-07
      },
      "state": "COMPLETE",
      "datetime": "2025-07-15T18:37:57.875782",
      "duration": 1.065275
    },
    {
      "trial_number": 8,
      "value": -0.5224439951343426,
      "params": {
        "n_estimators": 140,
        "max_depth": 7,
        "learning_rate": 0.030816017044468066,
        "subsample": 0.6254233401144095,
        "colsample_bytree": 0.7243929286862649,
        "colsample_bylevel": 0.7300733288106989,
        "reg_alpha": 0.036851536911881845,
        "reg_lambda": 0.005470376807480391,
        "min_child_weight": 9,
        "gamma": 0.0001778010520878397
      },
      "state": "COMPLETE",
      "datetime": "2025-07-15T18:37:58.950584",
      "duration": 0.980078
    },
    {
      "trial_number": 9,
      "value": -0.2665996988440099,
      "params": {
        "n_estimators": 60,
        "max_depth": 8,
        "learning_rate": 0.13297554090738672,
        "subsample": 0.8245108790277985,
        "colsample_bytree": 0.9083868719818244,
        "colsample_bylevel": 0.7975182385457563,
        "reg_alpha": 0.0005065186776865479,
        "reg_lambda": 7.04480806377519e-05,
        "min_child_weight": 1,
        "gamma": 9.354548757337708e-08
      },
      "state": "COMPLETE",
      "datetime": "2025-07-15T18:37:59.932663",
      "duration": 1.769654
    },
    {
      "trial_number": 10,
      "value": -0.2411425660359221,
      "params": {
        "n_estimators": 70,
        "max_depth": 5,
        "learning_rate": 0.07955798569352589,
        "subsample": 0.8559192772506939,
        "colsample_bytree": 0.9568478358759311,
        "colsample_bylevel": 0.7570274592606949,
        "reg_alpha": 0.0009327366933736902,
        "reg_lambda": 3.9951522674461425e-06,
        "min_child_weight": 3,
        "gamma": 0.01036771407033351
      },
      "state": "COMPLETE",
      "datetime": "2025-07-15T18:38:01.702317",
      "duration": 0.947549
    },
    {
      "trial_number": 11,
      "value": -0.2515086682249354,
      "params": {
        "n_estimators": 70,
        "max_depth": 5,
        "learning_rate": 0.07578854864284995,
        "subsample": 0.8562950519589575,
        "colsample_bytree": 0.9586229109175456,
        "colsample_bylevel": 0.757298334171193,
        "reg_alpha": 0.0010132439259431913,
        "reg_lambda": 4.491067917060829e-06,
        "min_child_weight": 3,
        "gamma": 0.02419584192691601
      },
      "state": "COMPLETE",
      "datetime": "2025-07-15T18:38:02.659943",
      "duration": 1.799884
    },
    {
      "trial_number": 12,
      "value": -0.2547747533505345,
      "params": {
        "n_estimators": 80,
        "max_depth": 5,
        "learning_rate": 0.0611731627725646,
        "subsample": 0.8888336114830357,
        "colsample_bytree": 0.9952647403542068,
        "colsample_bylevel": 0.7392973228175623,
        "reg_alpha": 0.0016782877393559201,
        "reg_lambda": 1.2167282577786447e-05,
        "min_child_weight": 3,
        "gamma": 0.054072977351487396
      },
      "state": "COMPLETE",
      "datetime": "2025-07-15T18:38:04.461264",
      "duration": 1.809495
    },
    {
      "trial_number": 13,
      "value": -0.3686363393938391,
      "params": {
        "n_estimators": 70,
        "max_depth": 4,
        "learning_rate": 0.07269377550630614,
        "subsample": 0.8825741602454161,
        "colsample_bytree": 0.9324452852429903,
        "colsample_bylevel": 0.74941857920517,
        "reg_alpha": 2.996709216305243,
        "reg_lambda": 2.3011479242853113e-06,
        "min_child_weight": 4,
        "gamma": 0.017398512983972422
      },
      "state": "COMPLETE",
      "datetime": "2025-07-15T18:38:06.270759",
      "duration": 0.791149
    },
    {
      "trial_number": 14,
      "value": -0.4406050906266226,
      "params": {
        "n_estimators": 70,
        "max_depth": 6,
        "learning_rate": 0.034404307034006744,
        "subsample": 0.7691194367707845,
        "colsample_bytree": 0.8269194168188378,
        "colsample_bylevel": 0.6274930137103218,
        "reg_alpha": 0.009035078527799004,
        "reg_lambda": 1.1278476859998465e-08,
        "min_child_weight": 3,
        "gamma": 0.5555382724773049
      },
      "state": "COMPLETE",
      "datetime": "2025-07-15T18:38:07.062909",
      "duration": 1.672755
    },
    {
      "trial_number": 15,
      "value": -0.3426494005507718,
      "params": {
        "n_estimators": 50,
        "max_depth": 4,
        "learning_rate": 0.07942383092448929,
        "subsample": 0.8569448224557981,
        "colsample_bytree": 0.6018960478612356,
        "colsample_bylevel": 0.8004176985798338,
        "reg_alpha": 6.457023965569274e-05,
        "reg_lambda": 4.857684585294983e-06,
        "min_child_weight": 3,
        "gamma": 0.0018892362004983632
      },
      "state": "COMPLETE",
      "datetime": "2025-07-15T18:38:08.735664",
      "duration": 3.400948
    },
    {
      "trial_number": 16,
      "value": -0.28565770329590195,
      "params": {
        "n_estimators": 100,
        "max_depth": 6,
        "learning_rate": 0.04600488439220214,
        "subsample": 0.7948619995717208,
        "colsample_bytree": 0.9482512004607759,
        "colsample_bylevel": 0.7017569807321887,
        "reg_alpha": 0.8942846877058512,
        "reg_lambda": 0.016109046194566698,
        "min_child_weight": 2,
        "gamma": 0.0014036167244369738
      },
      "state": "COMPLETE",
      "datetime": "2025-07-15T18:38:12.136612",
      "duration": 8.037537
    },
    {
      "trial_number": 17,
      "value": -0.3893806503938604,
      "params": {
        "n_estimators": 80,
        "max_depth": 4,
        "learning_rate": 0.09059259906917297,
        "subsample": 0.9183471047574292,
        "colsample_bytree": 0.8745421080360691,
        "colsample_bylevel": 0.6005228611371356,
        "reg_alpha": 0.0001121974965725437,
        "reg_lambda": 4.6730418541838144e-07,
        "min_child_weight": 10,
        "gamma": 0.4293142155114994
      },
      "state": "COMPLETE",
      "datetime": "2025-07-15T18:38:20.174149",
      "duration": 0.729159
    },
    {
      "trial_number": 18,
      "value": -0.5373729173540301,
      "params": {
        "n_estimators": 70,
        "max_depth": 1,
        "learning_rate": 0.020373262780707373,
        "subsample": 0.6805454483691531,
        "colsample_bytree": 0.9568370669211905,
        "colsample_bylevel": 0.8408140216821032,
        "reg_alpha": 0.0032602758837760024,
        "reg_lambda": 3.3898508665351884e-05,
        "min_child_weight": 4,
        "gamma": 0.0036300468930260564
      },
      "state": "COMPLETE",
      "datetime": "2025-07-15T18:38:20.904308",
      "duration": 0.606345
    },
    {
      "trial_number": 19,
      "value": -0.2790220941317528,
      "params": {
        "n_estimators": 110,
        "max_depth": 7,
        "learning_rate": 0.29617315369159336,
        "subsample": 0.7950630758407966,
        "colsample_bytree": 0.786830953186129,
        "colsample_bylevel": 0.7644220517350713,
        "reg_alpha": 0.143718048912566,
        "reg_lambda": 6.7891871542277356,
        "min_child_weight": 2,
        "gamma": 0.66248266359638
      },
      "state": "COMPLETE",
      "datetime": "2025-07-15T18:38:21.510653",
      "duration": 0.961537
    },
    {
      "trial_number": 20,
      "value": -0.4772073560982525,
      "params": {
        "n_estimators": 90,
        "max_depth": 7,
        "learning_rate": 0.042696194629495206,
        "subsample": 0.8801151332999179,
        "colsample_bytree": 0.895721038131165,
        "colsample_bylevel": 0.6985152654900059,
        "reg_alpha": 4.877220345703102e-05,
        "reg_lambda": 3.098663866567354e-07,
        "min_child_weight": 5,
        "gamma": 5.3265226047685745
      },
      "state": "COMPLETE",
      "datetime": "2025-07-15T18:38:22.472190",
      "duration": 2.92142
    },
    {
      "trial_number": 21,
      "value": -0.2415298752937362,
      "params": {
        "n_estimators": 80,
        "max_depth": 5,
        "learning_rate": 0.060085247604592565,
        "subsample": 0.9098782219958496,
        "colsample_bytree": 0.9924101098159579,
        "colsample_bylevel": 0.7815766970277724,
        "reg_alpha": 0.000707097020134007,
        "reg_lambda": 1.2700729587173315e-05,
        "min_child_weight": 3,
        "gamma": 0.057599916032617965
      },
      "state": "COMPLETE",
      "datetime": "2025-07-15T18:38:25.394607",
      "duration": 6.171168
    },
    {
      "trial_number": 22,
      "value": -0.23504170781717176,
      "params": {
        "n_estimators": 80,
        "max_depth": 5,
        "learning_rate": 0.10508860193292541,
        "subsample": 0.9292664864911906,
        "colsample_bytree": 0.971036644797337,
        "colsample_bylevel": 0.777908524678226,
        "reg_alpha": 0.0005585912857434382,
        "reg_lambda": 5.3195620076571505e-05,
        "min_child_weight": 2,
        "gamma": 0.0716094723735219
      },
      "state": "COMPLETE",
      "datetime": "2025-07-15T18:38:31.567767",
      "duration": 4.914597
    },
    {
      "trial_number": 23,
      "value": -0.2597007325873283,
      "params": {
        "n_estimators": 80,
        "max_depth": 3,
        "learning_rate": 0.11376891031130071,
        "subsample": 0.996271580654183,
        "colsample_bytree": 0.9957741629204993,
        "colsample_bylevel": 0.7806180345278746,
        "reg_alpha": 0.009777634101719827,
        "reg_lambda": 5.928510952426204e-05,
        "min_child_weight": 2,
        "gamma": 0.1730649609813327
      },
      "state": "COMPLETE",
      "datetime": "2025-07-15T18:38:36.482364",
      "duration": 3.77534
    },
    {
      "trial_number": 24,
      "value": -0.2511264065343986,
      "params": {
        "n_estimators": 100,
        "max_depth": 6,
        "learning_rate": 0.056663084105584655,
        "subsample": 0.9219088336584385,
        "colsample_bytree": 0.9234766948236092,
        "colsample_bylevel": 0.8582172425559299,
        "reg_alpha": 0.00029813908100951474,
        "reg_lambda": 0.003362313404575863,
        "min_child_weight": 2,
        "gamma": 0.0007258545615258917
      },
      "state": "COMPLETE",
      "datetime": "2025-07-15T18:38:40.267693",
      "duration": 17.355667
    },
    {
      "trial_number": 25,
      "value": -0.24203308177465682,
      "params": {
        "n_estimators": 60,
        "max_depth": 4,
        "learning_rate": 0.10114769745886984,
        "subsample": 0.9409378713152255,
        "colsample_bytree": 0.9630805541030447,
        "colsample_bylevel": 0.8190472992732886,
        "reg_alpha": 2.46636476117818e-05,
        "reg_lambda": 8.589757397077722e-05,
        "min_child_weight": 4,
        "gamma": 0.008096774766828529
      },
      "state": "COMPLETE",
      "datetime": "2025-07-15T18:38:57.623360",
      "duration": 6.920467
    },
    {
      "trial_number": 26,
      "value": -0.27551773093765497,
      "params": {
        "n_estimators": 80,
        "max_depth": 5,
        "learning_rate": 0.1534646067701486,
        "subsample": 0.8825693981487873,
        "colsample_bytree": 0.8605367376324043,
        "colsample_bylevel": 0.7128897179429896,
        "reg_alpha": 0.009228011517989423,
        "reg_lambda": 1.1954956801041806e-06,
        "min_child_weight": 2,
        "gamma": 0.12136767407808075
      },
      "state": "COMPLETE",
      "datetime": "2025-07-15T18:39:04.543827",
      "duration": 3.758026
    },
    {
      "trial_number": 27,
      "value": -0.27484736709194013,
      "params": {
        "n_estimators": 90,
        "max_depth": 3,
        "learning_rate": 0.04599691098993761,
        "subsample": 0.9079194402905835,
        "colsample_bytree": 0.9200126941036437,
        "colsample_bylevel": 0.776724160034688,
        "reg_alpha": 0.00041674661299949726,
        "reg_lambda": 1.1799139181840691e-05,
        "min_child_weight": 5,
        "gamma": 5.188531211438824e-05
      },
      "state": "COMPLETE",
      "datetime": "2025-07-15T18:39:08.301853",
      "duration": 5.390937
    },
    {
      "trial_number": 28,
      "value": -0.3996278173430451,
      "params": {
        "n_estimators": 100,
        "max_depth": 8,
        "learning_rate": 0.20867441616447183,
        "subsample": 0.8356431616270723,
        "colsample_bytree": 0.9758603782031308,
        "colsample_bylevel": 0.8359893467946999,
        "reg_alpha": 0.003723927587506742,
        "reg_lambda": 1.1883987898407869e-07,
        "min_child_weight": 3,
        "gamma": 3.354887796836016
      },
      "state": "COMPLETE",
      "datetime": "2025-07-15T18:39:13.692790",
      "duration": 3.345797
    },
    {
      "trial_number": 29,
      "value": -0.28775917844918064,
      "params": {
        "n_estimators": 120,
        "max_depth": 6,
        "learning_rate": 0.12363466119377357,
        "subsample": 0.9512023746249111,
        "colsample_bytree": 0.9395734770858657,
        "colsample_bylevel": 0.6860903906803597,
        "reg_alpha": 1.370736777089053e-08,
        "reg_lambda": 0.0020623424481023933,
        "min_child_weight": 7,
        "gamma": 0.007890909378906404
      },
      "state": "COMPLETE",
      "datetime": "2025-07-15T18:39:17.041695",
      "duration": 4.531713
    },
    {
      "trial_number": 30,
      "value": -0.5923481902180072,
      "params": {
        "n_estimators": 60,
        "max_depth": 9,
        "learning_rate": 0.020596349683561322,
        "subsample": 0.8162677862607134,
        "colsample_bytree": 0.9993851752225809,
        "colsample_bylevel": 0.6454158611813346,
        "reg_alpha": 0.38420558483488065,
        "reg_lambda": 0.04804949539627079,
        "min_child_weight": 1,
        "gamma": 1.7027331593815556
      },
      "state": "COMPLETE",
      "datetime": "2025-07-15T18:39:21.576406",
      "duration": 3.380717
    },
    {
      "trial_number": 31,
      "value": -0.24474020750876227,
      "params": {
        "n_estimators": 60,
        "max_depth": 4,
        "learning_rate": 0.10214602670982141,
        "subsample": 0.9499080159063434,
        "colsample_bytree": 0.9662451282817471,
        "colsample_bylevel": 0.8146089340021231,
        "reg_alpha": 2.7504871118066658e-05,
        "reg_lambda": 0.00012715865129776829,
        "min_child_weight": 4,
        "gamma": 0.008978771823443263
      },
      "state": "COMPLETE",
      "datetime": "2025-07-15T18:39:24.957123",
      "duration": 4.32817
    },
    {
      "trial_number": 32,
      "value": -0.24779224825787746,
      "params": {
        "n_estimators": 50,
        "max_depth": 4,
        "learning_rate": 0.09445214319205095,
        "subsample": 0.9363798168541633,
        "colsample_bytree": 0.9684062558041331,
        "colsample_bylevel": 0.7955966964324497,
        "reg_alpha": 1.686920276190037e-05,
        "reg_lambda": 1.7781969990295047e-05,
        "min_child_weight": 4,
        "gamma": 0.04538697972678443
      },
      "state": "COMPLETE",
      "datetime": "2025-07-15T18:39:29.287948",
      "duration": 5.243569
    },
    {
      "trial_number": 33,
      "value": -0.2625387330512,
      "params": {
        "n_estimators": 70,
        "max_depth": 5,
        "learning_rate": 0.06315317350429828,
        "subsample": 0.9892537953717406,
        "colsample_bytree": 0.9040183502571625,
        "colsample_bylevel": 0.725855358567619,
        "reg_alpha": 0.00017989904241296528,
        "reg_lambda": 0.00017671356357430444,
        "min_child_weight": 5,
        "gamma": 0.12112663283713893
      },
      "state": "COMPLETE",
      "datetime": "2025-07-15T18:39:34.531517",
      "duration": 7.386297
    },
    {
      "trial_number": 34,
      "value": -0.21920422269257683,
      "params": {
        "n_estimators": 80,
        "max_depth": 3,
        "learning_rate": 0.13176004239263508,
        "subsample": 0.8994931833079474,
        "colsample_bytree": 0.9394744395111284,
        "colsample_bylevel": 0.8327185127689962,
        "reg_alpha": 7.703681668328662e-06,
        "reg_lambda": 0.0004418252225653512,
        "min_child_weight": 3,
        "gamma": 0.0003902236790410613
      },
      "state": "COMPLETE",
      "datetime": "2025-07-15T18:39:41.917814",
      "duration": 5.300122
    },
    {
      "trial_number": 35,
      "value": -0.25580337991739904,
      "params": {
        "n_estimators": 90,
        "max_depth": 1,
        "learning_rate": 0.14176101548010883,
        "subsample": 0.9040639125082998,
        "colsample_bytree": 0.9413213474452984,
        "colsample_bylevel": 0.8800597473848983,
        "reg_alpha": 7.590847757738342e-07,
        "reg_lambda": 0.001121521262641804,
        "min_child_weight": 3,
        "gamma": 2.580998455206576e-05
      },
      "state": "COMPLETE",
      "datetime": "2025-07-15T18:39:47.217936",
      "duration": 2.924255
    },
    {
      "trial_number": 36,
      "value": -0.24694935452559932,
      "params": {
        "n_estimators": 80,
        "max_depth": 3,
        "learning_rate": 0.20584037287704154,
        "subsample": 0.8542552608742428,
        "colsample_bytree": 0.759061227565416,
        "colsample_bylevel": 0.8470822951862237,
        "reg_alpha": 2.1306556479812143e-06,
        "reg_lambda": 0.0007247665890223415,
        "min_child_weight": 6,
        "gamma": 0.00044533108282678984
      },
      "state": "COMPLETE",
      "datetime": "2025-07-15T18:39:50.143937",
      "duration": 3.47009
    },
    {
      "trial_number": 37,
      "value": -0.3590608187998682,
      "params": {
        "n_estimators": 90,
        "max_depth": 2,
        "learning_rate": 0.0809504285938108,
        "subsample": 0.9758465942947823,
        "colsample_bytree": 0.8352220822249408,
        "colsample_bylevel": 0.7740072974660847,
        "reg_alpha": 3.8664319208066e-06,
        "reg_lambda": 0.00027105738261955643,
        "min_child_weight": 8,
        "gamma": 5.510709142646044e-06
      },
      "state": "COMPLETE",
      "datetime": "2025-07-15T18:39:53.614027",
      "duration": 3.440667
    },
    {
      "trial_number": 38,
      "value": -0.24827668117125504,
      "params": {
        "n_estimators": 80,
        "max_depth": 5,
        "learning_rate": 0.20734442604427678,
        "subsample": 0.869405010963028,
        "colsample_bytree": 0.8665493162353088,
        "colsample_bylevel": 0.9413492447632084,
        "reg_alpha": 1.0191612039917012e-05,
        "reg_lambda": 5.291978755887492e-06,
        "min_child_weight": 2,
        "gamma": 1.4064775850317041e-06
      },
      "state": "COMPLETE",
      "datetime": "2025-07-15T18:39:57.054694",
      "duration": 8.037694
    },
    {
      "trial_number": 39,
      "value": -0.3068488279476439,
      "params": {
        "n_estimators": 70,
        "max_depth": 10,
        "learning_rate": 0.06698727834347737,
        "subsample": 0.9053927922772138,
        "colsample_bytree": 0.9804457564136125,
        "colsample_bylevel": 0.9026287879157242,
        "reg_alpha": 0.03477663177245468,
        "reg_lambda": 2.4983573379830545e-05,
        "min_child_weight": 1,
        "gamma": 0.00012460401564927398
      },
      "state": "COMPLETE",
      "datetime": "2025-07-15T18:40:05.092388",
      "duration": 16.483411
    },
    {
      "trial_number": 40,
      "value": -0.26759231098668523,
      "params": {
        "n_estimators": 100,
        "max_depth": 2,
        "learning_rate": 0.11536431873398115,
        "subsample": 0.7658658914913558,
        "colsample_bytree": 0.8159386831079148,
        "colsample_bylevel": 0.6614739393044721,
        "reg_alpha": 0.0008689597563530802,
        "reg_lambda": 0.00038811172166109683,
        "min_child_weight": 3,
        "gamma": 0.0024748997817516144
      },
      "state": "COMPLETE",
      "datetime": "2025-07-15T18:40:21.575799",
      "duration": 7.738449
    },
    {
      "trial_number": 41,
      "value": -0.2512936110704561,
      "params": {
        "n_estimators": 50,
        "max_depth": 3,
        "learning_rate": 0.100333280406611,
        "subsample": 0.9392590189796134,
        "colsample_bytree": 0.9794671456517653,
        "colsample_bylevel": 0.8316247653106725,
        "reg_alpha": 1.0691785385348487e-06,
        "reg_lambda": 9.284487600863275e-05,
        "min_child_weight": 4,
        "gamma": 0.007350863355602182
      },
      "state": "COMPLETE",
      "datetime": "2025-07-15T18:40:29.329955",
      "duration": 4.631136
    },
    {
      "trial_number": 42,
      "value": -0.23294900428951718,
      "params": {
        "n_estimators": 60,
        "max_depth": 4,
        "learning_rate": 0.17050382489947677,
        "subsample": 0.963013845956748,
        "colsample_bytree": 0.9181123217816847,
        "colsample_bylevel": 0.813335325459179,
        "reg_alpha": 2.563825717144402e-07,
        "reg_lambda": 1.3167121074672956e-06,
        "min_child_weight": 5,
        "gamma": 0.03847179811015827
      },
      "state": "COMPLETE",
      "datetime": "2025-07-15T18:40:33.961091",
      "duration": 3.806856
    },
    {
      "trial_number": 43,
      "value": -0.22902496667023042,
      "params": {
        "n_estimators": 60,
        "max_depth": 5,
        "learning_rate": 0.17637390412726425,
        "subsample": 0.965335009435623,
        "colsample_bytree": 0.9219880641263588,
        "colsample_bylevel": 0.9992062925899449,
        "reg_alpha": 0.0001157240342224732,
        "reg_lambda": 1.5362913093899263e-06,
        "min_child_weight": 6,
        "gamma": 0.03505839685096364
      },
      "state": "COMPLETE",
      "datetime": "2025-07-15T18:40:37.767947",
      "duration": 3.361112
    },
    {
      "trial_number": 44,
      "value": -0.33804909375778114,
      "params": {
        "n_estimators": 60,
        "max_depth": 3,
        "learning_rate": 0.1682500023358479,
        "subsample": 0.9755064847892981,
        "colsample_bytree": 0.8898574110904021,
        "colsample_bylevel": 0.9997214436362171,
        "reg_alpha": 1.8120536927195708e-07,
        "reg_lambda": 1.5899870190766953e-06,
        "min_child_weight": 8,
        "gamma": 0.022082409640775288
      },
      "state": "COMPLETE",
      "datetime": "2025-07-15T18:40:41.129059",
      "duration": 2.726655
    },
    {
      "trial_number": 45,
      "value": -0.25647261742368493,
      "params": {
        "n_estimators": 50,
        "max_depth": 4,
        "learning_rate": 0.14562438110981188,
        "subsample": 0.9590448978628148,
        "colsample_bytree": 0.9116947757569245,
        "colsample_bylevel": 0.9542046423037629,
        "reg_alpha": 6.31117168353922e-08,
        "reg_lambda": 1.869208890070483e-07,
        "min_child_weight": 6,
        "gamma": 0.23290101583907286
      },
      "state": "COMPLETE",
      "datetime": "2025-07-15T18:40:43.855714",
      "duration": 2.440384
    },
    {
      "trial_number": 46,
      "value": -0.28602595716867507,
      "params": {
        "n_estimators": 70,
        "max_depth": 6,
        "learning_rate": 0.2744567764767404,
        "subsample": 0.969678691392728,
        "colsample_bytree": 0.8579034133481014,
        "colsample_bylevel": 0.8736400537839205,
        "reg_alpha": 2.0948120534695782e-07,
        "reg_lambda": 5.66598406821201e-08,
        "min_child_weight": 7,
        "gamma": 0.0009892088243041686
      },
      "state": "COMPLETE",
      "datetime": "2025-07-15T18:40:46.296098",
      "duration": 2.968174
    },
    {
      "trial_number": 47,
      "value": -0.24235224434407793,
      "params": {
        "n_estimators": 60,
        "max_depth": 5,
        "learning_rate": 0.18683703254340217,
        "subsample": 0.8956417001694231,
        "colsample_bytree": 0.9289910992241647,
        "colsample_bylevel": 0.9786648560033296,
        "reg_alpha": 0.00011832203437016444,
        "reg_lambda": 6.139665047310307e-07,
        "min_child_weight": 5,
        "gamma": 0.03452220058871302
      },
      "state": "COMPLETE",
      "datetime": "2025-07-15T18:40:49.267389",
      "duration": 3.304987
    },
    {
      "trial_number": 48,
      "value": -0.29067098394988294,
      "params": {
        "n_estimators": 150,
        "max_depth": 4,
        "learning_rate": 0.23310000332161004,
        "subsample": 0.9979955437945186,
        "colsample_bytree": 0.9504089393361289,
        "colsample_bylevel": 0.9256323450999511,
        "reg_alpha": 4.4294151998474735e-06,
        "reg_lambda": 3.859638655418086e-06,
        "min_child_weight": 6,
        "gamma": 1.926918474582414e-05
      },
      "state": "COMPLETE",
      "datetime": "2025-07-15T18:40:52.573308",
      "duration": 5.121665
    },
    {
      "trial_number": 49,
      "value": -0.33247383802037633,
      "params": {
        "n_estimators": 50,
        "max_depth": 6,
        "learning_rate": 0.17617795726987517,
        "subsample": 0.8666452952082034,
        "colsample_bytree": 0.8854797956840499,
        "colsample_bylevel": 0.7412779310455935,
        "reg_alpha": 0.002065633944891947,
        "reg_lambda": 1.8965832886773938e-06,
        "min_child_weight": 8,
        "gamma": 1.4887329344366782
      },
      "state": "COMPLETE",
      "datetime": "2025-07-15T18:40:57.694973",
      "duration": 2.018171
    },
    {
      "trial_number": 50,
      "value": -0.36559787357878043,
      "params": {
        "n_estimators": 70,
        "max_depth": 7,
        "learning_rate": 0.12984029511557924,
        "subsample": 0.6055182468435556,
        "colsample_bytree": 0.6770601753139025,
        "colsample_bylevel": 0.7568040440707139,
        "reg_alpha": 7.468470759583387e-05,
        "reg_lambda": 6.19432078827966e-06,
        "min_child_weight": 7,
        "gamma": 0.00021554174308995705
      },
      "state": "COMPLETE",
      "datetime": "2025-07-15T18:40:59.713144",
      "duration": 2.641403
    },
    {
      "trial_number": 51,
      "value": -0.2350585380722677,
      "params": {
        "n_estimators": 80,
        "max_depth": 5,
        "learning_rate": 0.08308068697498994,
        "subsample": 0.9244234881522153,
        "colsample_bytree": 0.9461305354155614,
        "colsample_bylevel": 0.7896417693462385,
        "reg_alpha": 0.0003191329606835396,
        "reg_lambda": 9.807099431770637e-07,
        "min_child_weight": 3,
        "gamma": 0.08660147281369934
      },
      "state": "COMPLETE",
      "datetime": "2025-07-15T18:41:02.354547",
      "duration": 5.009772
    },
    {
      "trial_number": 52,
      "value": -0.23296615093882567,
      "params": {
        "n_estimators": 60,
        "max_depth": 5,
        "learning_rate": 0.15981705551700176,
        "subsample": 0.925530162008171,
        "colsample_bytree": 0.9388052273716223,
        "colsample_bylevel": 0.803545543922013,
        "reg_alpha": 0.00024055787990645046,
        "reg_lambda": 1.939347289013139e-08,
        "min_child_weight": 2,
        "gamma": 0.08135393019968787
      },
      "state": "COMPLETE",
      "datetime": "2025-07-15T18:41:07.364319",
      "duration": 3.273129
    },
    {
      "trial_number": 53,
      "value": -0.2514438362245609,
      "params": {
        "n_estimators": 60,
        "max_depth": 5,
        "learning_rate": 0.1592052751278647,
        "subsample": 0.9281078223117025,
        "colsample_bytree": 0.9137644585601805,
        "colsample_bylevel": 0.8042170117783743,
        "reg_alpha": 0.00028554011713530366,
        "reg_lambda": 1.5217452445919898e-08,
        "min_child_weight": 1,
        "gamma": 1.4188910966384022e-08
      },
      "state": "COMPLETE",
      "datetime": "2025-07-15T18:41:10.639532",
      "duration": 6.557069
    },
    {
      "trial_number": 54,
      "value": -0.23664227053114667,
      "params": {
        "n_estimators": 50,
        "max_depth": 4,
        "learning_rate": 0.24248411329377978,
        "subsample": 0.9599485691587564,
        "colsample_bytree": 0.9355215738745513,
        "colsample_bylevel": 0.8192285944429738,
        "reg_alpha": 1.015745662626666e-05,
        "reg_lambda": 2.2366875291154424e-08,
        "min_child_weight": 2,
        "gamma": 0.08242914560928387
      },
      "state": "COMPLETE",
      "datetime": "2025-07-15T18:41:17.196601",
      "duration": 2.439549
    },
    {
      "trial_number": 55,
      "value": -0.28663808592501383,
      "params": {
        "n_estimators": 120,
        "max_depth": 5,
        "learning_rate": 0.1140803860111231,
        "subsample": 0.9330925677258695,
        "colsample_bytree": 0.8961470620878575,
        "colsample_bylevel": 0.7941498011579144,
        "reg_alpha": 3.8529842947368655e-05,
        "reg_lambda": 3.730259916922599e-08,
        "min_child_weight": 1,
        "gamma": 0.30613167021587917
      },
      "state": "COMPLETE",
      "datetime": "2025-07-15T18:41:19.640823",
      "duration": 4.747323
    },
    {
      "trial_number": 56,
      "value": -0.31600053585444854,
      "params": {
        "n_estimators": 70,
        "max_depth": 6,
        "learning_rate": 0.08780717604821639,
        "subsample": 0.9828186929786317,
        "colsample_bytree": 0.9484600669037381,
        "colsample_bylevel": 0.8991201763749327,
        "reg_alpha": 1.5293803009834176e-06,
        "reg_lambda": 8.385581865515731e-07,
        "min_child_weight": 2,
        "gamma": 0.9194070059180924
      },
      "state": "COMPLETE",
      "datetime": "2025-07-15T18:41:24.400829",
      "duration": 3.030086
    },
    {
      "trial_number": 57,
      "value": -0.25208983590973066,
      "params": {
        "n_estimators": 90,
        "max_depth": 4,
        "learning_rate": 0.12844119244148505,
        "subsample": 0.9189028932197385,
        "colsample_bytree": 0.9258209597237831,
        "colsample_bylevel": 0.7262491761576275,
        "reg_alpha": 0.0001390641745952267,
        "reg_lambda": 1.800923149318377e-07,
        "min_child_weight": 6,
        "gamma": 0.004266609197856201
      },
      "state": "COMPLETE",
      "datetime": "2025-07-15T18:41:27.430915",
      "duration": 4.545461
    },
    {
      "trial_number": 58,
      "value": -0.18810234195384856,
      "params": {
        "n_estimators": 80,
        "max_depth": 5,
        "learning_rate": 0.1875479702640702,
        "subsample": 0.6778072213972235,
        "colsample_bytree": 0.7614564486507683,
        "colsample_bylevel": 0.8586526676505983,
        "reg_alpha": 0.0013452720225037348,
        "reg_lambda": 0.008222823092939814,
        "min_child_weight": 3,
        "gamma": 0.01554775288075049
      },
      "state": "COMPLETE",
      "datetime": "2025-07-15T18:41:31.976376",
      "duration": 4.817436
    },
    {
      "trial_number": 59,
      "value": -0.226863938608596,
      "params": {
        "n_estimators": 60,
        "max_depth": 3,
        "learning_rate": 0.19085327002338298,
        "subsample": 0.7160739174257894,
        "colsample_bytree": 0.7625819194787035,
        "colsample_bylevel": 0.8565998496137281,
        "reg_alpha": 4.0223856936983494e-07,
        "reg_lambda": 0.011708628092195741,
        "min_child_weight": 4,
        "gamma": 0.02305528269610672
      },
      "state": "COMPLETE",
      "datetime": "2025-07-15T18:41:36.793812",
      "duration": 3.280662
    },
    {
      "trial_number": 60,
      "value": -0.229964023953862,
      "params": {
        "n_estimators": 60,
        "max_depth": 3,
        "learning_rate": 0.27470182537257065,
        "subsample": 0.6980527471062143,
        "colsample_bytree": 0.761226403056074,
        "colsample_bylevel": 0.8532069139156564,
        "reg_alpha": 3.295997158615293e-07,
        "reg_lambda": 0.015545782272194709,
        "min_child_weight": 5,
        "gamma": 0.01755571732024965
      },
      "state": "COMPLETE",
      "datetime": "2025-07-15T18:41:40.076474",
      "duration": 2.943015
    },
    {
      "trial_number": 61,
      "value": -0.21760416196902382,
      "params": {
        "n_estimators": 60,
        "max_depth": 3,
        "learning_rate": 0.27810324692588256,
        "subsample": 0.70234097399312,
        "colsample_bytree": 0.7673570754283984,
        "colsample_bylevel": 0.8570104565231927,
        "reg_alpha": 1.7630783609804434e-07,
        "reg_lambda": 0.011791079945307353,
        "min_child_weight": 5,
        "gamma": 0.024303469871834054
      },
      "state": "COMPLETE",
      "datetime": "2025-07-15T18:41:43.019489",
      "duration": 2.964802
    },
    {
      "trial_number": 62,
      "value": -0.25694364002508696,
      "params": {
        "n_estimators": 60,
        "max_depth": 2,
        "learning_rate": 0.27708817920077533,
        "subsample": 0.6910443383852309,
        "colsample_bytree": 0.7486458367012663,
        "colsample_bylevel": 0.8540711715369932,
        "reg_alpha": 2.0542518142592652e-07,
        "reg_lambda": 0.010848963478376621,
        "min_child_weight": 5,
        "gamma": 0.02135900438321663
      },
      "state": "COMPLETE",
      "datetime": "2025-07-15T18:41:45.984291",
      "duration": 2.546301
    },
    {
      "trial_number": 63,
      "value": -0.21921296769184068,
      "params": {
        "n_estimators": 50,
        "max_depth": 3,
        "learning_rate": 0.22910783056787842,
        "subsample": 0.7000545127358,
        "colsample_bytree": 0.7634704622454075,
        "colsample_bylevel": 0.8863289975317097,
        "reg_alpha": 4.114105194120661e-08,
        "reg_lambda": 0.185605828606601,
        "min_child_weight": 4,
        "gamma": 0.0138224001669525
      },
      "state": "COMPLETE",
      "datetime": "2025-07-15T18:41:48.530592",
      "duration": 3.009021
    },
    {
      "trial_number": 64,
      "value": -0.22742196211944146,
      "params": {
        "n_estimators": 50,
        "max_depth": 3,
        "learning_rate": 0.2434333119619637,
        "subsample": 0.7027069283006302,
        "colsample_bytree": 0.7637627762519075,
        "colsample_bylevel": 0.8694237326556332,
        "reg_alpha": 2.7963664197027242e-08,
        "reg_lambda": 0.47263353565258115,
        "min_child_weight": 4,
        "gamma": 0.0034508629166811007
      },
      "state": "COMPLETE",
      "datetime": "2025-07-15T18:41:51.540591",
      "duration": 3.365279
    },
    {
      "trial_number": 65,
      "value": -0.31136936181350183,
      "params": {
        "n_estimators": 50,
        "max_depth": 3,
        "learning_rate": 0.22728667874433092,
        "subsample": 0.6631295522032385,
        "colsample_bytree": 0.7279856532329757,
        "colsample_bylevel": 0.8810370211738482,
        "reg_alpha": 5.1686711540444537e-08,
        "reg_lambda": 0.6239147461662824,
        "min_child_weight": 4,
        "gamma": 0.0033960070369736146
      },
      "state": "COMPLETE",
      "datetime": "2025-07-15T18:41:54.905870",
      "duration": 2.637992
    },
    {
      "trial_number": 66,
      "value": -0.22389380093177208,
      "params": {
        "n_estimators": 50,
        "max_depth": 3,
        "learning_rate": 0.20232067488693475,
        "subsample": 0.7177449984460452,
        "colsample_bytree": 0.7844994752176909,
        "colsample_bylevel": 0.9112409034549083,
        "reg_alpha": 1.2893270648593362e-08,
        "reg_lambda": 0.05413758012335365,
        "min_child_weight": 4,
        "gamma": 0.00035834493435034104
      },
      "state": "COMPLETE",
      "datetime": "2025-07-15T18:41:57.543862",
      "duration": 2.942757
    },
    {
      "trial_number": 67,
      "value": -0.26499299286351424,
      "params": {
        "n_estimators": 50,
        "max_depth": 1,
        "learning_rate": 0.19588319220731792,
        "subsample": 0.7244142096071122,
        "colsample_bytree": 0.7911215914793366,
        "colsample_bylevel": 0.8663940818454435,
        "reg_alpha": 1.2005923534747208e-08,
        "reg_lambda": 0.08747412059575269,
        "min_child_weight": 4,
        "gamma": 0.00135825452876381
      },
      "state": "COMPLETE",
      "datetime": "2025-07-15T18:42:00.486619",
      "duration": 1.629488
    },
    {
      "trial_number": 68,
      "value": -0.19064305961894903,
      "params": {
        "n_estimators": 50,
        "max_depth": 2,
        "learning_rate": 0.2521042110251615,
        "subsample": 0.7149843387740673,
        "colsample_bytree": 0.7737603147559702,
        "colsample_bylevel": 0.9109123458940785,
        "reg_alpha": 2.5275854320751006e-08,
        "reg_lambda": 0.28351974744451774,
        "min_child_weight": 4,
        "gamma": 0.0005993054656191172
      },
      "state": "COMPLETE",
      "datetime": "2025-07-15T18:42:02.116107",
      "duration": 2.506556
    },
    {
      "trial_number": 69,
      "value": -0.23198722224489962,
      "params": {
        "n_estimators": 50,
        "max_depth": 2,
        "learning_rate": 0.22104831290211627,
        "subsample": 0.6567559913828446,
        "colsample_bytree": 0.8026948912047102,
        "colsample_bylevel": 0.9075722728464548,
        "reg_alpha": 8.84285898030364e-08,
        "reg_lambda": 2.8103144409425327,
        "min_child_weight": 4,
        "gamma": 0.00046361515198670763
      },
      "state": "COMPLETE",
      "datetime": "2025-07-15T18:42:04.622663",
      "duration": 2.522531
    },
    {
      "trial_number": 70,
      "value": -0.2025855366230124,
      "params": {
        "n_estimators": 50,
        "max_depth": 2,
        "learning_rate": 0.25688458794094804,
        "subsample": 0.7256617991605524,
        "colsample_bytree": 0.7763774523215536,
        "colsample_bylevel": 0.8909278720934719,
        "reg_alpha": 2.3062548146478623e-08,
        "reg_lambda": 0.03948176780961855,
        "min_child_weight": 3,
        "gamma": 6.328003442967714e-05
      },
      "state": "COMPLETE",
      "datetime": "2025-07-15T18:42:07.155647",
      "duration": 2.52106
    },
    {
      "trial_number": 71,
      "value": -0.21569080843997882,
      "params": {
        "n_estimators": 50,
        "max_depth": 2,
        "learning_rate": 0.2968182554925003,
        "subsample": 0.7314555991865297,
        "colsample_bytree": 0.7771643804694093,
        "colsample_bylevel": 0.9222794556638542,
        "reg_alpha": 3.158613361056754e-08,
        "reg_lambda": 0.03722622975293897,
        "min_child_weight": 3,
        "gamma": 6.118605066852196e-05
      },
      "state": "COMPLETE",
      "datetime": "2025-07-15T18:42:09.676707",
      "duration": 2.721472
    },
    {
      "trial_number": 72,
      "value": -0.3447142324657251,
      "params": {
        "n_estimators": 50,
        "max_depth": 1,
        "learning_rate": 0.2997740508499158,
        "subsample": 0.740110955081516,
        "colsample_bytree": 0.738877138523012,
        "colsample_bylevel": 0.9197103039069996,
        "reg_alpha": 2.6091756443961815e-08,
        "reg_lambda": 0.2626799667253532,
        "min_child_weight": 3,
        "gamma": 7.534859794674387e-05
      },
      "state": "COMPLETE",
      "datetime": "2025-07-15T18:42:12.398179",
      "duration": 1.626626
    },
    {
      "trial_number": 73,
      "value": -0.23659509620009,
      "params": {
        "n_estimators": 50,
        "max_depth": 2,
        "learning_rate": 0.2574000788570102,
        "subsample": 0.6657304638799387,
        "colsample_bytree": 0.7809362916695145,
        "colsample_bylevel": 0.8905141336516438,
        "reg_alpha": 9.928858826882449e-08,
        "reg_lambda": 0.02768477266450998,
        "min_child_weight": 3,
        "gamma": 0.00020454321220681994
      },
      "state": "COMPLETE",
      "datetime": "2025-07-15T18:42:14.024805",
      "duration": 2.681296
    },
    {
      "trial_number": 74,
      "value": -0.3041143617615803,
      "params": {
        "n_estimators": 50,
        "max_depth": 2,
        "learning_rate": 0.2592261626690039,
        "subsample": 0.7580835291793022,
        "colsample_bytree": 0.7017726257792284,
        "colsample_bylevel": 0.9419039371626133,
        "reg_alpha": 1.889144917554022e-08,
        "reg_lambda": 0.09806109781606165,
        "min_child_weight": 3,
        "gamma": 2.166915924799677e-05
      },
      "state": "COMPLETE",
      "datetime": "2025-07-15T18:42:16.706101",
      "duration": 2.679143
    },
    {
      "trial_number": 75,
      "value": -0.22255009819460736,
      "params": {
        "n_estimators": 50,
        "max_depth": 2,
        "learning_rate": 0.22227824075047203,
        "subsample": 0.6774744038371867,
        "colsample_bytree": 0.7767650101372483,
        "colsample_bylevel": 0.884504025343681,
        "reg_alpha": 1.0847013742330442e-08,
        "reg_lambda": 0.005196895308435389,
        "min_child_weight": 3,
        "gamma": 9.392976881494104e-06
      },
      "state": "COMPLETE",
      "datetime": "2025-07-15T18:42:19.392164",
      "duration": 2.742076
    },
    {
      "trial_number": 76,
      "value": -0.23566392348342738,
      "params": {
        "n_estimators": 50,
        "max_depth": 2,
        "learning_rate": 0.21811420812230117,
        "subsample": 0.6448308874779705,
        "colsample_bytree": 0.8080699980906811,
        "colsample_bylevel": 0.9283495162119164,
        "reg_alpha": 3.561730794749817e-08,
        "reg_lambda": 0.005162744544841924,
        "min_child_weight": 3,
        "gamma": 4.65757620278806e-05
      },
      "state": "COMPLETE",
      "datetime": "2025-07-15T18:42:22.144287",
      "duration": 3.008179
    },
    {
      "trial_number": 77,
      "value": -0.24283496388369713,
      "params": {
        "n_estimators": 50,
        "max_depth": 1,
        "learning_rate": 0.29659791905466926,
        "subsample": 0.735630390470955,
        "colsample_bytree": 0.7724634377112117,
        "colsample_bylevel": 0.8879472917403534,
        "reg_alpha": 1.0196995599550906e-08,
        "reg_lambda": 1.8930093109323491,
        "min_child_weight": 3,
        "gamma": 1.8387440237587857e-06
      },
      "state": "COMPLETE",
      "datetime": "2025-07-15T18:42:25.155065",
      "duration": 1.894044
    },
    {
      "trial_number": 78,
      "value": -0.2178001049690393,
      "params": {
        "n_estimators": 110,
        "max_depth": 2,
        "learning_rate": 0.25623783297103014,
        "subsample": 0.6774107643907045,
        "colsample_bytree": 0.8248690395944435,
        "colsample_bylevel": 0.8297003995127767,
        "reg_alpha": 9.954929105195865e-08,
        "reg_lambda": 0.0021572350163077706,
        "min_child_weight": 3,
        "gamma": 1.1586405441518128e-05
      },
      "state": "COMPLETE",
      "datetime": "2025-07-15T18:42:27.051694",
      "duration": 6.686052
    },
    {
      "trial_number": 79,
      "value": -0.3111954494620624,
      "params": {
        "n_estimators": 110,
        "max_depth": 1,
        "learning_rate": 0.2564659251713121,
        "subsample": 0.7778393975974576,
        "colsample_bytree": 0.7147995043526248,
        "colsample_bylevel": 0.8335945223909312,
        "reg_alpha": 1.278326610432355e-07,
        "reg_lambda": 0.0020536929539657083,
        "min_child_weight": 4,
        "gamma": 1.0461767958144292e-05
      },
      "state": "COMPLETE",
      "datetime": "2025-07-15T18:42:33.737746",
      "duration": 7.108792
    },
    {
      "trial_number": 80,
      "value": -0.5570536454909134,
      "params": {
        "n_estimators": 120,
        "max_depth": 2,
        "learning_rate": 0.013207780077891619,
        "subsample": 0.6369404887295969,
        "colsample_bytree": 0.7423007963248729,
        "colsample_bylevel": 0.8421480437582005,
        "reg_alpha": 5.002097898302909e-08,
        "reg_lambda": 0.1933652191355695,
        "min_child_weight": 3,
        "gamma": 2.983978754380211e-07
      },
      "state": "COMPLETE",
      "datetime": "2025-07-15T18:42:40.846538",
      "duration": 8.544589
    },
    {
      "trial_number": 81,
      "value": -0.21734348329404446,
      "params": {
        "n_estimators": 110,
        "max_depth": 2,
        "learning_rate": 0.23249523738378652,
        "subsample": 0.678013088824741,
        "colsample_bytree": 0.8190647719806943,
        "colsample_bylevel": 0.880780010566824,
        "reg_alpha": 2.1007772184372813e-08,
        "reg_lambda": 0.006837911796326972,
        "min_child_weight": 3,
        "gamma": 2.0692022300209288e-06
      },
      "state": "COMPLETE",
      "datetime": "2025-07-15T18:42:49.391127",
      "duration": 5.638681
    },
    {
      "trial_number": 82,
      "value": -0.20838962128245883,
      "params": {
        "n_estimators": 110,
        "max_depth": 2,
        "learning_rate": 0.2706675213851865,
        "subsample": 0.7023692357662029,
        "colsample_bytree": 0.8195030121913254,
        "colsample_bylevel": 0.8257900744019097,
        "reg_alpha": 2.510173615758785e-08,
        "reg_lambda": 0.028424632195103754,
        "min_child_weight": 3,
        "gamma": 2.740846666025582e-06
      },
      "state": "COMPLETE",
      "datetime": "2025-07-15T18:42:55.029808",
      "duration": 5.64184
    },
    {
      "trial_number": 83,
      "value": -0.27586393811823323,
      "params": {
        "n_estimators": 110,
        "max_depth": 1,
        "learning_rate": 0.27444842912590794,
        "subsample": 0.6786983625595241,
        "colsample_bytree": 0.7958194789378243,
        "colsample_bylevel": 0.8237016060191368,
        "reg_alpha": 2.2538787580858947e-08,
        "reg_lambda": 0.026384016745765085,
        "min_child_weight": 2,
        "gamma": 2.8246903345212883e-06
      },
      "state": "COMPLETE",
      "datetime": "2025-07-15T18:43:00.671648",
      "duration": 3.517019
    },
    {
      "trial_number": 84,
      "value": -0.21257562308995254,
      "params": {
        "n_estimators": 120,
        "max_depth": 2,
        "learning_rate": 0.2526544956012282,
        "subsample": 0.7094579086955012,
        "colsample_bytree": 0.823140787709809,
        "colsample_bylevel": 0.8618417613695403,
        "reg_alpha": 5.607666655546606e-07,
        "reg_lambda": 0.001367741501776584,
        "min_child_weight": 3,
        "gamma": 5.374451777054203e-06
      },
      "state": "COMPLETE",
      "datetime": "2025-07-15T18:43:04.189667",
      "duration": 6.572733
    },
    {
      "trial_number": 85,
      "value": -0.2084532579904686,
      "params": {
        "n_estimators": 120,
        "max_depth": 2,
        "learning_rate": 0.2511758430823726,
        "subsample": 0.7116748427524536,
        "colsample_bytree": 0.8236076606412165,
        "colsample_bylevel": 0.8959376396488975,
        "reg_alpha": 5.350771678027091e-07,
        "reg_lambda": 0.0019948463821397445,
        "min_child_weight": 3,
        "gamma": 7.501155775573764e-07
      },
      "state": "COMPLETE",
      "datetime": "2025-07-15T18:43:10.770490",
      "duration": 6.169225
    },
    {
      "trial_number": 86,
      "value": -0.2021363522444199,
      "params": {
        "n_estimators": 130,
        "max_depth": 2,
        "learning_rate": 0.2983396343837003,
        "subsample": 0.7487545267207965,
        "colsample_bytree": 0.8469838122061002,
        "colsample_bylevel": 0.9365811251333135,
        "reg_alpha": 6.974280211626145e-07,
        "reg_lambda": 0.0011306956358993546,
        "min_child_weight": 2,
        "gamma": 3.273727912077937e-07
      },
      "state": "COMPLETE",
      "datetime": "2025-07-15T18:43:16.944964",
      "duration": 7.791814
    },
    {
      "trial_number": 87,
      "value": -0.25434179689460157,
      "params": {
        "n_estimators": 130,
        "max_depth": 1,
        "learning_rate": 0.24591181195346334,
        "subsample": 0.7296227012309549,
        "colsample_bytree": 0.8409030673639669,
        "colsample_bylevel": 0.9429414011264712,
        "reg_alpha": 6.29117843094908e-07,
        "reg_lambda": 0.001031497908725321,
        "min_child_weight": 2,
        "gamma": 3.8024157465839354e-07
      },
      "state": "COMPLETE",
      "datetime": "2025-07-15T18:43:24.738781",
      "duration": 7.160151
    },
    {
      "trial_number": 88,
      "value": -0.19804800936883138,
      "params": {
        "n_estimators": 130,
        "max_depth": 2,
        "learning_rate": 0.18435678430220231,
        "subsample": 0.7539467202692209,
        "colsample_bytree": 0.8500051227305311,
        "colsample_bylevel": 0.897953458142186,
        "reg_alpha": 2.2372030112477592e-06,
        "reg_lambda": 0.0032416595334187523,
        "min_child_weight": 2,
        "gamma": 7.128622136506826e-07
      },
      "state": "COMPLETE",
      "datetime": "2025-07-15T18:43:31.898932",
      "duration": 11.159839
    },
    {
      "trial_number": 89,
      "value": -0.19533882862336138,
      "params": {
        "n_estimators": 130,
        "max_depth": 2,
        "learning_rate": 0.1891455788103564,
        "subsample": 0.7509180194469407,
        "colsample_bytree": 0.8474316896459465,
        "colsample_bylevel": 0.8993033572712685,
        "reg_alpha": 2.4568283361075433e-06,
        "reg_lambda": 0.03225900263331799,
        "min_child_weight": 2,
        "gamma": 1.0268877891464338e-07
      },
      "state": "COMPLETE",
      "datetime": "2025-07-15T18:43:43.060685",
      "duration": 8.368237
    },
    {
      "trial_number": 90,
      "value": -0.23411935659760194,
      "params": {
        "n_estimators": 130,
        "max_depth": 9,
        "learning_rate": 0.18727953759022395,
        "subsample": 0.7120266005797014,
        "colsample_bytree": 0.8480763204313327,
        "colsample_bylevel": 0.8971190803690795,
        "reg_alpha": 2.1873192616020114e-06,
        "reg_lambda": 0.0015573093422991172,
        "min_child_weight": 2,
        "gamma": 6.208416563923373e-08
      },
      "state": "COMPLETE",
      "datetime": "2025-07-15T18:43:51.428922",
      "duration": 25.979132
    },
    {
      "trial_number": 91,
      "value": -0.20218984457298142,
      "params": {
        "n_estimators": 120,
        "max_depth": 2,
        "learning_rate": 0.2924624671091122,
        "subsample": 0.7517264714890294,
        "colsample_bytree": 0.8500210167983876,
        "colsample_bylevel": 0.9170750939776828,
        "reg_alpha": 4.2791166668777644e-07,
        "reg_lambda": 0.031469327864235536,
        "min_child_weight": 2,
        "gamma": 9.390863462087728e-07
      },
      "state": "COMPLETE",
      "datetime": "2025-07-15T18:44:17.408054",
      "duration": 9.396279
    },
    {
      "trial_number": 92,
      "value": -0.19395976925100106,
      "params": {
        "n_estimators": 130,
        "max_depth": 2,
        "learning_rate": 0.21537670106815793,
        "subsample": 0.7514292603476868,
        "colsample_bytree": 0.8509924620245556,
        "colsample_bylevel": 0.9690536969144035,
        "reg_alpha": 5.690164144898453e-07,
        "reg_lambda": 0.004029131094846909,
        "min_child_weight": 2,
        "gamma": 7.114312289315029e-07
      },
      "state": "COMPLETE",
      "datetime": "2025-07-15T18:44:26.804333",
      "duration": 10.104176
    },
    {
      "trial_number": 93,
      "value": -0.1976239428630588,
      "params": {
        "n_estimators": 130,
        "max_depth": 2,
        "learning_rate": 0.20932520927009085,
        "subsample": 0.7554853085822366,
        "colsample_bytree": 0.876295774668425,
        "colsample_bylevel": 0.9598946645278709,
        "reg_alpha": 1.1954235895357265e-06,
        "reg_lambda": 0.08760703441340006,
        "min_child_weight": 2,
        "gamma": 8.65019282365143e-07
      },
      "state": "COMPLETE",
      "datetime": "2025-07-15T18:44:36.908509",
      "duration": 11.181135
    },
    {
      "trial_number": 94,
      "value": -0.25460632944738854,
      "params": {
        "n_estimators": 140,
        "max_depth": 1,
        "learning_rate": 0.21205972048736416,
        "subsample": 0.7473859058992699,
        "colsample_bytree": 0.8529020092617272,
        "colsample_bylevel": 0.9331653927289766,
        "reg_alpha": 3.072160751546444e-06,
        "reg_lambda": 0.08604951356157352,
        "min_child_weight": 1,
        "gamma": 1.8250723108369887e-07
      },
      "state": "COMPLETE",
      "datetime": "2025-07-15T18:44:48.091349",
      "duration": 6.656793
    },
    {
      "trial_number": 95,
      "value": -0.19793201228024287,
      "params": {
        "n_estimators": 140,
        "max_depth": 2,
        "learning_rate": 0.18469095367353444,
        "subsample": 0.7815070495805476,
        "colsample_bytree": 0.8702849090061395,
        "colsample_bylevel": 0.9641193634910857,
        "reg_alpha": 1.0702993603291305e-06,
        "reg_lambda": 0.0040128574789208395,
        "min_child_weight": 2,
        "gamma": 9.006758499053344e-07
      },
      "state": "COMPLETE",
      "datetime": "2025-07-15T18:44:54.763916",
      "duration": 10.427296
    },
    {
      "trial_number": 96,
      "value": -0.19988097707698826,
      "params": {
        "n_estimators": 140,
        "max_depth": 2,
        "learning_rate": 0.1790542959669842,
        "subsample": 0.7782528947518851,
        "colsample_bytree": 0.8752604736627013,
        "colsample_bylevel": 0.965325735566265,
        "reg_alpha": 8.458432957343717e-07,
        "reg_lambda": 0.0033815216734476555,
        "min_child_weight": 2,
        "gamma": 8.186745542840125e-07
      },
      "state": "COMPLETE",
      "datetime": "2025-07-15T18:45:05.191212",
      "duration": 12.108041
    },
    {
      "trial_number": 97,
      "value": -0.25857219452367447,
      "params": {
        "n_estimators": 140,
        "max_depth": 1,
        "learning_rate": 0.17948555385788892,
        "subsample": 0.7832555677363996,
        "colsample_bytree": 0.8678554975419778,
        "colsample_bylevel": 0.9676132144952414,
        "reg_alpha": 1.5808901133501312e-06,
        "reg_lambda": 0.0036254899413704876,
        "min_child_weight": 1,
        "gamma": 7.518775693318166e-07
      },
      "state": "COMPLETE",
      "datetime": "2025-07-15T18:45:17.299253",
      "duration": 7.004588
    },
    {
      "trial_number": 98,
      "value": -0.1979904459915963,
      "params": {
        "n_estimators": 130,
        "max_depth": 2,
        "learning_rate": 0.14272836759121665,
        "subsample": 0.7498828745181898,
        "colsample_bytree": 0.87969922947936,
        "colsample_bylevel": 0.9610553689102653,
        "reg_alpha": 1.1647353325941753e-06,
        "reg_lambda": 0.006570614602303981,
        "min_child_weight": 2,
        "gamma": 5.8502286354259945e-08
      },
      "state": "COMPLETE",
      "datetime": "2025-07-15T18:45:24.303841",
      "duration": 10.175355
    },
    {
      "trial_number": 99,
      "value": -0.26956107286873066,
      "params": {
        "n_estimators": 130,
        "max_depth": 1,
        "learning_rate": 0.1435846690638242,
        "subsample": 0.8138683386769238,
        "colsample_bytree": 0.8780398795996016,
        "colsample_bylevel": 0.9849932617180676,
        "reg_alpha": 1.155657456464645e-06,
        "reg_lambda": 0.0006169775010094711,
        "min_child_weight": 1,
        "gamma": 5.630953408725491e-08
      },
      "state": "COMPLETE",
      "datetime": "2025-07-15T18:45:34.495794",
      "duration": 6.339082
    }
  ],
  "best_cv_scores": [
    -0.09858238117861048,
    -0.17892150527442305,
    -0.15570281333286123,
    -0.24586680020551577,
    -0.2614382097778322
  ],
  "best_cv_std": 0.05977076666866844,
  "trials_dataframe": "    number     value             datetime_start  ... user_attrs_cv_std                                  user_attrs_params     state\n0        0 -0.286968 2025-07-15 18:37:52.120093  ...          0.069044  {'n_estimators': 90, 'max_depth': 10, 'learnin...  COMPLETE\n1        1 -0.294638 2025-07-15 18:37:52.854077  ...          0.080943  {'n_estimators': 50, 'max_depth': 10, 'learnin...  COMPLETE\n2        2 -0.356453 2025-07-15 18:37:53.459936  ...          0.077141  {'n_estimators': 110, 'max_depth': 2, 'learnin...  COMPLETE\n3        3 -0.503731 2025-07-15 18:37:54.342178  ...          0.119735  {'n_estimators': 110, 'max_depth': 2, 'learnin...  COMPLETE\n4        4 -0.727113 2025-07-15 18:37:55.280268  ...          0.169129  {'n_estimators': 60, 'max_depth': 5, 'learning...  COMPLETE\n..     ...       ...                        ...  ...               ...                                                ...       ...\n95      95 -0.197932 2025-07-15 18:44:54.763916  ...          0.048093  {'n_estimators': 140, 'max_depth': 2, 'learnin...  COMPLETE\n96      96 -0.199881 2025-07-15 18:45:05.191212  ...          0.056859  {'n_estimators': 140, 'max_depth': 2, 'learnin...  COMPLETE\n97      97 -0.258572 2025-07-15 18:45:17.299253  ...          0.063917  {'n_estimators': 140, 'max_depth': 1, 'learnin...  COMPLETE\n98      98 -0.197990 2025-07-15 18:45:24.303841  ...          0.047685  {'n_estimators': 130, 'max_depth': 2, 'learnin...  COMPLETE\n99      99 -0.269561 2025-07-15 18:45:34.495794  ...          0.055681  {'n_estimators': 130, 'max_depth': 1, 'learnin...  COMPLETE\n\n[100 rows x 19 columns]",
  "parameter_ranges": {
    "n_estimators": {
      "range": [
        50,
        150
      ],
      "step": 10,
      "description": "Number of boosting rounds (trees) in the ensemble"
    },
    "max_depth": {
      "range": [
        1,
        10
      ],
      "step": 1,
      "description": "Maximum depth of each tree in the ensemble"
    },
    "learning_rate": {
      "range": [
        0.01,
        0.3
      ],
      "scale": "log",
      "description": "Step size shrinkage to prevent overfitting"
    },
    "subsample": {
      "range": [
        0.6,
        1.0
      ],
      "scale": "linear",
      "description": "Fraction of samples used for training each tree"
    },
    "colsample_bytree": {
      "range": [
        0.6,
        1.0
      ],
      "scale": "linear",
      "description": "Fraction of features used for training each tree"
    },
    "colsample_bylevel": {
      "range": [
        0.6,
        1.0
      ],
      "scale": "linear",
      "description": "Fraction of features used for each level in each tree"
    },
    "reg_alpha": {
      "range": [
        1e-08,
        10.0
      ],
      "scale": "log",
      "description": "L1 regularization term on weights (Lasso regularization)"
    },
    "reg_lambda": {
      "range": [
        1e-08,
        10.0
      ],
      "scale": "log",
      "description": "L2 regularization term on weights (Ridge regularization)"
    },
    "min_child_weight": {
      "range": [
        1,
        10
      ],
      "step": 1,
      "description": "Minimum sum of instance weight needed in a child node"
    },
    "gamma": {
      "range": [
        1e-08,
        10.0
      ],
      "scale": "log",
      "description": "Minimum loss reduction required to make a split"
    }
  }
}