{
  "is_fitted": true,
  "target_is_fitted": true,
  "config": {
    "numerical_features": [
      "Br",
      "Cl",
      "I",
      "Li",
      "O",
      "P",
      "S"
    ],
    "categorical_features": [],
    "scaling_method": "standard",
    "impute_missing": true,
    "use_one_hot": false,
    "target_task_type": "regression",
    "target_scaling_method": "standard",
    "target_names": [
      "target"
    ],
    "target_shape": [
      220
    ]
  },
  "feature_names_in": [
    "Br",
    "Cl",
    "I",
    "Li",
    "O",
    "P",
    "S"
  ],
  "feature_names_out": [
    "Br",
    "Cl",
    "I",
    "Li",
    "O",
    "P",
    "S"
  ],
  "target_names": [
    "target"
  ],
  "input_feature_count": 7,
  "output_feature_count": 7,
  "preprocessing_steps": [
    {
      "transformer_name": "numerical",
      "columns": [
        "Br",
        "Cl",
        "I",
        "Li",
        "O",
        "P",
        "S"
      ],
      "column_count": 7,
      "scaling_method": "standard"
    }
  ]
}