{
  "is_fitted": true,
  "target_is_fitted": true,
  "config": {
    "numerical_features": [
      "sepal_length",
      "sepal_width",
      "petal_length",
      "petal_width"
    ],
    "categorical_features": [],
    "scaling_method": "standard",
    "impute_missing": true,
    "use_one_hot": false,
    "target_task_type": "classification",
    "target_scaling_method": "standard",
    "target_names": [
      "target"
    ],
    "target_shape": [
      150
    ]
  },
  "feature_names_in": [
    "sepal_length",
    "sepal_width",
    "petal_length",
    "petal_width"
  ],
  "feature_names_out": [
    "sepal_length",
    "sepal_width",
    "petal_length",
    "petal_width"
  ],
  "target_names": [
    "target"
  ],
  "input_feature_count": 4,
  "output_feature_count": 4,
  "preprocessing_steps": [
    {
      "transformer_name": "numerical",
      "columns": [
        "sepal_length",
        "sepal_width",
        "petal_length",
        "petal_width"
      ],
      "column_count": 4,
      "scaling_method": "standard"
    }
  ]
}