{
  "best_params": {
    "n_estimators": 130,
    "max_depth": 3,
    "learning_rate": 0.15407956906042772,
    "subsample": 0.9415423068568312,
    "colsample_bytree": 0.9082210874013193,
    "colsample_bylevel": 0.999206292589945,
    "reg_alpha": 3.7285833370816033e-06,
    "reg_lambda": 0.0002546664939651222,
    "min_child_weight": 3,
    "gamma": 6.048610973504528e-07
  },
  "best_score": -0.22800859137597157,
  "best_trial_number": 43,
  "n_trials": 50,
  "n_completed_trials": 50,
  "task_type": "regression",
  "sampler_type": "TPE",
  "optimization_history": [
    {
      "trial_number": 0,
      "value": -0.3652991286448772,
      "params": {
        "n_estimators": 90,
        "max_depth": 10,
        "learning_rate": 0.1205712628744377,
        "subsample": 0.8394633936788146,
        "colsample_bytree": 0.6624074561769746,
        "colsample_bylevel": 0.662397808134481,
        "reg_alpha": 3.3323645788192616e-08,
        "reg_lambda": 0.6245760287469887,
        "min_child_weight": 7,
        "gamma": 0.02358594058414266
      },
      "state": "COMPLETE",
      "datetime": "2025-09-05T19:48:18.432010",
      "duration": 0.023652
    },
    {
      "trial_number": 1,
      "value": -0.37956154992520497,
      "params": {
        "n_estimators": 50,
        "max_depth": 10,
        "learning_rate": 0.1696753360719655,
        "subsample": 0.6849356442713105,
        "colsample_bytree": 0.6727299868828402,
        "colsample_bylevel": 0.6733618039413735,
        "reg_alpha": 5.472429642032189e-06,
        "reg_lambda": 0.00052821153945323,
        "min_child_weight": 5,
        "gamma": 4.17890272377219e-06
      },
      "state": "COMPLETE",
      "datetime": "2025-09-05T19:48:18.456065",
      "duration": 0.020143
    },
    {
      "trial_number": 2,
      "value": -0.3529311381755231,
      "params": {
        "n_estimators": 110,
        "max_depth": 2,
        "learning_rate": 0.027010527749605478,
        "subsample": 0.7465447373174766,
        "colsample_bytree": 0.7824279936868144,
        "colsample_bylevel": 0.9140703845572055,
        "reg_alpha": 6.267062696005991e-07,
        "reg_lambda": 0.00042472707398058225,
        "min_child_weight": 6,
        "gamma": 2.6185068507773707e-08
      },
      "state": "COMPLETE",
      "datetime": "2025-09-05T19:48:18.476572",
      "duration": 0.025775
    },
    {
      "trial_number": 3,
      "value": -0.5102376410854325,
      "params": {
        "n_estimators": 110,
        "max_depth": 2,
        "learning_rate": 0.012476394272569451,
        "subsample": 0.9795542149013333,
        "colsample_bytree": 0.9862528132298237,
        "colsample_bylevel": 0.9233589392465844,
        "reg_alpha": 5.514725787121931e-06,
        "reg_lambda": 7.569183361880229e-08,
        "min_child_weight": 7,
        "gamma": 9.148975058772307e-05
      },
      "state": "COMPLETE",
      "datetime": "2025-09-05T19:48:18.502743",
      "duration": 0.023986
    },
    {
      "trial_number": 4,
      "value": -0.647623225102173,
      "params": {
        "n_estimators": 60,
        "max_depth": 5,
        "learning_rate": 0.011240768803005551,
        "subsample": 0.9637281608315128,
        "colsample_bytree": 0.7035119926400067,
        "colsample_bylevel": 0.8650089137415928,
        "reg_alpha": 6.388511557344611e-06,
        "reg_lambda": 0.0004793052550782129,
        "min_child_weight": 6,
        "gamma": 4.609885087947832e-07
      },
      "state": "COMPLETE",
      "datetime": "2025-09-05T19:48:18.527141",
      "duration": 0.020025
    },
    {
      "trial_number": 5,
      "value": -0.3112974983530572,
      "params": {
        "n_estimators": 150,
        "max_depth": 8,
        "learning_rate": 0.2442046084491143,
        "subsample": 0.9579309401710595,
        "colsample_bytree": 0.8391599915244341,
        "colsample_bylevel": 0.9687496940092467,
        "reg_alpha": 6.257956190096665e-08,
        "reg_lambda": 5.805581976088804e-07,
        "min_child_weight": 1,
        "gamma": 8.471746987003668e-06
      },
      "state": "COMPLETE",
      "datetime": "2025-09-05T19:48:18.547584",
      "duration": 0.031669
    },
    {
      "trial_number": 6,
      "value": -0.5314529104945125,
      "params": {
        "n_estimators": 90,
        "max_depth": 3,
        "learning_rate": 0.16755052359850306,
        "subsample": 0.7427013306774357,
        "colsample_bytree": 0.7123738038749523,
        "colsample_bylevel": 0.8170784332632994,
        "reg_alpha": 1.8548894229694903e-07,
        "reg_lambda": 0.16587190283399628,
        "min_child_weight": 1,
        "gamma": 7.6204817861585425
      },
      "state": "COMPLETE",
      "datetime": "2025-09-05T19:48:18.579658",
      "duration": 0.01919
    },
    {
      "trial_number": 7,
      "value": -0.4716496953940922,
      "params": {
        "n_estimators": 130,
        "max_depth": 2,
        "learning_rate": 0.010189592979395137,
        "subsample": 0.9261845713819337,
        "colsample_bytree": 0.8827429375390469,
        "colsample_bylevel": 0.8916028672163949,
        "reg_alpha": 0.08738424135626989,
        "reg_lambda": 4.638759594322625e-08,
        "min_child_weight": 4,
        "gamma": 1.1036250149900698e-07
      },
      "state": "COMPLETE",
      "datetime": "2025-09-05T19:48:18.599254",
      "duration": 0.026171
    },
    {
      "trial_number": 8,
      "value": -0.43934011689260777,
      "params": {
        "n_estimators": 140,
        "max_depth": 7,
        "learning_rate": 0.030816017044468066,
        "subsample": 0.6254233401144095,
        "colsample_bytree": 0.7243929286862648,
        "colsample_bylevel": 0.7300733288106988,
        "reg_alpha": 0.03685153691188181,
        "reg_lambda": 0.005470376807480385,
        "min_child_weight": 9,
        "gamma": 0.0001778010520878397
      },
      "state": "COMPLETE",
      "datetime": "2025-09-05T19:48:18.625820",
      "duration": 0.026019
    },
    {
      "trial_number": 9,
      "value": -0.28170379344837426,
      "params": {
        "n_estimators": 60,
        "max_depth": 8,
        "learning_rate": 0.13297554090738672,
        "subsample": 0.8245108790277985,
        "colsample_bytree": 0.9083868719818244,
        "colsample_bylevel": 0.7975182385457563,
        "reg_alpha": 0.0005065186776865479,
        "reg_lambda": 7.04480806377519e-05,
        "min_child_weight": 1,
        "gamma": 9.354548757337708e-08
      },
      "state": "COMPLETE",
      "datetime": "2025-09-05T19:48:18.652244",
      "duration": 0.031989
    },
    {
      "trial_number": 10,
      "value": -0.26110179117907,
      "params": {
        "n_estimators": 70,
        "max_depth": 5,
        "learning_rate": 0.07955798569352589,
        "subsample": 0.855919277250694,
        "colsample_bytree": 0.9568478358759311,
        "colsample_bylevel": 0.7570274592606949,
        "reg_alpha": 0.0009327366933736893,
        "reg_lambda": 3.995152267446128e-06,
        "min_child_weight": 3,
        "gamma": 0.010367714070333529
      },
      "state": "COMPLETE",
      "datetime": "2025-09-05T19:48:18.684676",
      "duration": 0.026511
    },
    {
      "trial_number": 11,
      "value": -0.27039996924219684,
      "params": {
        "n_estimators": 70,
        "max_depth": 5,
        "learning_rate": 0.07578854864284995,
        "subsample": 0.8562950519589575,
        "colsample_bytree": 0.9586229109175456,
        "colsample_bylevel": 0.757298334171193,
        "reg_alpha": 0.0010132439259431904,
        "reg_lambda": 4.491067917060822e-06,
        "min_child_weight": 3,
        "gamma": 0.024195841926916137
      },
      "state": "COMPLETE",
      "datetime": "2025-09-05T19:48:18.711600",
      "duration": 0.025827
    },
    {
      "trial_number": 12,
      "value": -0.29013100854126117,
      "params": {
        "n_estimators": 80,
        "max_depth": 5,
        "learning_rate": 0.06117316277256463,
        "subsample": 0.8888336114830359,
        "colsample_bytree": 0.9952647403542068,
        "colsample_bylevel": 0.7392973228175623,
        "reg_alpha": 0.001678287739355917,
        "reg_lambda": 1.2167282577786425e-05,
        "min_child_weight": 3,
        "gamma": 0.05407297735148758
      },
      "state": "COMPLETE",
      "datetime": "2025-09-05T19:48:18.737812",
      "duration": 0.02714
    },
    {
      "trial_number": 13,
      "value": -0.4422933745933236,
      "params": {
        "n_estimators": 70,
        "max_depth": 4,
        "learning_rate": 0.07269377550630604,
        "subsample": 0.8825741602454161,
        "colsample_bytree": 0.9324452852429903,
        "colsample_bylevel": 0.74941857920517,
        "reg_alpha": 2.996709216305251,
        "reg_lambda": 2.301147924285307e-06,
        "min_child_weight": 4,
        "gamma": 0.01739851298397247
      },
      "state": "COMPLETE",
      "datetime": "2025-09-05T19:48:18.765351",
      "duration": 0.02356
    },
    {
      "trial_number": 14,
      "value": -0.4206111966617872,
      "params": {
        "n_estimators": 70,
        "max_depth": 6,
        "learning_rate": 0.034404307034006765,
        "subsample": 0.7691194367707848,
        "colsample_bytree": 0.826919416818838,
        "colsample_bylevel": 0.6274930137103218,
        "reg_alpha": 0.009035078527798964,
        "reg_lambda": 1.1278476859998465e-08,
        "min_child_weight": 3,
        "gamma": 0.5555382724773059
      },
      "state": "COMPLETE",
      "datetime": "2025-09-05T19:48:18.789362",
      "duration": 0.023727
    },
    {
      "trial_number": 15,
      "value": -0.3630119341090533,
      "params": {
        "n_estimators": 50,
        "max_depth": 4,
        "learning_rate": 0.07942383092448925,
        "subsample": 0.8569448224557982,
        "colsample_bytree": 0.6018960478612356,
        "colsample_bylevel": 0.8004176985798338,
        "reg_alpha": 6.457023965569263e-05,
        "reg_lambda": 4.857684585294974e-06,
        "min_child_weight": 3,
        "gamma": 0.00188923620049837
      },
      "state": "COMPLETE",
      "datetime": "2025-09-05T19:48:18.813474",
      "duration": 0.02332
    },
    {
      "trial_number": 16,
      "value": -0.30564066778373333,
      "params": {
        "n_estimators": 100,
        "max_depth": 6,
        "learning_rate": 0.04600488439220214,
        "subsample": 0.7948619995717208,
        "colsample_bytree": 0.948251200460776,
        "colsample_bylevel": 0.7017569807321887,
        "reg_alpha": 0.8942846877058512,
        "reg_lambda": 0.016109046194566698,
        "min_child_weight": 2,
        "gamma": 0.0014036167244369764
      },
      "state": "COMPLETE",
      "datetime": "2025-09-05T19:48:18.837211",
      "duration": 0.02972
    },
    {
      "trial_number": 17,
      "value": -0.39050146666084656,
      "params": {
        "n_estimators": 80,
        "max_depth": 4,
        "learning_rate": 0.09059259906917297,
        "subsample": 0.9183471047574292,
        "colsample_bytree": 0.8745421080360691,
        "colsample_bylevel": 0.6005228611371356,
        "reg_alpha": 0.0001121974965725437,
        "reg_lambda": 4.6730418541837974e-07,
        "min_child_weight": 10,
        "gamma": 0.42931421551150073
      },
      "state": "COMPLETE",
      "datetime": "2025-09-05T19:48:18.867301",
      "duration": 0.021896
    },
    {
      "trial_number": 18,
      "value": -0.5802526574240208,
      "params": {
        "n_estimators": 70,
        "max_depth": 1,
        "learning_rate": 0.020373262780707373,
        "subsample": 0.6805454483691531,
        "colsample_bytree": 0.9568370669211905,
        "colsample_bylevel": 0.8408140216821032,
        "reg_alpha": 0.0032602758837759994,
        "reg_lambda": 3.389850866535182e-05,
        "min_child_weight": 4,
        "gamma": 0.003630046893026063
      },
      "state": "COMPLETE",
      "datetime": "2025-09-05T19:48:18.889648",
      "duration": 0.020845
    },
    {
      "trial_number": 19,
      "value": -0.36475052828147947,
      "params": {
        "n_estimators": 110,
        "max_depth": 7,
        "learning_rate": 0.29617315369159314,
        "subsample": 0.7950630758407966,
        "colsample_bytree": 0.786830953186129,
        "colsample_bylevel": 0.7644220517350713,
        "reg_alpha": 0.1437180489125655,
        "reg_lambda": 6.789187154227723,
        "min_child_weight": 2,
        "gamma": 0.6624826635963764
      },
      "state": "COMPLETE",
      "datetime": "2025-09-05T19:48:18.910899",
      "duration": 0.02497
    },
    {
      "trial_number": 20,
      "value": -0.49136113382721086,
      "params": {
        "n_estimators": 90,
        "max_depth": 7,
        "learning_rate": 0.042696194629495206,
        "subsample": 0.8801151332999179,
        "colsample_bytree": 0.8957210381311651,
        "colsample_bylevel": 0.6985152654900059,
        "reg_alpha": 4.877220345703102e-05,
        "reg_lambda": 3.0986638665673485e-07,
        "min_child_weight": 5,
        "gamma": 5.3265226047685275
      },
      "state": "COMPLETE",
      "datetime": "2025-09-05T19:48:18.936348",
      "duration": 0.024889
    },
    {
      "trial_number": 21,
      "value": -0.272170550283049,
      "params": {
        "n_estimators": 60,
        "max_depth": 9,
        "learning_rate": 0.11288830570435672,
        "subsample": 0.8353330660676981,
        "colsample_bytree": 0.9253644243373199,
        "colsample_bylevel": 0.7813235963837506,
        "reg_alpha": 0.0005256658880335722,
        "reg_lambda": 7.533176890131557e-05,
        "min_child_weight": 2,
        "gamma": 1.4228029810539133e-05
      },
      "state": "COMPLETE",
      "datetime": "2025-09-05T19:48:18.961662",
      "duration": 0.030878
    },
    {
      "trial_number": 22,
      "value": -0.2640904054227781,
      "params": {
        "n_estimators": 60,
        "max_depth": 9,
        "learning_rate": 0.10352413618486979,
        "subsample": 0.830951405148777,
        "colsample_bytree": 0.9710366447973371,
        "colsample_bylevel": 0.777908524678226,
        "reg_alpha": 0.0005585912857434377,
        "reg_lambda": 5.729807324242208e-05,
        "min_child_weight": 2,
        "gamma": 2.2080617869335972e-05
      },
      "state": "COMPLETE",
      "datetime": "2025-09-05T19:48:18.992961",
      "duration": 0.030877
    },
    {
      "trial_number": 23,
      "value": -0.2986529866039057,
      "params": {
        "n_estimators": 50,
        "max_depth": 5,
        "learning_rate": 0.06295791863642539,
        "subsample": 0.9312617142803722,
        "colsample_bytree": 0.969330379324792,
        "colsample_bylevel": 0.8360394549449266,
        "reg_alpha": 0.009777634101719827,
        "reg_lambda": 2.6129629070284536e-06,
        "min_child_weight": 3,
        "gamma": 5.3354019520991585e-05
      },
      "state": "COMPLETE",
      "datetime": "2025-09-05T19:48:19.024255",
      "duration": 0.024987
    },
    {
      "trial_number": 24,
      "value": -0.23806338856417616,
      "params": {
        "n_estimators": 80,
        "max_depth": 6,
        "learning_rate": 0.09760792605355666,
        "subsample": 0.85465953074927,
        "colsample_bytree": 0.9931088674199064,
        "colsample_bylevel": 0.7198842771097738,
        "reg_alpha": 0.000840570824370544,
        "reg_lambda": 0.0033637543185450155,
        "min_child_weight": 2,
        "gamma": 0.0006893118999756002
      },
      "state": "COMPLETE",
      "datetime": "2025-09-05T19:48:19.049628",
      "duration": 0.030708
    },
    {
      "trial_number": 25,
      "value": -0.2455963215908934,
      "params": {
        "n_estimators": 80,
        "max_depth": 9,
        "learning_rate": 0.10114769745886984,
        "subsample": 0.8143082272647606,
        "colsample_bytree": 0.8557671187789542,
        "colsample_bylevel": 0.7074967610596865,
        "reg_alpha": 3.638414070853124e-05,
        "reg_lambda": 0.006674711524825026,
        "min_child_weight": 2,
        "gamma": 0.0005255850179325949
      },
      "state": "COMPLETE",
      "datetime": "2025-09-05T19:48:19.080777",
      "duration": 0.031597
    },
    {
      "trial_number": 26,
      "value": -0.27017162579965454,
      "params": {
        "n_estimators": 80,
        "max_depth": 6,
        "learning_rate": 0.15346460677014867,
        "subsample": 0.7665893766982192,
        "colsample_bytree": 0.8381091255741207,
        "colsample_bylevel": 0.7128897179429896,
        "reg_alpha": 3.258062463993082e-05,
        "reg_lambda": 0.011327121519915651,
        "min_child_weight": 1,
        "gamma": 0.0005571947873448197
      },
      "state": "COMPLETE",
      "datetime": "2025-09-05T19:48:19.112804",
      "duration": 0.029134
    },
    {
      "trial_number": 27,
      "value": -0.31394794406197224,
      "params": {
        "n_estimators": 100,
        "max_depth": 8,
        "learning_rate": 0.191292370356851,
        "subsample": 0.7069211003174112,
        "colsample_bytree": 0.8688911177952247,
        "colsample_bylevel": 0.6603493005408465,
        "reg_alpha": 1.428802122420785e-06,
        "reg_lambda": 0.002551230200708032,
        "min_child_weight": 2,
        "gamma": 0.005261877158523506
      },
      "state": "COMPLETE",
      "datetime": "2025-09-05T19:48:19.142316",
      "duration": 0.032736
    },
    {
      "trial_number": 28,
      "value": -0.3111218708646015,
      "params": {
        "n_estimators": 80,
        "max_depth": 9,
        "learning_rate": 0.05018392293007497,
        "subsample": 0.8108301071674664,
        "colsample_bytree": 0.9256662299472289,
        "colsample_bylevel": 0.635292470299845,
        "reg_alpha": 0.00014745847707400944,
        "reg_lambda": 0.05654840919617917,
        "min_child_weight": 4,
        "gamma": 0.0005494686572293298
      },
      "state": "COMPLETE",
      "datetime": "2025-09-05T19:48:19.175464",
      "duration": 0.031407
    },
    {
      "trial_number": 29,
      "value": -0.31704776031550386,
      "params": {
        "n_estimators": 90,
        "max_depth": 10,
        "learning_rate": 0.12769046928183517,
        "subsample": 0.901838328325966,
        "colsample_bytree": 0.7531185064552942,
        "colsample_bylevel": 0.6657680721058614,
        "reg_alpha": 1.4168258644393364e-08,
        "reg_lambda": 0.6379477840679644,
        "min_child_weight": 5,
        "gamma": 1.1517701404971423e-06
      },
      "state": "COMPLETE",
      "datetime": "2025-09-05T19:48:19.207264",
      "duration": 0.030096
    },
    {
      "trial_number": 30,
      "value": -0.3383178064089939,
      "params": {
        "n_estimators": 90,
        "max_depth": 3,
        "learning_rate": 0.09081773466319554,
        "subsample": 0.8585206183377575,
        "colsample_bytree": 0.9971720491566409,
        "colsample_bylevel": 0.717273888656067,
        "reg_alpha": 2.5035295434921766e-05,
        "reg_lambda": 0.0017115533727754646,
        "min_child_weight": 8,
        "gamma": 0.08046705533670424
      },
      "state": "COMPLETE",
      "datetime": "2025-09-05T19:48:19.237784",
      "duration": 0.026184
    },
    {
      "trial_number": 31,
      "value": -0.2794549348602236,
      "params": {
        "n_estimators": 60,
        "max_depth": 9,
        "learning_rate": 0.10214602670982141,
        "subsample": 0.8352628532077361,
        "colsample_bytree": 0.9730659611324034,
        "colsample_bylevel": 0.7761267716597658,
        "reg_alpha": 0.0030577810694779723,
        "reg_lambda": 0.00012715865129776785,
        "min_child_weight": 2,
        "gamma": 1.6853137730934296e-05
      },
      "state": "COMPLETE",
      "datetime": "2025-09-05T19:48:19.264364",
      "duration": 0.031405
    },
    {
      "trial_number": 32,
      "value": -0.267400105248916,
      "params": {
        "n_estimators": 70,
        "max_depth": 10,
        "learning_rate": 0.1104234990642769,
        "subsample": 0.8060482623512408,
        "colsample_bytree": 0.9418673690382791,
        "colsample_bylevel": 0.6881671933180047,
        "reg_alpha": 0.0004149006192944192,
        "reg_lambda": 0.0011548647446501235,
        "min_child_weight": 2,
        "gamma": 4.134195202659748e-05
      },
      "state": "COMPLETE",
      "datetime": "2025-09-05T19:48:19.296210",
      "duration": 0.033026
    },
    {
      "trial_number": 33,
      "value": -0.3268254660764024,
      "params": {
        "n_estimators": 50,
        "max_depth": 9,
        "learning_rate": 0.13852155398097282,
        "subsample": 0.7770062988994653,
        "colsample_bytree": 0.9115703131264947,
        "colsample_bylevel": 0.7335017146664738,
        "reg_alpha": 0.016139832442716346,
        "reg_lambda": 0.03774851776548869,
        "min_child_weight": 1,
        "gamma": 0.000281929490633959
      },
      "state": "COMPLETE",
      "datetime": "2025-09-05T19:48:19.329664",
      "duration": 0.027605
    },
    {
      "trial_number": 34,
      "value": -0.2654555254294363,
      "params": {
        "n_estimators": 80,
        "max_depth": 8,
        "learning_rate": 0.20166478423273865,
        "subsample": 0.8636167608866144,
        "colsample_bytree": 0.8101219779086367,
        "colsample_bylevel": 0.7914175275166905,
        "reg_alpha": 7.703681668328635e-06,
        "reg_lambda": 2.1748575731976812e-05,
        "min_child_weight": 3,
        "gamma": 3.104211812237249e-06
      },
      "state": "COMPLETE",
      "datetime": "2025-09-05T19:48:19.357713",
      "duration": 0.032296
    },
    {
      "trial_number": 35,
      "value": -0.28739471164778835,
      "params": {
        "n_estimators": 60,
        "max_depth": 10,
        "learning_rate": 0.058939733197021615,
        "subsample": 0.7338000433748418,
        "colsample_bytree": 0.9750905838489347,
        "colsample_bylevel": 0.6811038814793587,
        "reg_alpha": 0.00017337326958711765,
        "reg_lambda": 0.0004128585597694363,
        "min_child_weight": 2,
        "gamma": 0.011605047287210618
      },
      "state": "COMPLETE",
      "datetime": "2025-09-05T19:48:19.390405",
      "duration": 0.032442
    },
    {
      "trial_number": 36,
      "value": -0.27126982156253865,
      "params": {
        "n_estimators": 70,
        "max_depth": 7,
        "learning_rate": 0.09281044812470207,
        "subsample": 0.8206830823522367,
        "colsample_bytree": 0.9923149560630609,
        "colsample_bylevel": 0.757725533386692,
        "reg_alpha": 1.7916547708120664e-05,
        "reg_lambda": 0.32098144380295845,
        "min_child_weight": 1,
        "gamma": 0.0010039793112901877
      },
      "state": "COMPLETE",
      "datetime": "2025-09-05T19:48:19.423279",
      "duration": 0.036729
    },
    {
      "trial_number": 37,
      "value": -0.25893467313561414,
      "params": {
        "n_estimators": 120,
        "max_depth": 3,
        "learning_rate": 0.07247548923998282,
        "subsample": 0.9922729340742523,
        "colsample_bytree": 0.8627628286038326,
        "colsample_bylevel": 0.8203574796049032,
        "reg_alpha": 1.5142223792870843e-06,
        "reg_lambda": 0.00017286480492795318,
        "min_child_weight": 4,
        "gamma": 4.788296275331724e-05
      },
      "state": "COMPLETE",
      "datetime": "2025-09-05T19:48:19.460431",
      "duration": 0.037931
    },
    {
      "trial_number": 38,
      "value": -0.3070604140382376,
      "params": {
        "n_estimators": 120,
        "max_depth": 3,
        "learning_rate": 0.03854036352354321,
        "subsample": 0.9991670987177939,
        "colsample_bytree": 0.8497568745115489,
        "colsample_bylevel": 0.8229880486655918,
        "reg_alpha": 1.373519584814789e-07,
        "reg_lambda": 0.00015715614510685195,
        "min_child_weight": 6,
        "gamma": 0.00013900530858851424
      },
      "state": "COMPLETE",
      "datetime": "2025-09-05T19:48:19.498806",
      "duration": 0.031815
    },
    {
      "trial_number": 39,
      "value": -0.372048342231099,
      "params": {
        "n_estimators": 120,
        "max_depth": 2,
        "learning_rate": 0.019583596078006044,
        "subsample": 0.9674992854640643,
        "colsample_bytree": 0.7642387887935312,
        "colsample_bylevel": 0.8821440200710331,
        "reg_alpha": 8.237533047017174e-07,
        "reg_lambda": 0.004819011776450644,
        "min_child_weight": 4,
        "gamma": 0.0057200229428099585
      },
      "state": "COMPLETE",
      "datetime": "2025-09-05T19:48:19.531033",
      "duration": 0.029003
    },
    {
      "trial_number": 40,
      "value": -0.33348359913648906,
      "params": {
        "n_estimators": 110,
        "max_depth": 1,
        "learning_rate": 0.07095681928707877,
        "subsample": 0.9511334295642512,
        "colsample_bytree": 0.8534198610278271,
        "colsample_bylevel": 0.9462176796688317,
        "reg_alpha": 2.6216426489501426e-07,
        "reg_lambda": 0.0007284458634307514,
        "min_child_weight": 6,
        "gamma": 9.478831025114776e-05
      },
      "state": "COMPLETE",
      "datetime": "2025-09-05T19:48:19.560429",
      "duration": 0.02906
    },
    {
      "trial_number": 41,
      "value": -0.2283327963721553,
      "params": {
        "n_estimators": 130,
        "max_depth": 4,
        "learning_rate": 0.10405763834761411,
        "subsample": 0.9054389630018064,
        "colsample_bytree": 0.891942215319133,
        "colsample_bylevel": 0.8659810295571939,
        "reg_alpha": 2.6331193393262477e-06,
        "reg_lambda": 0.00022423540920474624,
        "min_child_weight": 3,
        "gamma": 2.508760986094269e-06
      },
      "state": "COMPLETE",
      "datetime": "2025-09-05T19:48:19.589904",
      "duration": 0.038863
    },
    {
      "trial_number": 42,
      "value": -0.27851223771361516,
      "params": {
        "n_estimators": 140,
        "max_depth": 4,
        "learning_rate": 0.08496108734020792,
        "subsample": 0.904831224682472,
        "colsample_bytree": 0.8146465288081278,
        "colsample_bylevel": 0.8602859536192016,
        "reg_alpha": 2.2227121913432078e-06,
        "reg_lambda": 0.005588835216345214,
        "min_child_weight": 5,
        "gamma": 2.724463528202244e-06
      },
      "state": "COMPLETE",
      "datetime": "2025-09-05T19:48:19.629247",
      "duration": 0.03933
    },
    {
      "trial_number": 43,
      "value": -0.22800859137597157,
      "params": {
        "n_estimators": 130,
        "max_depth": 3,
        "learning_rate": 0.15407956906042772,
        "subsample": 0.9415423068568312,
        "colsample_bytree": 0.9082210874013193,
        "colsample_bylevel": 0.999206292589945,
        "reg_alpha": 3.7285833370816033e-06,
        "reg_lambda": 0.0002546664939651222,
        "min_child_weight": 3,
        "gamma": 6.048610973504528e-07
      },
      "state": "COMPLETE",
      "datetime": "2025-09-05T19:48:19.669221",
      "duration": 0.042606
    },
    {
      "trial_number": 44,
      "value": -0.241753046095684,
      "params": {
        "n_estimators": 130,
        "max_depth": 3,
        "learning_rate": 0.15671751007164775,
        "subsample": 0.942994443153266,
        "colsample_bytree": 0.8963752175197384,
        "colsample_bylevel": 0.9997737736057614,
        "reg_alpha": 3.2726496952505902e-06,
        "reg_lambda": 0.0002221965917888634,
        "min_child_weight": 4,
        "gamma": 2.4614199308618617e-07
      },
      "state": "COMPLETE",
      "datetime": "2025-09-05T19:48:19.712301",
      "duration": 0.035092
    },
    {
      "trial_number": 45,
      "value": -0.24158622657615828,
      "params": {
        "n_estimators": 140,
        "max_depth": 3,
        "learning_rate": 0.2051838311843214,
        "subsample": 0.9373092699049059,
        "colsample_bytree": 0.8921116159602184,
        "colsample_bylevel": 0.9969679952542134,
        "reg_alpha": 8.462639570668518e-06,
        "reg_lambda": 0.00036580328637270983,
        "min_child_weight": 3,
        "gamma": 1.2873703446966471e-08
      },
      "state": "COMPLETE",
      "datetime": "2025-09-05T19:48:19.747791",
      "duration": 0.037508
    },
    {
      "trial_number": 46,
      "value": -0.23739329637093426,
      "params": {
        "n_estimators": 150,
        "max_depth": 3,
        "learning_rate": 0.2339664102063639,
        "subsample": 0.9410921772490688,
        "colsample_bytree": 0.8927143072560112,
        "colsample_bylevel": 0.9943366936742017,
        "reg_alpha": 7.838578120586385e-06,
        "reg_lambda": 0.00036884063354900894,
        "min_child_weight": 3,
        "gamma": 1.5611179852770286e-08
      },
      "state": "COMPLETE",
      "datetime": "2025-09-05T19:48:19.785726",
      "duration": 0.037997
    },
    {
      "trial_number": 47,
      "value": -0.30804571866098396,
      "params": {
        "n_estimators": 150,
        "max_depth": 2,
        "learning_rate": 0.2432408539839733,
        "subsample": 0.915527519088905,
        "colsample_bytree": 0.884594787754123,
        "colsample_bylevel": 0.991791924146619,
        "reg_alpha": 1.0211830081781715e-05,
        "reg_lambda": 0.0012029562397127549,
        "min_child_weight": 5,
        "gamma": 1.482646212163644e-08
      },
      "state": "COMPLETE",
      "datetime": "2025-09-05T19:48:19.824119",
      "duration": 0.03255
    },
    {
      "trial_number": 48,
      "value": -0.31023262604749646,
      "params": {
        "n_estimators": 140,
        "max_depth": 4,
        "learning_rate": 0.20717457551486643,
        "subsample": 0.9746109233213803,
        "colsample_bytree": 0.9134056379641927,
        "colsample_bylevel": 0.930172588902812,
        "reg_alpha": 3.614364592334824e-07,
        "reg_lambda": 0.0004969439687172509,
        "min_child_weight": 7,
        "gamma": 5.3241344803565933e-08
      },
      "state": "COMPLETE",
      "datetime": "2025-09-05T19:48:19.857074",
      "duration": 0.042956
    },
    {
      "trial_number": 49,
      "value": -0.25533048290520705,
      "params": {
        "n_estimators": 130,
        "max_depth": 2,
        "learning_rate": 0.2949486425911395,
        "subsample": 0.9379990356776516,
        "colsample_bytree": 0.8933853002253879,
        "colsample_bylevel": 0.9741238858798414,
        "reg_alpha": 3.9348786059819285e-06,
        "reg_lambda": 1.3447498276455695e-05,
        "min_child_weight": 3,
        "gamma": 3.9565972715776645e-08
      },
      "state": "COMPLETE",
      "datetime": "2025-09-05T19:48:19.900444",
      "duration": 0.036212
    }
  ],
  "best_cv_scores": [
    -0.2009758230118016,
    -0.2548546629161858,
    -0.2406079793085486,
    -0.23511204044383477,
    -0.2084924511994871
  ],
  "best_cv_std": 0.020206758349110107,
  "trials_dataframe": "    number     value  ...                                  user_attrs_params     state\n0        0 -0.365299  ...  {'n_estimators': 90, 'max_depth': 10, 'learnin...  COMPLETE\n1        1 -0.379562  ...  {'n_estimators': 50, 'max_depth': 10, 'learnin...  COMPLETE\n2        2 -0.352931  ...  {'n_estimators': 110, 'max_depth': 2, 'learnin...  COMPLETE\n3        3 -0.510238  ...  {'n_estimators': 110, 'max_depth': 2, 'learnin...  COMPLETE\n4        4 -0.647623  ...  {'n_estimators': 60, 'max_depth': 5, 'learning...  COMPLETE\n5        5 -0.311297  ...  {'n_estimators': 150, 'max_depth': 8, 'learnin...  COMPLETE\n6        6 -0.531453  ...  {'n_estimators': 90, 'max_depth': 3, 'learning...  COMPLETE\n7        7 -0.471650  ...  {'n_estimators': 130, 'max_depth': 2, 'learnin...  COMPLETE\n8        8 -0.439340  ...  {'n_estimators': 140, 'max_depth': 7, 'learnin...  COMPLETE\n9        9 -0.281704  ...  {'n_estimators': 60, 'max_depth': 8, 'learning...  COMPLETE\n10      10 -0.261102  ...  {'n_estimators': 70, 'max_depth': 5, 'learning...  COMPLETE\n11      11 -0.270400  ...  {'n_estimators': 70, 'max_depth': 5, 'learning...  COMPLETE\n12      12 -0.290131  ...  {'n_estimators': 80, 'max_depth': 5, 'learning...  COMPLETE\n13      13 -0.442293  ...  {'n_estimators': 70, 'max_depth': 4, 'learning...  COMPLETE\n14      14 -0.420611  ...  {'n_estimators': 70, 'max_depth': 6, 'learning...  COMPLETE\n15      15 -0.363012  ...  {'n_estimators': 50, 'max_depth': 4, 'learning...  COMPLETE\n16      16 -0.305641  ...  {'n_estimators': 100, 'max_depth': 6, 'learnin...  COMPLETE\n17      17 -0.390501  ...  {'n_estimators': 80, 'max_depth': 4, 'learning...  COMPLETE\n18      18 -0.580253  ...  {'n_estimators': 70, 'max_depth': 1, 'learning...  COMPLETE\n19      19 -0.364751  ...  {'n_estimators': 110, 'max_depth': 7, 'learnin...  COMPLETE\n20      20 -0.491361  ...  {'n_estimators': 90, 'max_depth': 7, 'learning...  COMPLETE\n21      21 -0.272171  ...  {'n_estimators': 60, 'max_depth': 9, 'learning...  COMPLETE\n22      22 -0.264090  ...  {'n_estimators': 60, 'max_depth': 9, 'learning...  COMPLETE\n23      23 -0.298653  ...  {'n_estimators': 50, 'max_depth': 5, 'learning...  COMPLETE\n24      24 -0.238063  ...  {'n_estimators': 80, 'max_depth': 6, 'learning...  COMPLETE\n25      25 -0.245596  ...  {'n_estimators': 80, 'max_depth': 9, 'learning...  COMPLETE\n26      26 -0.270172  ...  {'n_estimators': 80, 'max_depth': 6, 'learning...  COMPLETE\n27      27 -0.313948  ...  {'n_estimators': 100, 'max_depth': 8, 'learnin...  COMPLETE\n28      28 -0.311122  ...  {'n_estimators': 80, 'max_depth': 9, 'learning...  COMPLETE\n29      29 -0.317048  ...  {'n_estimators': 90, 'max_depth': 10, 'learnin...  COMPLETE\n30      30 -0.338318  ...  {'n_estimators': 90, 'max_depth': 3, 'learning...  COMPLETE\n31      31 -0.279455  ...  {'n_estimators': 60, 'max_depth': 9, 'learning...  COMPLETE\n32      32 -0.267400  ...  {'n_estimators': 70, 'max_depth': 10, 'learnin...  COMPLETE\n33      33 -0.326825  ...  {'n_estimators': 50, 'max_depth': 9, 'learning...  COMPLETE\n34      34 -0.265456  ...  {'n_estimators': 80, 'max_depth': 8, 'learning...  COMPLETE\n35      35 -0.287395  ...  {'n_estimators': 60, 'max_depth': 10, 'learnin...  COMPLETE\n36      36 -0.271270  ...  {'n_estimators': 70, 'max_depth': 7, 'learning...  COMPLETE\n37      37 -0.258935  ...  {'n_estimators': 120, 'max_depth': 3, 'learnin...  COMPLETE\n38      38 -0.307060  ...  {'n_estimators': 120, 'max_depth': 3, 'learnin...  COMPLETE\n39      39 -0.372048  ...  {'n_estimators': 120, 'max_depth': 2, 'learnin...  COMPLETE\n40      40 -0.333484  ...  {'n_estimators': 110, 'max_depth': 1, 'learnin...  COMPLETE\n41      41 -0.228333  ...  {'n_estimators': 130, 'max_depth': 4, 'learnin...  COMPLETE\n42      42 -0.278512  ...  {'n_estimators': 140, 'max_depth': 4, 'learnin...  COMPLETE\n43      43 -0.228009  ...  {'n_estimators': 130, 'max_depth': 3, 'learnin...  COMPLETE\n44      44 -0.241753  ...  {'n_estimators': 130, 'max_depth': 3, 'learnin...  COMPLETE\n45      45 -0.241586  ...  {'n_estimators': 140, 'max_depth': 3, 'learnin...  COMPLETE\n46      46 -0.237393  ...  {'n_estimators': 150, 'max_depth': 3, 'learnin...  COMPLETE\n47      47 -0.308046  ...  {'n_estimators': 150, 'max_depth': 2, 'learnin...  COMPLETE\n48      48 -0.310233  ...  {'n_estimators': 140, 'max_depth': 4, 'learnin...  COMPLETE\n49      49 -0.255330  ...  {'n_estimators': 130, 'max_depth': 2, 'learnin...  COMPLETE\n\n[50 rows x 19 columns]",
  "parameter_ranges": {
    "n_estimators": {
      "range": [
        50,
        150
      ],
      "step": 10,
      "description": "Number of boosting rounds (trees) in the ensemble"
    },
    "max_depth": {
      "range": [
        1,
        10
      ],
      "step": 1,
      "description": "Maximum depth of each tree in the ensemble"
    },
    "learning_rate": {
      "range": [
        0.01,
        0.3
      ],
      "scale": "log",
      "description": "Step size shrinkage to prevent overfitting"
    },
    "subsample": {
      "range": [
        0.6,
        1.0
      ],
      "scale": "linear",
      "description": "Fraction of samples used for training each tree"
    },
    "colsample_bytree": {
      "range": [
        0.6,
        1.0
      ],
      "scale": "linear",
      "description": "Fraction of features used for training each tree"
    },
    "colsample_bylevel": {
      "range": [
        0.6,
        1.0
      ],
      "scale": "linear",
      "description": "Fraction of features used for each level in each tree"
    },
    "reg_alpha": {
      "range": [
        1e-08,
        10.0
      ],
      "scale": "log",
      "description": "L1 regularization term on weights (Lasso regularization)"
    },
    "reg_lambda": {
      "range": [
        1e-08,
        10.0
      ],
      "scale": "log",
      "description": "L2 regularization term on weights (Ridge regularization)"
    },
    "min_child_weight": {
      "range": [
        1,
        10
      ],
      "step": 1,
      "description": "Minimum sum of instance weight needed in a child node"
    },
    "gamma": {
      "range": [
        1e-08,
        10.0
      ],
      "scale": "log",
      "description": "Minimum loss reduction required to make a split"
    }
  }
}