{
  "model_id": "9063132f-77f6-4bff-92d1-075c8280fd57",
  "task_type": "regression",
  "is_batch": false,
  "predictions": 0.7123976945877075,
  "raw_predictions": 5.24963903427124,
  "confidence_scores": [
    0.9987046718597412
  ],
  "label_mapping": null,
  "error_occurred": false,
  "error_message": null,
  "prediction_id": "4b8bb181-0d3f-4ac6-a335-1693db7e7aa1",
  "prediction_metadata": {
    "prediction_timestamp": "2025-07-09T02:00:37.862952",
    "feature_names": [
      "SiO2",
      "CeO2",
      "lignin",
      "vinyl"
    ],
    "feature_values": [
      [
        1.0432746575987168,
        -1.2002591147802568,
        -0.7793538534989913,
        -0.10848066179126993
      ]
    ],
    "num_samples": 1,
    "prediction_time_seconds": 0.764531,
    "tool_input_details": {
      "model_id": "9063132f-77f6-4bff-92d1-075c8280fd57",
      "feature_values": [
        36,
        0.6,
        1.9,
        4.3
      ],
      "feature_names": null,
      "include_confidence": true,
      "save_intermediate_files": true,
      "generate_report": true,
      "output_path": null
    }
  },
  "saved_files": {
    "original_data": "trained_models\\9063132f-77f6-4bff-92d1-075c8280fd57\\predictions\\4b8bb181-0d3f-4ac6-a335-1693db7e7aa1\\01_original_data.csv",
    "processed_features": "trained_models\\9063132f-77f6-4bff-92d1-075c8280fd57\\predictions\\4b8bb181-0d3f-4ac6-a335-1693db7e7aa1\\02_processed_features.csv",
    "predictions_processed": "trained_models\\9063132f-77f6-4bff-92d1-075c8280fd57\\predictions\\4b8bb181-0d3f-4ac6-a335-1693db7e7aa1\\03_predictions_processed_scale.csv",
    "predictions_original": "trained_models\\9063132f-77f6-4bff-92d1-075c8280fd57\\predictions\\4b8bb181-0d3f-4ac6-a335-1693db7e7aa1\\04_predictions_original_scale.csv",
    "confidence_scores": "trained_models\\9063132f-77f6-4bff-92d1-075c8280fd57\\predictions\\4b8bb181-0d3f-4ac6-a335-1693db7e7aa1\\05_confidence_scores.csv",
    "combined_results": "trained_models\\9063132f-77f6-4bff-92d1-075c8280fd57\\predictions\\4b8bb181-0d3f-4ac6-a335-1693db7e7aa1\\06_combined_results.csv"
  },
  "folder_structure": {
    "01_original_data.csv": "Original input data as provided",
    "02_processed_features.csv": "Features after preprocessing/normalization",
    "03_predictions_processed_scale.csv": "Predictions in processed/normalized scale",
    "04_predictions_original_scale.csv": "Predictions transformed back to original scale",
    "05_confidence_scores.csv": "Confidence/uncertainty scores for each prediction",
    "06_combined_results.csv": "All data combined: features + predictions + confidence",
    "prediction_summary.json": "Complete prediction results and metadata",
    "prediction_report.html": "Detailed HTML report"
  }
}