{
  "report_metadata": {
    "generated_at": "2025-07-06T00:42:02.174334",
    "report_type": "training_report",
    "model_name": "9063132f-77f6-4bff-92d1-075c8280fd57",
    "model_id": "9063132f-77f6-4bff-92d1-075c8280fd57",
    "report_version": "1.0.0"
  },
  "training_summary": {
    "task_type": "regression",
    "training_time_seconds": 340.536153,
    "model_path": null,
    "training_completed_at": "2025-07-06T00:42:02.143425"
  },
  "dataset_overview": {
    "n_samples": 53,
    "n_features": 4
  },
  "feature_names": [
    "SiO2",
    "CeO2",
    "lignin",
    "vinyl"
  ],
  "model_configuration": {
    "hyperparameters": {
      "n_estimators": 70,
      "max_depth": 8,
      "learning_rate": 0.29283225933783363,
      "subsample": 0.8824879580256776,
      "colsample_bytree": 0.8804650381575039,
      "colsample_bylevel": 0.9862778301767895,
      "reg_alpha": 0.0004686094248233635,
      "reg_lambda": 3.841105485827389e-06,
      "min_child_weight": 2,
      "gamma": 1.1415897581582742e-08
    },
    "model_info": {
      "is_fitted": true,
      "task_type": "regression",
      "n_features": 4,
      "feature_names": [
        "SiO2",
        "CeO2",
        "lignin",
        "vinyl"
      ],
      "model_params": {
        "n_estimators": 70,
        "max_depth": 8,
        "learning_rate": 0.29283225933783363,
        "subsample": 0.8824879580256776,
        "colsample_bytree": 0.8804650381575039,
        "colsample_bylevel": 0.9862778301767895,
        "colsample_bynode": 1.0,
        "reg_alpha": 0.0004686094248233635,
        "reg_lambda": 3.841105485827389e-06,
        "gamma": 1.1415897581582742e-08,
        "min_child_weight": 2,
        "tree_method": "hist",
        "device": "cuda",
        "n_jobs": 1,
        "random_state": 42
      },
      "n_estimators": 70,
      "max_depth": 8,
      "learning_rate": 0.29283225933783363,
      "subsample": 0.8824879580256776,
      "colsample_bytree": 0.8804650381575039,
      "gpu_info": {
        "gpu_available": true,
        "gpu_enabled": true,
        "effective_device": "cuda",
        "tree_method": "hist",
        "using_gpu": true,
        "gpu_name": "NVIDIA GeForce RTX 4060 Laptop GPU",
        "gpu_memory_total_mb": 8188,
        "gpu_memory_used_mb": 2974,
        "gpu_memory_available_mb": 5214
      }
    }
  },
  "hyperparameter_optimization": {
    "best_params": {
      "n_estimators": 70,
      "max_depth": 8,
      "learning_rate": 0.29283225933783363,
      "subsample": 0.8824879580256776,
      "colsample_bytree": 0.8804650381575039,
      "colsample_bylevel": 0.9862778301767895,
      "reg_alpha": 0.0004686094248233635,
      "reg_lambda": 3.841105485827389e-06,
      "min_child_weight": 2,
      "gamma": 1.1415897581582742e-08
    },
    "best_score": -0.25507308146266794,
    "best_trial_number": 12,
    "n_trials": 50,
    "n_completed_trials": 50,
    "task_type": "regression",
    "sampler_type": "TPE",
    "optimization_history": [
      {
        "trial_number": 0,
        "value": -0.48141756840993616,
        "params": {
          "n_estimators": 90,
          "max_depth": 10,
          "learning_rate": 0.1205712628744377,
          "subsample": 0.8394633936788146,
          "colsample_bytree": 0.6624074561769746,
          "colsample_bylevel": 0.662397808134481,
          "reg_alpha": 3.3323645788192616e-08,
          "reg_lambda": 0.6245760287469893,
          "min_child_weight": 7,
          "gamma": 0.023585940584142682
        },
        "state": "COMPLETE",
        "datetime": "2025-07-06T00:36:21.898032",
        "duration": 1.089227
      },
      {
        "trial_number": 1,
        "value": -0.43509269639587506,
        "params": {
          "n_estimators": 50,
          "max_depth": 10,
          "learning_rate": 0.16967533607196555,
          "subsample": 0.6849356442713105,
          "colsample_bytree": 0.6727299868828402,
          "colsample_bylevel": 0.6733618039413735,
          "reg_alpha": 5.472429642032198e-06,
          "reg_lambda": 0.00052821153945323,
          "min_child_weight": 5,
          "gamma": 4.17890272377219e-06
        },
        "state": "COMPLETE",
        "datetime": "2025-07-06T00:36:22.989259",
        "duration": 0.788525
      },
      {
        "trial_number": 2,
        "value": -0.4928455934805136,
        "params": {
          "n_estimators": 110,
          "max_depth": 2,
          "learning_rate": 0.027010527749605478,
          "subsample": 0.7465447373174767,
          "colsample_bytree": 0.7824279936868144,
          "colsample_bylevel": 0.9140703845572055,
          "reg_alpha": 6.267062696005991e-07,
          "reg_lambda": 0.00042472707398058225,
          "min_child_weight": 6,
          "gamma": 2.6185068507773707e-08
        },
        "state": "COMPLETE",
        "datetime": "2025-07-06T00:36:23.778784",
        "duration": 1.257603
      },
      {
        "trial_number": 3,
        "value": -0.6048798409290116,
        "params": {
          "n_estimators": 110,
          "max_depth": 2,
          "learning_rate": 0.012476394272569451,
          "subsample": 0.9795542149013333,
          "colsample_bytree": 0.9862528132298237,
          "colsample_bylevel": 0.9233589392465844,
          "reg_alpha": 5.514725787121931e-06,
          "reg_lambda": 7.569183361880229e-08,
          "min_child_weight": 7,
          "gamma": 9.148975058772307e-05
        },
        "state": "COMPLETE",
        "datetime": "2025-07-06T00:36:25.039387",
        "duration": 1.956548
      },
      {
        "trial_number": 4,
        "value": -0.7378546993682747,
        "params": {
          "n_estimators": 60,
          "max_depth": 5,
          "learning_rate": 0.011240768803005551,
          "subsample": 0.9637281608315128,
          "colsample_bytree": 0.7035119926400067,
          "colsample_bylevel": 0.8650089137415928,
          "reg_alpha": 6.388511557344611e-06,
          "reg_lambda": 0.0004793052550782129,
          "min_child_weight": 6,
          "gamma": 4.609885087947832e-07
        },
        "state": "COMPLETE",
        "datetime": "2025-07-06T00:36:26.997312",
        "duration": 0.746209
      },
      {
        "trial_number": 5,
        "value": -0.27702913959429776,
        "params": {
          "n_estimators": 150,
          "max_depth": 8,
          "learning_rate": 0.24420460844911424,
          "subsample": 0.9579309401710595,
          "colsample_bytree": 0.8391599915244341,
          "colsample_bylevel": 0.9687496940092467,
          "reg_alpha": 6.257956190096665e-08,
          "reg_lambda": 5.805581976088804e-07,
          "min_child_weight": 1,
          "gamma": 8.471746987003668e-06
        },
        "state": "COMPLETE",
        "datetime": "2025-07-06T00:36:27.745521",
        "duration": 1.321087
      },
      {
        "trial_number": 6,
        "value": -0.5677761321733791,
        "params": {
          "n_estimators": 90,
          "max_depth": 3,
          "learning_rate": 0.16755052359850303,
          "subsample": 0.7427013306774357,
          "colsample_bytree": 0.7123738038749523,
          "colsample_bylevel": 0.8170784332632994,
          "reg_alpha": 1.8548894229694903e-07,
          "reg_lambda": 0.16587190283399655,
          "min_child_weight": 1,
          "gamma": 7.620481786158549
        },
        "state": "COMPLETE",
        "datetime": "2025-07-06T00:36:29.068611",
        "duration": 0.798819
      },
      {
        "trial_number": 7,
        "value": -0.516096997112103,
        "params": {
          "n_estimators": 130,
          "max_depth": 2,
          "learning_rate": 0.010189592979395137,
          "subsample": 0.9261845713819337,
          "colsample_bytree": 0.8827429375390468,
          "colsample_bylevel": 0.8916028672163949,
          "reg_alpha": 0.08738424135626986,
          "reg_lambda": 4.638759594322625e-08,
          "min_child_weight": 4,
          "gamma": 1.1036250149900698e-07
        },
        "state": "COMPLETE",
        "datetime": "2025-07-06T00:36:29.868428",
        "duration": 1.839837
      },
      {
        "trial_number": 8,
        "value": -0.6084746669606537,
        "params": {
          "n_estimators": 140,
          "max_depth": 7,
          "learning_rate": 0.030816017044468066,
          "subsample": 0.6254233401144095,
          "colsample_bytree": 0.7243929286862649,
          "colsample_bylevel": 0.7300733288106989,
          "reg_alpha": 0.036851536911881845,
          "reg_lambda": 0.005470376807480391,
          "min_child_weight": 9,
          "gamma": 0.0001778010520878397
        },
        "state": "COMPLETE",
        "datetime": "2025-07-06T00:36:31.709266",
        "duration": 1.631397
      },
      {
        "trial_number": 9,
        "value": -0.29731835506574933,
        "params": {
          "n_estimators": 60,
          "max_depth": 8,
          "learning_rate": 0.13297554090738672,
          "subsample": 0.8245108790277985,
          "colsample_bytree": 0.9083868719818244,
          "colsample_bylevel": 0.7975182385457563,
          "reg_alpha": 0.0005065186776865479,
          "reg_lambda": 7.04480806377519e-05,
          "min_child_weight": 1,
          "gamma": 9.354548757337708e-08
        },
        "state": "COMPLETE",
        "datetime": "2025-07-06T00:36:33.343739",
        "duration": 4.104689
      },
      {
        "trial_number": 10,
        "value": -0.42323347948357615,
        "params": {
          "n_estimators": 150,
          "max_depth": 5,
          "learning_rate": 0.2704729722717779,
          "subsample": 0.8866896138540137,
          "colsample_bytree": 0.848068981182222,
          "colsample_bylevel": 0.9630659181130071,
          "reg_alpha": 4.3444691085504505,
          "reg_lambda": 3.678908815130513e-06,
          "min_child_weight": 3,
          "gamma": 0.021346533494448247
        },
        "state": "COMPLETE",
        "datetime": "2025-07-06T00:36:37.450428",
        "duration": 1.917816
      },
      {
        "trial_number": 11,
        "value": -0.31069574571367375,
        "params": {
          "n_estimators": 80,
          "max_depth": 8,
          "learning_rate": 0.08240472437384992,
          "subsample": 0.8368507714294098,
          "colsample_bytree": 0.939930449168694,
          "colsample_bylevel": 0.744858923335037,
          "reg_alpha": 0.000599958321451196,
          "reg_lambda": 1.7912366914369137e-06,
          "min_child_weight": 1,
          "gamma": 4.805653261658784e-06
        },
        "state": "COMPLETE",
        "datetime": "2025-07-06T00:36:39.370746",
        "duration": 3.095251
      },
      {
        "trial_number": 12,
        "value": -0.25507308146266794,
        "params": {
          "n_estimators": 70,
          "max_depth": 8,
          "learning_rate": 0.29283225933783363,
          "subsample": 0.8824879580256776,
          "colsample_bytree": 0.8804650381575039,
          "colsample_bylevel": 0.9862778301767895,
          "reg_alpha": 0.0004686094248233635,
          "reg_lambda": 3.841105485827389e-06,
          "min_child_weight": 2,
          "gamma": 1.1415897581582742e-08
        },
        "state": "COMPLETE",
        "datetime": "2025-07-06T00:36:42.468997",
        "duration": 1.95017
      },
      {
        "trial_number": 13,
        "value": -0.2928332495671043,
        "params": {
          "n_estimators": 120,
          "max_depth": 7,
          "learning_rate": 0.2582165735434375,
          "subsample": 0.9010465186147784,
          "colsample_bytree": 0.8047306271412387,
          "colsample_bylevel": 0.9995366765695372,
          "reg_alpha": 0.021377540635575048,
          "reg_lambda": 5.38290491006254e-06,
          "min_child_weight": 3,
          "gamma": 1.044919617239491e-08
        },
        "state": "COMPLETE",
        "datetime": "2025-07-06T00:36:44.421819",
        "duration": 10.797381
      },
      {
        "trial_number": 14,
        "value": -0.30331589774013096,
        "params": {
          "n_estimators": 70,
          "max_depth": 9,
          "learning_rate": 0.06689802001564377,
          "subsample": 0.9936333960689314,
          "colsample_bytree": 0.8274507788007739,
          "colsample_bylevel": 0.9944352943282316,
          "reg_alpha": 7.590806034573108e-05,
          "reg_lambda": 1.0786094641337822e-08,
          "min_child_weight": 3,
          "gamma": 4.4750172779400975e-06
        },
        "state": "COMPLETE",
        "datetime": "2025-07-06T00:36:55.220764",
        "duration": 7.269885
      },
      {
        "trial_number": 15,
        "value": -0.4408209246209047,
        "params": {
          "n_estimators": 150,
          "max_depth": 6,
          "learning_rate": 0.29867164464923335,
          "subsample": 0.9149411693755961,
          "colsample_bytree": 0.6018960478612356,
          "colsample_bylevel": 0.6083654265933616,
          "reg_alpha": 1.1509776526304605e-08,
          "reg_lambda": 2.468984905139203e-07,
          "min_child_weight": 2,
          "gamma": 0.0015579107174789602
        },
        "state": "COMPLETE",
        "datetime": "2025-07-06T00:37:02.492657",
        "duration": 6.763987
      },
      {
        "trial_number": 16,
        "value": -0.5956559517915889,
        "params": {
          "n_estimators": 100,
          "max_depth": 8,
          "learning_rate": 0.033836536873135634,
          "subsample": 0.8679083694332411,
          "colsample_bytree": 0.7689471615972304,
          "colsample_bylevel": 0.9529919904337075,
          "reg_alpha": 0.004057238974138745,
          "reg_lambda": 2.191609366622619e-05,
          "min_child_weight": 10,
          "gamma": 1.013120760415156e-06
        },
        "state": "COMPLETE",
        "datetime": "2025-07-06T00:37:09.258130",
        "duration": 3.61751
      },
      {
        "trial_number": 17,
        "value": -0.2955642881434895,
        "params": {
          "n_estimators": 80,
          "max_depth": 4,
          "learning_rate": 0.19558986295656192,
          "subsample": 0.7737058036052978,
          "colsample_bytree": 0.8645363058627105,
          "colsample_bylevel": 0.8679329266895621,
          "reg_alpha": 2.5478709743772352e-05,
          "reg_lambda": 3.4209876534185466e-07,
          "min_child_weight": 2,
          "gamma": 5.860455063933927e-05
        },
        "state": "COMPLETE",
        "datetime": "2025-07-06T00:37:12.877642",
        "duration": 5.986707
      },
      {
        "trial_number": 18,
        "value": -0.3242646236007582,
        "params": {
          "n_estimators": 130,
          "max_depth": 9,
          "learning_rate": 0.11754105023983602,
          "subsample": 0.9391174135347513,
          "colsample_bytree": 0.9433652849644489,
          "colsample_bylevel": 0.8388049554799257,
          "reg_alpha": 1.0773038140499753,
          "reg_lambda": 0.01049776052772474,
          "min_child_weight": 4,
          "gamma": 0.0026235397085486853
        },
        "state": "COMPLETE",
        "datetime": "2025-07-06T00:37:18.865354",
        "duration": 6.232452
      },
      {
        "trial_number": 19,
        "value": -0.41264189087730524,
        "params": {
          "n_estimators": 50,
          "max_depth": 6,
          "learning_rate": 0.08596104196746751,
          "subsample": 0.9480923804617473,
          "colsample_bytree": 0.9986340511284371,
          "colsample_bylevel": 0.9485534957490616,
          "reg_alpha": 3.885396727420375e-07,
          "reg_lambda": 6.7891871542277356,
          "min_child_weight": 2,
          "gamma": 0.66248266359638
        },
        "state": "COMPLETE",
        "datetime": "2025-07-06T00:37:25.098805",
        "duration": 2.868152
      },
      {
        "trial_number": 20,
        "value": -0.34900966829929525,
        "params": {
          "n_estimators": 70,
          "max_depth": 7,
          "learning_rate": 0.04808494364207103,
          "subsample": 0.8621303373692137,
          "colsample_bytree": 0.9153869705919006,
          "colsample_bylevel": 0.7817505252292422,
          "reg_alpha": 0.0038538386812793793,
          "reg_lambda": 3.412129264108297e-05,
          "min_child_weight": 4,
          "gamma": 3.476167117477983e-05
        },
        "state": "COMPLETE",
        "datetime": "2025-07-06T00:37:27.970592",
        "duration": 5.202388
      },
      {
        "trial_number": 21,
        "value": -0.3022949050362594,
        "params": {
          "n_estimators": 120,
          "max_depth": 7,
          "learning_rate": 0.23001488801078895,
          "subsample": 0.9044637177831504,
          "colsample_bytree": 0.8040271970356441,
          "colsample_bylevel": 0.9989879313923894,
          "reg_alpha": 0.07309028411568086,
          "reg_lambda": 2.792337376497862e-06,
          "min_child_weight": 3,
          "gamma": 1.2267587917659956e-08
        },
        "state": "COMPLETE",
        "datetime": "2025-07-06T00:37:33.174985",
        "duration": 9.689874
      },
      {
        "trial_number": 22,
        "value": -0.2554642693036739,
        "params": {
          "n_estimators": 130,
          "max_depth": 9,
          "learning_rate": 0.2986635735738431,
          "subsample": 0.8900646198797657,
          "colsample_bytree": 0.8196151699965492,
          "colsample_bylevel": 0.9784976154738502,
          "reg_alpha": 0.00650782184057427,
          "reg_lambda": 6.2442055464911875e-06,
          "min_child_weight": 2,
          "gamma": 1.4243954575500355e-07
        },
        "state": "COMPLETE",
        "datetime": "2025-07-06T00:37:42.865861",
        "duration": 2.029198
      },
      {
        "trial_number": 23,
        "value": -0.6369686672503689,
        "params": {
          "n_estimators": 140,
          "max_depth": 9,
          "learning_rate": 0.20176589699736164,
          "subsample": 0.9941779116572428,
          "colsample_bytree": 0.7472398161137841,
          "colsample_bylevel": 0.960860905766988,
          "reg_alpha": 0.00014137662762463542,
          "reg_lambda": 8.745873343104937e-07,
          "min_child_weight": 1,
          "gamma": 2.334581490904668e-07
        },
        "state": "COMPLETE",
        "datetime": "2025-07-06T00:37:44.896059",
        "duration": 2.875461
      },
      {
        "trial_number": 24,
        "value": -0.2839152026342741,
        "params": {
          "n_estimators": 140,
          "max_depth": 10,
          "learning_rate": 0.14154130820130015,
          "subsample": 0.8025050734340542,
          "colsample_bytree": 0.8254812419198323,
          "colsample_bylevel": 0.9189487897686043,
          "reg_alpha": 0.002128503639305541,
          "reg_lambda": 1.4101031189449941e-05,
          "min_child_weight": 2,
          "gamma": 1.2343665409672205e-06
        },
        "state": "COMPLETE",
        "datetime": "2025-07-06T00:37:47.773520",
        "duration": 16.066023
      },
      {
        "trial_number": 25,
        "value": -0.28836058155965916,
        "params": {
          "n_estimators": 150,
          "max_depth": 9,
          "learning_rate": 0.22812201707227933,
          "subsample": 0.8797542623289566,
          "colsample_bytree": 0.880806980951375,
          "colsample_bylevel": 0.963001638264358,
          "reg_alpha": 0.3128660200488964,
          "reg_lambda": 0.00011879560621221528,
          "min_child_weight": 2,
          "gamma": 5.090850119300536e-08
        },
        "state": "COMPLETE",
        "datetime": "2025-07-06T00:38:03.841561",
        "duration": 9.15723
      },
      {
        "trial_number": 26,
        "value": -0.393695052601106,
        "params": {
          "n_estimators": 130,
          "max_depth": 8,
          "learning_rate": 0.2852799858240089,
          "subsample": 0.9374933323199344,
          "colsample_bytree": 0.8339967349728012,
          "colsample_bylevel": 0.8767023760482646,
          "reg_alpha": 0.013387102948556917,
          "reg_lambda": 3.2677834676032277e-07,
          "min_child_weight": 5,
          "gamma": 1.5541732350083323e-05
        },
        "state": "COMPLETE",
        "datetime": "2025-07-06T00:38:13.000372",
        "duration": 5.07018
      },
      {
        "trial_number": 27,
        "value": -0.29794990911647756,
        "params": {
          "n_estimators": 120,
          "max_depth": 6,
          "learning_rate": 0.10729853154218477,
          "subsample": 0.9622318084801265,
          "colsample_bytree": 0.9019960238429653,
          "colsample_bylevel": 0.9337444396535288,
          "reg_alpha": 2.84326667140209e-05,
          "reg_lambda": 1.7034816479353823e-08,
          "min_child_weight": 1,
          "gamma": 5.778664391490182e-07
        },
        "state": "COMPLETE",
        "datetime": "2025-07-06T00:38:18.072062",
        "duration": 10.262913
      },
      {
        "trial_number": 28,
        "value": -0.28490441629104835,
        "params": {
          "n_estimators": 100,
          "max_depth": 9,
          "learning_rate": 0.16861181851192983,
          "subsample": 0.8542252330177411,
          "colsample_bytree": 0.8599461245281069,
          "colsample_bylevel": 0.8961682047471182,
          "reg_alpha": 0.0011489789198387433,
          "reg_lambda": 0.00422918163231331,
          "min_child_weight": 3,
          "gamma": 5.91963060509713e-08
        },
        "state": "COMPLETE",
        "datetime": "2025-07-06T00:38:28.335975",
        "duration": 8.113296
      },
      {
        "trial_number": 29,
        "value": -0.5807189978730886,
        "params": {
          "n_estimators": 140,
          "max_depth": 10,
          "learning_rate": 0.02024159254451827,
          "subsample": 0.8255192078926589,
          "colsample_bytree": 0.9528553170349168,
          "colsample_bylevel": 0.9665243366007973,
          "reg_alpha": 0.00017403592947529364,
          "reg_lambda": 9.886129450721135e-06,
          "min_child_weight": 8,
          "gamma": 1.0831831651659262e-05
        },
        "state": "COMPLETE",
        "datetime": "2025-07-06T00:38:36.450271",
        "duration": 5.454152
      },
      {
        "trial_number": 30,
        "value": -0.315524163753905,
        "params": {
          "n_estimators": 90,
          "max_depth": 8,
          "learning_rate": 0.21626574288919537,
          "subsample": 0.8008184231590747,
          "colsample_bytree": 0.7889405456815862,
          "colsample_bylevel": 0.9787352171045289,
          "reg_alpha": 1.084370383390853e-07,
          "reg_lambda": 1.0690479459005652e-07,
          "min_child_weight": 4,
          "gamma": 2.512672231295339e-07
        },
        "state": "COMPLETE",
        "datetime": "2025-07-06T00:38:41.905419",
        "duration": 4.973608
      },
      {
        "trial_number": 31,
        "value": -0.294268641612621,
        "params": {
          "n_estimators": 140,
          "max_depth": 10,
          "learning_rate": 0.13799483776171612,
          "subsample": 0.7945198653651298,
          "colsample_bytree": 0.8146083286673107,
          "colsample_bylevel": 0.9253069407634015,
          "reg_alpha": 0.0028416836798144953,
          "reg_lambda": 1.2418989777361383e-05,
          "min_child_weight": 2,
          "gamma": 1.903332766083247e-06
        },
        "state": "COMPLETE",
        "datetime": "2025-07-06T00:38:46.879027",
        "duration": 14.892126
      },
      {
        "trial_number": 32,
        "value": -0.3274746392138581,
        "params": {
          "n_estimators": 150,
          "max_depth": 10,
          "learning_rate": 0.15535528160648931,
          "subsample": 0.6930600865237524,
          "colsample_bytree": 0.756839649744743,
          "colsample_bylevel": 0.9121661560851844,
          "reg_alpha": 0.0016185486645053716,
          "reg_lambda": 8.944197504218338e-07,
          "min_child_weight": 2,
          "gamma": 8.987191561608831e-07
        },
        "state": "COMPLETE",
        "datetime": "2025-07-06T00:39:01.773149",
        "duration": 15.895155
      },
      {
        "trial_number": 33,
        "value": -0.317054597375673,
        "params": {
          "n_estimators": 130,
          "max_depth": 10,
          "learning_rate": 0.19180106405645045,
          "subsample": 0.7552831756495116,
          "colsample_bytree": 0.8400887462459807,
          "colsample_bylevel": 0.9390998939153486,
          "reg_alpha": 0.013056355071317307,
          "reg_lambda": 9.472355117606541e-05,
          "min_child_weight": 1,
          "gamma": 3.273327672605057e-08
        },
        "state": "COMPLETE",
        "datetime": "2025-07-06T00:39:17.670305",
        "duration": 11.745175
      },
      {
        "trial_number": 34,
        "value": -0.3509359879140278,
        "params": {
          "n_estimators": 110,
          "max_depth": 9,
          "learning_rate": 0.29894193781307155,
          "subsample": 0.7091920913592905,
          "colsample_bytree": 0.8786885152811454,
          "colsample_bylevel": 0.9822350542441558,
          "reg_alpha": 2.718086735359048e-06,
          "reg_lambda": 0.001123957823504094,
          "min_child_weight": 5,
          "gamma": 2.125740087368727e-06
        },
        "state": "COMPLETE",
        "datetime": "2025-07-06T00:39:29.417480",
        "duration": 4.105914
      },
      {
        "trial_number": 35,
        "value": -0.3609605360647504,
        "params": {
          "n_estimators": 140,
          "max_depth": 1,
          "learning_rate": 0.10705604641960768,
          "subsample": 0.8941974924388315,
          "colsample_bytree": 0.8216196934878865,
          "colsample_bylevel": 0.9046577300751978,
          "reg_alpha": 3.190658942466181e-05,
          "reg_lambda": 1.0614114465610587e-06,
          "min_child_weight": 2,
          "gamma": 2.1503322456633037e-07
        },
        "state": "COMPLETE",
        "datetime": "2025-07-06T00:39:33.525394",
        "duration": 3.769683
      },
      {
        "trial_number": 36,
        "value": -0.4244725632806226,
        "params": {
          "n_estimators": 110,
          "max_depth": 10,
          "learning_rate": 0.14528248737945984,
          "subsample": 0.8021564451759415,
          "colsample_bytree": 0.782181640404269,
          "colsample_bylevel": 0.850713421346124,
          "reg_alpha": 1.9511342164195548e-06,
          "reg_lambda": 0.0002304261683319055,
          "min_child_weight": 7,
          "gamma": 0.0010039793112901869
        },
        "state": "COMPLETE",
        "datetime": "2025-07-06T00:39:37.296077",
        "duration": 3.698042
      },
      {
        "trial_number": 37,
        "value": -0.28989311343432866,
        "params": {
          "n_estimators": 150,
          "max_depth": 8,
          "learning_rate": 0.2400262464873642,
          "subsample": 0.9678352189760949,
          "colsample_bytree": 0.8516186540812085,
          "colsample_bylevel": 0.9335063230075777,
          "reg_alpha": 0.16401856856971533,
          "reg_lambda": 3.013569597329582e-05,
          "min_child_weight": 3,
          "gamma": 1.3131287339145262e-05
        },
        "state": "COMPLETE",
        "datetime": "2025-07-06T00:39:40.995118",
        "duration": 8.574137
      },
      {
        "trial_number": 38,
        "value": -0.4118001241332069,
        "params": {
          "n_estimators": 130,
          "max_depth": 9,
          "learning_rate": 0.18669565156130227,
          "subsample": 0.6465255811631712,
          "colsample_bytree": 0.7302840248613417,
          "colsample_bylevel": 0.979027952394983,
          "reg_alpha": 0.007525077301114445,
          "reg_lambda": 4.616926212585117e-08,
          "min_child_weight": 6,
          "gamma": 3.6705767455022387e-08
        },
        "state": "COMPLETE",
        "datetime": "2025-07-06T00:39:49.570255",
        "duration": 4.432721
      },
      {
        "trial_number": 39,
        "value": -0.2888903146432235,
        "params": {
          "n_estimators": 120,
          "max_depth": 7,
          "learning_rate": 0.05334988198425112,
          "subsample": 0.9185344655188896,
          "colsample_bytree": 0.8966014883416806,
          "colsample_bylevel": 0.8866743432540275,
          "reg_alpha": 0.0005076196708059149,
          "reg_lambda": 4.675453496019279e-06,
          "min_child_weight": 1,
          "gamma": 0.0003429273672939734
        },
        "state": "COMPLETE",
        "datetime": "2025-07-06T00:39:54.003975",
        "duration": 12.371956
      },
      {
        "trial_number": 40,
        "value": -0.42244804857133883,
        "params": {
          "n_estimators": 50,
          "max_depth": 4,
          "learning_rate": 0.168567234832283,
          "subsample": 0.8446277958485873,
          "colsample_bytree": 0.6769676199265374,
          "colsample_bylevel": 0.6754404060605259,
          "reg_alpha": 5.2350564752997e-08,
          "reg_lambda": 0.00084014623172923,
          "min_child_weight": 4,
          "gamma": 1.69896170971806e-07
        },
        "state": "COMPLETE",
        "datetime": "2025-07-06T00:40:06.377932",
        "duration": 2.841168
      },
      {
        "trial_number": 41,
        "value": -0.30419568251707296,
        "params": {
          "n_estimators": 100,
          "max_depth": 9,
          "learning_rate": 0.24959941092472543,
          "subsample": 0.8658422123064136,
          "colsample_bytree": 0.8653670933226423,
          "colsample_bylevel": 0.9009160207388993,
          "reg_alpha": 0.001293084644931228,
          "reg_lambda": 0.05632294909199755,
          "min_child_weight": 3,
          "gamma": 7.340599751474242e-08
        },
        "state": "COMPLETE",
        "datetime": "2025-07-06T00:40:09.220608",
        "duration": 7.457348
      },
      {
        "trial_number": 42,
        "value": -0.2653681992140316,
        "params": {
          "n_estimators": 100,
          "max_depth": 9,
          "learning_rate": 0.16671139150431205,
          "subsample": 0.8513550228738302,
          "colsample_bytree": 0.8625058417469134,
          "colsample_bylevel": 0.9219125526727143,
          "reg_alpha": 0.0008948140856181888,
          "reg_lambda": 0.014795996180882336,
          "min_child_weight": 2,
          "gamma": 1.988356282679214e-08
        },
        "state": "COMPLETE",
        "datetime": "2025-07-06T00:40:16.678956",
        "duration": 11.702601
      },
      {
        "trial_number": 43,
        "value": -0.3262754862824375,
        "params": {
          "n_estimators": 90,
          "max_depth": 10,
          "learning_rate": 0.2234470738487156,
          "subsample": 0.7773926394505811,
          "colsample_bytree": 0.9264672523283267,
          "colsample_bylevel": 0.9199356360291906,
          "reg_alpha": 0.0001970904988568225,
          "reg_lambda": 0.509211473313524,
          "min_child_weight": 1,
          "gamma": 2.1146226967944044e-08
        },
        "state": "COMPLETE",
        "datetime": "2025-07-06T00:40:28.382558",
        "duration": 10.085912
      },
      {
        "trial_number": 44,
        "value": -0.3071369885863115,
        "params": {
          "n_estimators": 80,
          "max_depth": 8,
          "learning_rate": 0.08494919838753305,
          "subsample": 0.8205222971194175,
          "colsample_bytree": 0.8435812686176724,
          "colsample_bylevel": 0.9494801998102045,
          "reg_alpha": 0.04754194194364498,
          "reg_lambda": 1.161885819948946e-05,
          "min_child_weight": 2,
          "gamma": 3.9446743901468944e-07
        },
        "state": "COMPLETE",
        "datetime": "2025-07-06T00:40:38.470471",
        "duration": 8.893191
      },
      {
        "trial_number": 45,
        "value": -0.376389216900355,
        "params": {
          "n_estimators": 60,
          "max_depth": 10,
          "learning_rate": 0.2533052760281409,
          "subsample": 0.8770267861119762,
          "colsample_bytree": 0.7930487402929296,
          "colsample_bylevel": 0.9729301903060513,
          "reg_alpha": 5.5648458323521116e-05,
          "reg_lambda": 0.0414021054839521,
          "min_child_weight": 1,
          "gamma": 1.109159800343045e-08
        },
        "state": "COMPLETE",
        "datetime": "2025-07-06T00:40:47.365659",
        "duration": 6.787574
      },
      {
        "trial_number": 46,
        "value": -0.33438384944787003,
        "params": {
          "n_estimators": 110,
          "max_depth": 8,
          "learning_rate": 0.1377559903933344,
          "subsample": 0.7299571346245286,
          "colsample_bytree": 0.8173638013273287,
          "colsample_bylevel": 0.8205459642997539,
          "reg_alpha": 1.4179644595853917e-05,
          "reg_lambda": 0.0019386126480229163,
          "min_child_weight": 2,
          "gamma": 2.5495421439996124e-06
        },
        "state": "COMPLETE",
        "datetime": "2025-07-06T00:40:54.155231",
        "duration": 12.895031
      },
      {
        "trial_number": 47,
        "value": -0.5156215144608691,
        "params": {
          "n_estimators": 70,
          "max_depth": 9,
          "learning_rate": 0.014596202492607022,
          "subsample": 0.8324037597143256,
          "colsample_bytree": 0.8840435534277039,
          "colsample_bylevel": 0.9890909493119353,
          "reg_alpha": 0.00036269523637616187,
          "reg_lambda": 1.70064287342388e-06,
          "min_child_weight": 3,
          "gamma": 1.1297140789038466e-07
        },
        "state": "COMPLETE",
        "datetime": "2025-07-06T00:41:07.051762",
        "duration": 7.166674
      },
      {
        "trial_number": 48,
        "value": -0.29825291115243086,
        "params": {
          "n_estimators": 140,
          "max_depth": 7,
          "learning_rate": 0.18261277374427268,
          "subsample": 0.9042669214193774,
          "colsample_bytree": 0.8701414647729029,
          "colsample_bylevel": 0.9429948395817925,
          "reg_alpha": 0.005579830840682437,
          "reg_lambda": 0.0003412067213108433,
          "min_child_weight": 1,
          "gamma": 8.312548006248578e-07
        },
        "state": "COMPLETE",
        "datetime": "2025-07-06T00:41:14.219940",
        "duration": 10.330562
      },
      {
        "trial_number": 49,
        "value": -0.3054079195636087,
        "params": {
          "n_estimators": 150,
          "max_depth": 8,
          "learning_rate": 0.0997193036914237,
          "subsample": 0.8457854121825664,
          "colsample_bytree": 0.9646132929413921,
          "colsample_bylevel": 0.8541689965270566,
          "reg_alpha": 0.031101842604739895,
          "reg_lambda": 5.060391812088096e-05,
          "min_child_weight": 2,
          "gamma": 2.3193096515555165e-08
        },
        "state": "COMPLETE",
        "datetime": "2025-07-06T00:41:24.551504",
        "duration": 16.257579
      }
    ],
    "best_cv_scores": [
      -0.2598961012462139,
      -0.3001239435076014,
      -0.26104334361664333,
      -0.23173234467476195,
      -0.2225696742681194
    ],
    "best_cv_std": 0.027165224806977875
  },
  "cross_validation_results": {
    "test_scores": {
      "MAE": {
        "scores": [
          0.2598961012462139,
          0.3001239435076014,
          0.26104334361664333,
          0.23173234467476195,
          0.2225696742681194
        ],
        "mean": 0.25507308146266794,
        "std": 0.027165224806977875,
        "min": 0.2225696742681194,
        "max": 0.3001239435076014
      },
      "MSE": {
        "scores": [
          0.09992655469974081,
          0.12370080740949171,
          0.08729277768898754,
          0.1123714368298249,
          0.07285736893607392
        ],
        "mean": 0.09922978911282378,
        "std": 0.017944447114294545,
        "min": 0.07285736893607392,
        "max": 0.12370080740949171
      },
      "R2": {
        "scores": [
          0.8674912655060578,
          0.8764304535128921,
          0.9257026930614747,
          0.8836142970424097,
          0.9167104458821003
        ],
        "mean": 0.893989831000987,
        "std": 0.022978639544705175,
        "min": 0.8674912655060578,
        "max": 0.9257026930614747
      }
    },
    "train_scores": {
      "MAE": {
        "scores": [
          0.001910356040249175,
          0.0010310322599922537,
          0.002505792789482419,
          0.002158000191277881,
          0.0006487796527750175
        ],
        "mean": 0.001650792186755349,
        "std": 0.0006991124186611231,
        "min": 0.0006487796527750175,
        "max": 0.002505792789482419
      },
      "MSE": {
        "scores": [
          3.0509253191696513e-05,
          3.6178944966990534e-06,
          4.365423145658292e-05,
          1.7847189154124276e-05,
          7.552492219526895e-07
        ],
        "mean": 1.927676350421109e-05,
        "std": 1.6190862367848917e-05,
        "min": 7.552492219526895e-07,
        "max": 4.365423145658292e-05
      },
      "R2": {
        "scores": [
          0.9999710989444789,
          0.9999963785386792,
          0.9999531441320372,
          0.9999818846924415,
          0.9999992556386248
        ],
        "mean": 0.9999803523892524,
        "std": 1.6984897740134112e-05,
        "min": 0.9999531441320372,
        "max": 0.9999992556386248
      }
    },
    "fit_times": "[1.7025013  2.05912757 1.60903192 1.70456338 1.69944   ]",
    "score_times": "[0.01350451 0.01451564 0.0104425  0.01416659 0.01350427]",
    "timing": {
      "fit_time_mean": 1.7549328327178955,
      "fit_time_std": 0.1563247371905904,
      "score_time_mean": 0.013226699829101563,
      "score_time_std": 0.00144573694130334
    },
    "task_type": "regression",
    "cv_folds": 5,
    "data_shape": [
      53,
      4
    ],
    "y_true": "[-1.47028788 -1.81596969 -0.57407578 -0.26680307 -0.34362124 -0.80453032\n -1.47028788  0.3157348   0.09808329  1.0006969   0.00206056 -0.75971972\n -0.68290154 -0.60608336 -0.01714398  0.7894469   0.52698479 -1.43187879\n  0.83425751 -0.67009851 -1.57911363 -0.8365379   0.59099994 -0.54206821\n -0.41403791  1.28876507 -1.78396211 -1.72634848 -0.42043942 -0.22839398\n -0.29881064  0.71262872  0.93668175  0.16209844 -0.65729548  0.96868932\n  0.96868932  1.01990144  0.30933328  1.42319688  0.84065902 -0.52286366\n -0.83013638  0.01486359  0.30933328 -1.71994696  1.20554538  0.46296964\n  1.08391659  1.78168172  1.78040142  1.60858476  1.43715219]",
    "y_pred_cv": "[-1.6767994  -1.7557613   0.27628326  0.3697275   0.21918279 -0.8674735\n -1.6528214   0.14802323 -0.08091336  0.7842281  -0.31391343 -0.8713459\n -0.40094614 -0.37751803 -0.08754109  0.25549942  0.80513406 -1.106601\n  0.6041817  -0.1997843  -1.5184088  -0.82651865  0.15950093 -0.16039598\n -0.36614892  0.9177172  -1.3875136  -1.5085233  -0.7879938  -0.1383073\n -0.5454805   0.85397494  0.9377911  -0.10173178 -1.1220174   0.9070929\n  0.653496    0.8889165   0.7665489   0.7931752   0.7839416  -0.7298207\n -0.5328071  -0.02056833 -0.16755691 -1.3855789   1.3421624   0.13241214\n  1.2402385   1.8439987   1.5011866   1.4667022   1.4384788 ]",
    "y_pred_proba_cv": null,
    "saved_files": {
      "original_data": "trained_models\\9063132f-77f6-4bff-92d1-075c8280fd57\\cross_validation_data\\9063132f-77f6-4bff-92d1-075c8280fd57_original_data.csv",
      "preprocessed_data": "trained_models\\9063132f-77f6-4bff-92d1-075c8280fd57\\cross_validation_data\\9063132f-77f6-4bff-92d1-075c8280fd57_preprocessed_data.csv",
      "cv_predictions_processed": "trained_models\\9063132f-77f6-4bff-92d1-075c8280fd57\\cross_validation_data\\9063132f-77f6-4bff-92d1-075c8280fd57_cv_predictions_processed.csv",
      "cv_predictions_original": "trained_models\\9063132f-77f6-4bff-92d1-075c8280fd57\\cross_validation_data\\9063132f-77f6-4bff-92d1-075c8280fd57_cv_predictions_original.csv",
      "scatter_plot": "trained_models\\9063132f-77f6-4bff-92d1-075c8280fd57\\cross_validation_data\\9063132f-77f6-4bff-92d1-075c8280fd57_cv_scatter_plot.png"
    },
    "cv_predictions": "{'y_true_processed': array([-1.47028788, -1.81596969, -0.57407578, -0.26680307, -0.34362124,\n       -0.80453032, -1.47028788,  0.3157348 ,  0.09808329,  1.0006969 ,\n        0.00206056, -0.75971972, -0.68290154, -0.60608336, -0.01714398,\n        0.7894469 ,  0.52698479, -1.43187879,  0.83425751, -0.67009851,\n       -1.57911363, -0.8365379 ,  0.59099994, -0.54206821, -0.41403791,\n        1.28876507, -1.78396211, -1.72634848, -0.42043942, -0.22839398,\n       -0.29881064,  0.71262872,  0.93668175,  0.16209844, -0.65729548,\n        0.96868932,  0.96868932,  1.01990144,  0.30933328,  1.42319688,\n        0.84065902, -0.52286366, -0.83013638,  0.01486359,  0.30933328,\n       -1.71994696,  1.20554538,  0.46296964,  1.08391659,  1.78168172,\n        1.78040142,  1.60858476,  1.43715219]), 'y_pred_processed': array([-1.6767994 , -1.7557613 ,  0.27628326,  0.3697275 ,  0.21918279,\n       -0.8674735 , -1.6528214 ,  0.14802323, -0.08091336,  0.7842281 ,\n       -0.31391343, -0.8713459 , -0.40094614, -0.37751803, -0.08754109,\n        0.25549942,  0.80513406, -1.106601  ,  0.6041817 , -0.1997843 ,\n       -1.5184088 , -0.82651865,  0.15950093, -0.16039598, -0.36614892,\n        0.9177172 , -1.3875136 , -1.5085233 , -0.7879938 , -0.1383073 ,\n       -0.5454805 ,  0.85397494,  0.9377911 , -0.10173178, -1.1220174 ,\n        0.9070929 ,  0.653496  ,  0.8889165 ,  0.7665489 ,  0.7931752 ,\n        0.7839416 , -0.7298207 , -0.5328071 , -0.02056833, -0.16755691,\n       -1.3855789 ,  1.3421624 ,  0.13241214,  1.2402385 ,  1.8439987 ,\n        1.5011866 ,  1.4667022 ,  1.4384788 ], dtype=float32), 'y_true_original': array([1.84  , 1.3   , 3.24  , 3.72  , 3.6   , 2.88  , 1.84  , 4.63  ,\n       4.29  , 5.7   , 4.14  , 2.95  , 3.07  , 3.19  , 4.11  , 5.37  ,\n       4.96  , 1.9   , 5.44  , 3.09  , 1.67  , 2.83  , 5.06  , 3.29  ,\n       3.49  , 6.15  , 1.35  , 1.44  , 3.48  , 3.78  , 3.67  , 5.25  ,\n       5.6   , 4.39  , 3.11  , 5.65  , 5.65  , 5.73  , 4.62  , 6.36  ,\n       5.45  , 3.32  , 2.84  , 4.16  , 4.62  , 1.45  , 6.02  , 4.86  ,\n       5.83  , 6.92  , 6.918 , 6.6496, 6.3818]), 'y_pred_original': array([1.517402 , 1.3940533, 4.568372 , 4.7143435, 4.479173 , 2.7816746,\n       1.5548588, 4.368013 , 4.010384 , 5.3618474, 3.6464074, 2.7756255,\n       3.510451 , 3.5470488, 4.0000305, 4.5359044, 5.3945055, 2.4081264,\n       5.0805917, 3.824692 , 1.7648288, 2.8456514, 4.3859425, 3.8862216,\n       3.5648088, 5.570375 , 1.9693042, 1.7802712, 2.9058323, 3.920727 ,\n       3.2846696, 5.4708014, 5.601733 , 3.9778628, 2.384044 , 5.5537786,\n       5.157627 , 5.5253844, 5.3342304, 5.375824 , 5.3614   , 2.9967062,\n       3.304467 , 4.1046505, 3.8750355, 1.9723264, 6.2334137, 4.343626 ,\n       6.0741954, 7.0173473, 6.48183  , 6.427961 , 6.3838725],\n      dtype=float32)}"
  },
  "feature_importance": {
    "SiO2": {
      "weight": 180.0,
      "gain": 0.3715417683124542,
      "cover": 16.438888549804688,
      "sklearn_gain": 0.672784686088562,
      "permutation_mean": 1.1440307485556935,
      "permutation_std": 0.13631474162190985
    },
    "CeO2": {
      "weight": 189.0,
      "gain": 0.027475491166114807,
      "cover": 19.58730125427246,
      "sklearn_gain": 0.04975238814949989,
      "permutation_mean": 0.04490513604607569,
      "permutation_std": 0.008662175373960065
    },
    "lignin": {
      "weight": 164.0,
      "gain": 0.11833489686250687,
      "cover": 19.158536911010742,
      "sklearn_gain": 0.21427983045578003,
      "permutation_mean": 0.25158796227284064,
      "permutation_std": 0.030932138053353736
    },
    "vinyl": {
      "weight": 233.0,
      "gain": 0.0348924845457077,
      "cover": 18.32617950439453,
      "sklearn_gain": 0.0631830170750618,
      "permutation_mean": 0.07036481788330147,
      "permutation_std": 0.006181829835065038
    }
  },
  "recommendations": [
    "✅ Good regression performance (R² > 0.85). Consider fine-tuning hyperparameters for potential improvement.",
    "⏱️ Long training time detected. Consider feature selection or model simplification for faster iterations."
  ],
  "raw_training_results": {
    "model_name": "9063132f-77f6-4bff-92d1-075c8280fd57",
    "model_id": "9063132f-77f6-4bff-92d1-075c8280fd57",
    "task_type": "regression",
    "target_column": "TS-BF",
    "target_name": [
      "TS-BF"
    ],
    "target_dimension": 1,
    "training_time_seconds": 340.536153,
    "data_shape": {
      "n_samples": 53,
      "n_features": 4
    },
    "feature_names": [
      "SiO2",
      "CeO2",
      "lignin",
      "vinyl"
    ],
    "hyperparameters": {
      "n_estimators": 70,
      "max_depth": 8,
      "learning_rate": 0.29283225933783363,
      "subsample": 0.8824879580256776,
      "colsample_bytree": 0.8804650381575039,
      "colsample_bylevel": 0.9862778301767895,
      "reg_alpha": 0.0004686094248233635,
      "reg_lambda": 3.841105485827389e-06,
      "min_child_weight": 2,
      "gamma": 1.1415897581582742e-08
    },
    "performance_metrics": {
      "MAE": {
        "scores": [
          0.2598961012462139,
          0.3001239435076014,
          0.26104334361664333,
          0.23173234467476195,
          0.2225696742681194
        ],
        "mean": 0.25507308146266794,
        "std": 0.027165224806977875,
        "min": 0.2225696742681194,
        "max": 0.3001239435076014
      },
      "MSE": {
        "scores": [
          0.09992655469974081,
          0.12370080740949171,
          0.08729277768898754,
          0.1123714368298249,
          0.07285736893607392
        ],
        "mean": 0.09922978911282378,
        "std": 0.017944447114294545,
        "min": 0.07285736893607392,
        "max": 0.12370080740949171
      },
      "R2": {
        "scores": [
          0.8674912655060578,
          0.8764304535128921,
          0.9257026930614747,
          0.8836142970424097,
          0.9167104458821003
        ],
        "mean": 0.893989831000987,
        "std": 0.022978639544705175,
        "min": 0.8674912655060578,
        "max": 0.9257026930614747
      }
    },
    "cross_validation_results": {
      "test_scores": {
        "MAE": {
          "scores": [
            0.2598961012462139,
            0.3001239435076014,
            0.26104334361664333,
            0.23173234467476195,
            0.2225696742681194
          ],
          "mean": 0.25507308146266794,
          "std": 0.027165224806977875,
          "min": 0.2225696742681194,
          "max": 0.3001239435076014
        },
        "MSE": {
          "scores": [
            0.09992655469974081,
            0.12370080740949171,
            0.08729277768898754,
            0.1123714368298249,
            0.07285736893607392
          ],
          "mean": 0.09922978911282378,
          "std": 0.017944447114294545,
          "min": 0.07285736893607392,
          "max": 0.12370080740949171
        },
        "R2": {
          "scores": [
            0.8674912655060578,
            0.8764304535128921,
            0.9257026930614747,
            0.8836142970424097,
            0.9167104458821003
          ],
          "mean": 0.893989831000987,
          "std": 0.022978639544705175,
          "min": 0.8674912655060578,
          "max": 0.9257026930614747
        }
      },
      "train_scores": {
        "MAE": {
          "scores": [
            0.001910356040249175,
            0.0010310322599922537,
            0.002505792789482419,
            0.002158000191277881,
            0.0006487796527750175
          ],
          "mean": 0.001650792186755349,
          "std": 0.0006991124186611231,
          "min": 0.0006487796527750175,
          "max": 0.002505792789482419
        },
        "MSE": {
          "scores": [
            3.0509253191696513e-05,
            3.6178944966990534e-06,
            4.365423145658292e-05,
            1.7847189154124276e-05,
            7.552492219526895e-07
          ],
          "mean": 1.927676350421109e-05,
          "std": 1.6190862367848917e-05,
          "min": 7.552492219526895e-07,
          "max": 4.365423145658292e-05
        },
        "R2": {
          "scores": [
            0.9999710989444789,
            0.9999963785386792,
            0.9999531441320372,
            0.9999818846924415,
            0.9999992556386248
          ],
          "mean": 0.9999803523892524,
          "std": 1.6984897740134112e-05,
          "min": 0.9999531441320372,
          "max": 0.9999992556386248
        }
      },
      "fit_times": "[1.7025013  2.05912757 1.60903192 1.70456338 1.69944   ]",
      "score_times": "[0.01350451 0.01451564 0.0104425  0.01416659 0.01350427]",
      "timing": {
        "fit_time_mean": 1.7549328327178955,
        "fit_time_std": 0.1563247371905904,
        "score_time_mean": 0.013226699829101563,
        "score_time_std": 0.00144573694130334
      },
      "task_type": "regression",
      "cv_folds": 5,
      "data_shape": [
        53,
        4
      ],
      "y_true": "[-1.47028788 -1.81596969 -0.57407578 -0.26680307 -0.34362124 -0.80453032\n -1.47028788  0.3157348   0.09808329  1.0006969   0.00206056 -0.75971972\n -0.68290154 -0.60608336 -0.01714398  0.7894469   0.52698479 -1.43187879\n  0.83425751 -0.67009851 -1.57911363 -0.8365379   0.59099994 -0.54206821\n -0.41403791  1.28876507 -1.78396211 -1.72634848 -0.42043942 -0.22839398\n -0.29881064  0.71262872  0.93668175  0.16209844 -0.65729548  0.96868932\n  0.96868932  1.01990144  0.30933328  1.42319688  0.84065902 -0.52286366\n -0.83013638  0.01486359  0.30933328 -1.71994696  1.20554538  0.46296964\n  1.08391659  1.78168172  1.78040142  1.60858476  1.43715219]",
      "y_pred_cv": "[-1.6767994  -1.7557613   0.27628326  0.3697275   0.21918279 -0.8674735\n -1.6528214   0.14802323 -0.08091336  0.7842281  -0.31391343 -0.8713459\n -0.40094614 -0.37751803 -0.08754109  0.25549942  0.80513406 -1.106601\n  0.6041817  -0.1997843  -1.5184088  -0.82651865  0.15950093 -0.16039598\n -0.36614892  0.9177172  -1.3875136  -1.5085233  -0.7879938  -0.1383073\n -0.5454805   0.85397494  0.9377911  -0.10173178 -1.1220174   0.9070929\n  0.653496    0.8889165   0.7665489   0.7931752   0.7839416  -0.7298207\n -0.5328071  -0.02056833 -0.16755691 -1.3855789   1.3421624   0.13241214\n  1.2402385   1.8439987   1.5011866   1.4667022   1.4384788 ]",
      "y_pred_proba_cv": null,
      "saved_files": {
        "original_data": "trained_models\\9063132f-77f6-4bff-92d1-075c8280fd57\\cross_validation_data\\9063132f-77f6-4bff-92d1-075c8280fd57_original_data.csv",
        "preprocessed_data": "trained_models\\9063132f-77f6-4bff-92d1-075c8280fd57\\cross_validation_data\\9063132f-77f6-4bff-92d1-075c8280fd57_preprocessed_data.csv",
        "cv_predictions_processed": "trained_models\\9063132f-77f6-4bff-92d1-075c8280fd57\\cross_validation_data\\9063132f-77f6-4bff-92d1-075c8280fd57_cv_predictions_processed.csv",
        "cv_predictions_original": "trained_models\\9063132f-77f6-4bff-92d1-075c8280fd57\\cross_validation_data\\9063132f-77f6-4bff-92d1-075c8280fd57_cv_predictions_original.csv",
        "scatter_plot": "trained_models\\9063132f-77f6-4bff-92d1-075c8280fd57\\cross_validation_data\\9063132f-77f6-4bff-92d1-075c8280fd57_cv_scatter_plot.png"
      },
      "cv_predictions": "{'y_true_processed': array([-1.47028788, -1.81596969, -0.57407578, -0.26680307, -0.34362124,\n       -0.80453032, -1.47028788,  0.3157348 ,  0.09808329,  1.0006969 ,\n        0.00206056, -0.75971972, -0.68290154, -0.60608336, -0.01714398,\n        0.7894469 ,  0.52698479, -1.43187879,  0.83425751, -0.67009851,\n       -1.57911363, -0.8365379 ,  0.59099994, -0.54206821, -0.41403791,\n        1.28876507, -1.78396211, -1.72634848, -0.42043942, -0.22839398,\n       -0.29881064,  0.71262872,  0.93668175,  0.16209844, -0.65729548,\n        0.96868932,  0.96868932,  1.01990144,  0.30933328,  1.42319688,\n        0.84065902, -0.52286366, -0.83013638,  0.01486359,  0.30933328,\n       -1.71994696,  1.20554538,  0.46296964,  1.08391659,  1.78168172,\n        1.78040142,  1.60858476,  1.43715219]), 'y_pred_processed': array([-1.6767994 , -1.7557613 ,  0.27628326,  0.3697275 ,  0.21918279,\n       -0.8674735 , -1.6528214 ,  0.14802323, -0.08091336,  0.7842281 ,\n       -0.31391343, -0.8713459 , -0.40094614, -0.37751803, -0.08754109,\n        0.25549942,  0.80513406, -1.106601  ,  0.6041817 , -0.1997843 ,\n       -1.5184088 , -0.82651865,  0.15950093, -0.16039598, -0.36614892,\n        0.9177172 , -1.3875136 , -1.5085233 , -0.7879938 , -0.1383073 ,\n       -0.5454805 ,  0.85397494,  0.9377911 , -0.10173178, -1.1220174 ,\n        0.9070929 ,  0.653496  ,  0.8889165 ,  0.7665489 ,  0.7931752 ,\n        0.7839416 , -0.7298207 , -0.5328071 , -0.02056833, -0.16755691,\n       -1.3855789 ,  1.3421624 ,  0.13241214,  1.2402385 ,  1.8439987 ,\n        1.5011866 ,  1.4667022 ,  1.4384788 ], dtype=float32), 'y_true_original': array([1.84  , 1.3   , 3.24  , 3.72  , 3.6   , 2.88  , 1.84  , 4.63  ,\n       4.29  , 5.7   , 4.14  , 2.95  , 3.07  , 3.19  , 4.11  , 5.37  ,\n       4.96  , 1.9   , 5.44  , 3.09  , 1.67  , 2.83  , 5.06  , 3.29  ,\n       3.49  , 6.15  , 1.35  , 1.44  , 3.48  , 3.78  , 3.67  , 5.25  ,\n       5.6   , 4.39  , 3.11  , 5.65  , 5.65  , 5.73  , 4.62  , 6.36  ,\n       5.45  , 3.32  , 2.84  , 4.16  , 4.62  , 1.45  , 6.02  , 4.86  ,\n       5.83  , 6.92  , 6.918 , 6.6496, 6.3818]), 'y_pred_original': array([1.517402 , 1.3940533, 4.568372 , 4.7143435, 4.479173 , 2.7816746,\n       1.5548588, 4.368013 , 4.010384 , 5.3618474, 3.6464074, 2.7756255,\n       3.510451 , 3.5470488, 4.0000305, 4.5359044, 5.3945055, 2.4081264,\n       5.0805917, 3.824692 , 1.7648288, 2.8456514, 4.3859425, 3.8862216,\n       3.5648088, 5.570375 , 1.9693042, 1.7802712, 2.9058323, 3.920727 ,\n       3.2846696, 5.4708014, 5.601733 , 3.9778628, 2.384044 , 5.5537786,\n       5.157627 , 5.5253844, 5.3342304, 5.375824 , 5.3614   , 2.9967062,\n       3.304467 , 4.1046505, 3.8750355, 1.9723264, 6.2334137, 4.343626 ,\n       6.0741954, 7.0173473, 6.48183  , 6.427961 , 6.3838725],\n      dtype=float32)}"
    },
    "feature_importance": {
      "SiO2": {
        "weight": 180.0,
        "gain": 0.3715417683124542,
        "cover": 16.438888549804688,
        "sklearn_gain": 0.672784686088562,
        "permutation_mean": 1.1440307485556935,
        "permutation_std": 0.13631474162190985
      },
      "CeO2": {
        "weight": 189.0,
        "gain": 0.027475491166114807,
        "cover": 19.58730125427246,
        "sklearn_gain": 0.04975238814949989,
        "permutation_mean": 0.04490513604607569,
        "permutation_std": 0.008662175373960065
      },
      "lignin": {
        "weight": 164.0,
        "gain": 0.11833489686250687,
        "cover": 19.158536911010742,
        "sklearn_gain": 0.21427983045578003,
        "permutation_mean": 0.25158796227284064,
        "permutation_std": 0.030932138053353736
      },
      "vinyl": {
        "weight": 233.0,
        "gain": 0.0348924845457077,
        "cover": 18.32617950439453,
        "sklearn_gain": 0.0631830170750618,
        "permutation_mean": 0.07036481788330147,
        "permutation_std": 0.006181829835065038
      }
    },
    "model_info": {
      "is_fitted": true,
      "task_type": "regression",
      "n_features": 4,
      "feature_names": [
        "SiO2",
        "CeO2",
        "lignin",
        "vinyl"
      ],
      "model_params": {
        "n_estimators": 70,
        "max_depth": 8,
        "learning_rate": 0.29283225933783363,
        "subsample": 0.8824879580256776,
        "colsample_bytree": 0.8804650381575039,
        "colsample_bylevel": 0.9862778301767895,
        "colsample_bynode": 1.0,
        "reg_alpha": 0.0004686094248233635,
        "reg_lambda": 3.841105485827389e-06,
        "gamma": 1.1415897581582742e-08,
        "min_child_weight": 2,
        "tree_method": "hist",
        "device": "cuda",
        "n_jobs": 1,
        "random_state": 42
      },
      "n_estimators": 70,
      "max_depth": 8,
      "learning_rate": 0.29283225933783363,
      "subsample": 0.8824879580256776,
      "colsample_bytree": 0.8804650381575039,
      "gpu_info": {
        "gpu_available": true,
        "gpu_enabled": true,
        "effective_device": "cuda",
        "tree_method": "hist",
        "using_gpu": true,
        "gpu_name": "NVIDIA GeForce RTX 4060 Laptop GPU",
        "gpu_memory_total_mb": 8188,
        "gpu_memory_used_mb": 2974,
        "gpu_memory_available_mb": 5214
      }
    },
    "optimization_results": {
      "best_params": {
        "n_estimators": 70,
        "max_depth": 8,
        "learning_rate": 0.29283225933783363,
        "subsample": 0.8824879580256776,
        "colsample_bytree": 0.8804650381575039,
        "colsample_bylevel": 0.9862778301767895,
        "reg_alpha": 0.0004686094248233635,
        "reg_lambda": 3.841105485827389e-06,
        "min_child_weight": 2,
        "gamma": 1.1415897581582742e-08
      },
      "best_score": -0.25507308146266794,
      "best_trial_number": 12,
      "n_trials": 50,
      "n_completed_trials": 50,
      "task_type": "regression",
      "sampler_type": "TPE",
      "optimization_history": [
        {
          "trial_number": 0,
          "value": -0.48141756840993616,
          "params": {
            "n_estimators": 90,
            "max_depth": 10,
            "learning_rate": 0.1205712628744377,
            "subsample": 0.8394633936788146,
            "colsample_bytree": 0.6624074561769746,
            "colsample_bylevel": 0.662397808134481,
            "reg_alpha": 3.3323645788192616e-08,
            "reg_lambda": 0.6245760287469893,
            "min_child_weight": 7,
            "gamma": 0.023585940584142682
          },
          "state": "COMPLETE",
          "datetime": "2025-07-06T00:36:21.898032",
          "duration": 1.089227
        },
        {
          "trial_number": 1,
          "value": -0.43509269639587506,
          "params": {
            "n_estimators": 50,
            "max_depth": 10,
            "learning_rate": 0.16967533607196555,
            "subsample": 0.6849356442713105,
            "colsample_bytree": 0.6727299868828402,
            "colsample_bylevel": 0.6733618039413735,
            "reg_alpha": 5.472429642032198e-06,
            "reg_lambda": 0.00052821153945323,
            "min_child_weight": 5,
            "gamma": 4.17890272377219e-06
          },
          "state": "COMPLETE",
          "datetime": "2025-07-06T00:36:22.989259",
          "duration": 0.788525
        },
        {
          "trial_number": 2,
          "value": -0.4928455934805136,
          "params": {
            "n_estimators": 110,
            "max_depth": 2,
            "learning_rate": 0.027010527749605478,
            "subsample": 0.7465447373174767,
            "colsample_bytree": 0.7824279936868144,
            "colsample_bylevel": 0.9140703845572055,
            "reg_alpha": 6.267062696005991e-07,
            "reg_lambda": 0.00042472707398058225,
            "min_child_weight": 6,
            "gamma": 2.6185068507773707e-08
          },
          "state": "COMPLETE",
          "datetime": "2025-07-06T00:36:23.778784",
          "duration": 1.257603
        },
        {
          "trial_number": 3,
          "value": -0.6048798409290116,
          "params": {
            "n_estimators": 110,
            "max_depth": 2,
            "learning_rate": 0.012476394272569451,
            "subsample": 0.9795542149013333,
            "colsample_bytree": 0.9862528132298237,
            "colsample_bylevel": 0.9233589392465844,
            "reg_alpha": 5.514725787121931e-06,
            "reg_lambda": 7.569183361880229e-08,
            "min_child_weight": 7,
            "gamma": 9.148975058772307e-05
          },
          "state": "COMPLETE",
          "datetime": "2025-07-06T00:36:25.039387",
          "duration": 1.956548
        },
        {
          "trial_number": 4,
          "value": -0.7378546993682747,
          "params": {
            "n_estimators": 60,
            "max_depth": 5,
            "learning_rate": 0.011240768803005551,
            "subsample": 0.9637281608315128,
            "colsample_bytree": 0.7035119926400067,
            "colsample_bylevel": 0.8650089137415928,
            "reg_alpha": 6.388511557344611e-06,
            "reg_lambda": 0.0004793052550782129,
            "min_child_weight": 6,
            "gamma": 4.609885087947832e-07
          },
          "state": "COMPLETE",
          "datetime": "2025-07-06T00:36:26.997312",
          "duration": 0.746209
        },
        {
          "trial_number": 5,
          "value": -0.27702913959429776,
          "params": {
            "n_estimators": 150,
            "max_depth": 8,
            "learning_rate": 0.24420460844911424,
            "subsample": 0.9579309401710595,
            "colsample_bytree": 0.8391599915244341,
            "colsample_bylevel": 0.9687496940092467,
            "reg_alpha": 6.257956190096665e-08,
            "reg_lambda": 5.805581976088804e-07,
            "min_child_weight": 1,
            "gamma": 8.471746987003668e-06
          },
          "state": "COMPLETE",
          "datetime": "2025-07-06T00:36:27.745521",
          "duration": 1.321087
        },
        {
          "trial_number": 6,
          "value": -0.5677761321733791,
          "params": {
            "n_estimators": 90,
            "max_depth": 3,
            "learning_rate": 0.16755052359850303,
            "subsample": 0.7427013306774357,
            "colsample_bytree": 0.7123738038749523,
            "colsample_bylevel": 0.8170784332632994,
            "reg_alpha": 1.8548894229694903e-07,
            "reg_lambda": 0.16587190283399655,
            "min_child_weight": 1,
            "gamma": 7.620481786158549
          },
          "state": "COMPLETE",
          "datetime": "2025-07-06T00:36:29.068611",
          "duration": 0.798819
        },
        {
          "trial_number": 7,
          "value": -0.516096997112103,
          "params": {
            "n_estimators": 130,
            "max_depth": 2,
            "learning_rate": 0.010189592979395137,
            "subsample": 0.9261845713819337,
            "colsample_bytree": 0.8827429375390468,
            "colsample_bylevel": 0.8916028672163949,
            "reg_alpha": 0.08738424135626986,
            "reg_lambda": 4.638759594322625e-08,
            "min_child_weight": 4,
            "gamma": 1.1036250149900698e-07
          },
          "state": "COMPLETE",
          "datetime": "2025-07-06T00:36:29.868428",
          "duration": 1.839837
        },
        {
          "trial_number": 8,
          "value": -0.6084746669606537,
          "params": {
            "n_estimators": 140,
            "max_depth": 7,
            "learning_rate": 0.030816017044468066,
            "subsample": 0.6254233401144095,
            "colsample_bytree": 0.7243929286862649,
            "colsample_bylevel": 0.7300733288106989,
            "reg_alpha": 0.036851536911881845,
            "reg_lambda": 0.005470376807480391,
            "min_child_weight": 9,
            "gamma": 0.0001778010520878397
          },
          "state": "COMPLETE",
          "datetime": "2025-07-06T00:36:31.709266",
          "duration": 1.631397
        },
        {
          "trial_number": 9,
          "value": -0.29731835506574933,
          "params": {
            "n_estimators": 60,
            "max_depth": 8,
            "learning_rate": 0.13297554090738672,
            "subsample": 0.8245108790277985,
            "colsample_bytree": 0.9083868719818244,
            "colsample_bylevel": 0.7975182385457563,
            "reg_alpha": 0.0005065186776865479,
            "reg_lambda": 7.04480806377519e-05,
            "min_child_weight": 1,
            "gamma": 9.354548757337708e-08
          },
          "state": "COMPLETE",
          "datetime": "2025-07-06T00:36:33.343739",
          "duration": 4.104689
        },
        {
          "trial_number": 10,
          "value": -0.42323347948357615,
          "params": {
            "n_estimators": 150,
            "max_depth": 5,
            "learning_rate": 0.2704729722717779,
            "subsample": 0.8866896138540137,
            "colsample_bytree": 0.848068981182222,
            "colsample_bylevel": 0.9630659181130071,
            "reg_alpha": 4.3444691085504505,
            "reg_lambda": 3.678908815130513e-06,
            "min_child_weight": 3,
            "gamma": 0.021346533494448247
          },
          "state": "COMPLETE",
          "datetime": "2025-07-06T00:36:37.450428",
          "duration": 1.917816
        },
        {
          "trial_number": 11,
          "value": -0.31069574571367375,
          "params": {
            "n_estimators": 80,
            "max_depth": 8,
            "learning_rate": 0.08240472437384992,
            "subsample": 0.8368507714294098,
            "colsample_bytree": 0.939930449168694,
            "colsample_bylevel": 0.744858923335037,
            "reg_alpha": 0.000599958321451196,
            "reg_lambda": 1.7912366914369137e-06,
            "min_child_weight": 1,
            "gamma": 4.805653261658784e-06
          },
          "state": "COMPLETE",
          "datetime": "2025-07-06T00:36:39.370746",
          "duration": 3.095251
        },
        {
          "trial_number": 12,
          "value": -0.25507308146266794,
          "params": {
            "n_estimators": 70,
            "max_depth": 8,
            "learning_rate": 0.29283225933783363,
            "subsample": 0.8824879580256776,
            "colsample_bytree": 0.8804650381575039,
            "colsample_bylevel": 0.9862778301767895,
            "reg_alpha": 0.0004686094248233635,
            "reg_lambda": 3.841105485827389e-06,
            "min_child_weight": 2,
            "gamma": 1.1415897581582742e-08
          },
          "state": "COMPLETE",
          "datetime": "2025-07-06T00:36:42.468997",
          "duration": 1.95017
        },
        {
          "trial_number": 13,
          "value": -0.2928332495671043,
          "params": {
            "n_estimators": 120,
            "max_depth": 7,
            "learning_rate": 0.2582165735434375,
            "subsample": 0.9010465186147784,
            "colsample_bytree": 0.8047306271412387,
            "colsample_bylevel": 0.9995366765695372,
            "reg_alpha": 0.021377540635575048,
            "reg_lambda": 5.38290491006254e-06,
            "min_child_weight": 3,
            "gamma": 1.044919617239491e-08
          },
          "state": "COMPLETE",
          "datetime": "2025-07-06T00:36:44.421819",
          "duration": 10.797381
        },
        {
          "trial_number": 14,
          "value": -0.30331589774013096,
          "params": {
            "n_estimators": 70,
            "max_depth": 9,
            "learning_rate": 0.06689802001564377,
            "subsample": 0.9936333960689314,
            "colsample_bytree": 0.8274507788007739,
            "colsample_bylevel": 0.9944352943282316,
            "reg_alpha": 7.590806034573108e-05,
            "reg_lambda": 1.0786094641337822e-08,
            "min_child_weight": 3,
            "gamma": 4.4750172779400975e-06
          },
          "state": "COMPLETE",
          "datetime": "2025-07-06T00:36:55.220764",
          "duration": 7.269885
        },
        {
          "trial_number": 15,
          "value": -0.4408209246209047,
          "params": {
            "n_estimators": 150,
            "max_depth": 6,
            "learning_rate": 0.29867164464923335,
            "subsample": 0.9149411693755961,
            "colsample_bytree": 0.6018960478612356,
            "colsample_bylevel": 0.6083654265933616,
            "reg_alpha": 1.1509776526304605e-08,
            "reg_lambda": 2.468984905139203e-07,
            "min_child_weight": 2,
            "gamma": 0.0015579107174789602
          },
          "state": "COMPLETE",
          "datetime": "2025-07-06T00:37:02.492657",
          "duration": 6.763987
        },
        {
          "trial_number": 16,
          "value": -0.5956559517915889,
          "params": {
            "n_estimators": 100,
            "max_depth": 8,
            "learning_rate": 0.033836536873135634,
            "subsample": 0.8679083694332411,
            "colsample_bytree": 0.7689471615972304,
            "colsample_bylevel": 0.9529919904337075,
            "reg_alpha": 0.004057238974138745,
            "reg_lambda": 2.191609366622619e-05,
            "min_child_weight": 10,
            "gamma": 1.013120760415156e-06
          },
          "state": "COMPLETE",
          "datetime": "2025-07-06T00:37:09.258130",
          "duration": 3.61751
        },
        {
          "trial_number": 17,
          "value": -0.2955642881434895,
          "params": {
            "n_estimators": 80,
            "max_depth": 4,
            "learning_rate": 0.19558986295656192,
            "subsample": 0.7737058036052978,
            "colsample_bytree": 0.8645363058627105,
            "colsample_bylevel": 0.8679329266895621,
            "reg_alpha": 2.5478709743772352e-05,
            "reg_lambda": 3.4209876534185466e-07,
            "min_child_weight": 2,
            "gamma": 5.860455063933927e-05
          },
          "state": "COMPLETE",
          "datetime": "2025-07-06T00:37:12.877642",
          "duration": 5.986707
        },
        {
          "trial_number": 18,
          "value": -0.3242646236007582,
          "params": {
            "n_estimators": 130,
            "max_depth": 9,
            "learning_rate": 0.11754105023983602,
            "subsample": 0.9391174135347513,
            "colsample_bytree": 0.9433652849644489,
            "colsample_bylevel": 0.8388049554799257,
            "reg_alpha": 1.0773038140499753,
            "reg_lambda": 0.01049776052772474,
            "min_child_weight": 4,
            "gamma": 0.0026235397085486853
          },
          "state": "COMPLETE",
          "datetime": "2025-07-06T00:37:18.865354",
          "duration": 6.232452
        },
        {
          "trial_number": 19,
          "value": -0.41264189087730524,
          "params": {
            "n_estimators": 50,
            "max_depth": 6,
            "learning_rate": 0.08596104196746751,
            "subsample": 0.9480923804617473,
            "colsample_bytree": 0.9986340511284371,
            "colsample_bylevel": 0.9485534957490616,
            "reg_alpha": 3.885396727420375e-07,
            "reg_lambda": 6.7891871542277356,
            "min_child_weight": 2,
            "gamma": 0.66248266359638
          },
          "state": "COMPLETE",
          "datetime": "2025-07-06T00:37:25.098805",
          "duration": 2.868152
        },
        {
          "trial_number": 20,
          "value": -0.34900966829929525,
          "params": {
            "n_estimators": 70,
            "max_depth": 7,
            "learning_rate": 0.04808494364207103,
            "subsample": 0.8621303373692137,
            "colsample_bytree": 0.9153869705919006,
            "colsample_bylevel": 0.7817505252292422,
            "reg_alpha": 0.0038538386812793793,
            "reg_lambda": 3.412129264108297e-05,
            "min_child_weight": 4,
            "gamma": 3.476167117477983e-05
          },
          "state": "COMPLETE",
          "datetime": "2025-07-06T00:37:27.970592",
          "duration": 5.202388
        },
        {
          "trial_number": 21,
          "value": -0.3022949050362594,
          "params": {
            "n_estimators": 120,
            "max_depth": 7,
            "learning_rate": 0.23001488801078895,
            "subsample": 0.9044637177831504,
            "colsample_bytree": 0.8040271970356441,
            "colsample_bylevel": 0.9989879313923894,
            "reg_alpha": 0.07309028411568086,
            "reg_lambda": 2.792337376497862e-06,
            "min_child_weight": 3,
            "gamma": 1.2267587917659956e-08
          },
          "state": "COMPLETE",
          "datetime": "2025-07-06T00:37:33.174985",
          "duration": 9.689874
        },
        {
          "trial_number": 22,
          "value": -0.2554642693036739,
          "params": {
            "n_estimators": 130,
            "max_depth": 9,
            "learning_rate": 0.2986635735738431,
            "subsample": 0.8900646198797657,
            "colsample_bytree": 0.8196151699965492,
            "colsample_bylevel": 0.9784976154738502,
            "reg_alpha": 0.00650782184057427,
            "reg_lambda": 6.2442055464911875e-06,
            "min_child_weight": 2,
            "gamma": 1.4243954575500355e-07
          },
          "state": "COMPLETE",
          "datetime": "2025-07-06T00:37:42.865861",
          "duration": 2.029198
        },
        {
          "trial_number": 23,
          "value": -0.6369686672503689,
          "params": {
            "n_estimators": 140,
            "max_depth": 9,
            "learning_rate": 0.20176589699736164,
            "subsample": 0.9941779116572428,
            "colsample_bytree": 0.7472398161137841,
            "colsample_bylevel": 0.960860905766988,
            "reg_alpha": 0.00014137662762463542,
            "reg_lambda": 8.745873343104937e-07,
            "min_child_weight": 1,
            "gamma": 2.334581490904668e-07
          },
          "state": "COMPLETE",
          "datetime": "2025-07-06T00:37:44.896059",
          "duration": 2.875461
        },
        {
          "trial_number": 24,
          "value": -0.2839152026342741,
          "params": {
            "n_estimators": 140,
            "max_depth": 10,
            "learning_rate": 0.14154130820130015,
            "subsample": 0.8025050734340542,
            "colsample_bytree": 0.8254812419198323,
            "colsample_bylevel": 0.9189487897686043,
            "reg_alpha": 0.002128503639305541,
            "reg_lambda": 1.4101031189449941e-05,
            "min_child_weight": 2,
            "gamma": 1.2343665409672205e-06
          },
          "state": "COMPLETE",
          "datetime": "2025-07-06T00:37:47.773520",
          "duration": 16.066023
        },
        {
          "trial_number": 25,
          "value": -0.28836058155965916,
          "params": {
            "n_estimators": 150,
            "max_depth": 9,
            "learning_rate": 0.22812201707227933,
            "subsample": 0.8797542623289566,
            "colsample_bytree": 0.880806980951375,
            "colsample_bylevel": 0.963001638264358,
            "reg_alpha": 0.3128660200488964,
            "reg_lambda": 0.00011879560621221528,
            "min_child_weight": 2,
            "gamma": 5.090850119300536e-08
          },
          "state": "COMPLETE",
          "datetime": "2025-07-06T00:38:03.841561",
          "duration": 9.15723
        },
        {
          "trial_number": 26,
          "value": -0.393695052601106,
          "params": {
            "n_estimators": 130,
            "max_depth": 8,
            "learning_rate": 0.2852799858240089,
            "subsample": 0.9374933323199344,
            "colsample_bytree": 0.8339967349728012,
            "colsample_bylevel": 0.8767023760482646,
            "reg_alpha": 0.013387102948556917,
            "reg_lambda": 3.2677834676032277e-07,
            "min_child_weight": 5,
            "gamma": 1.5541732350083323e-05
          },
          "state": "COMPLETE",
          "datetime": "2025-07-06T00:38:13.000372",
          "duration": 5.07018
        },
        {
          "trial_number": 27,
          "value": -0.29794990911647756,
          "params": {
            "n_estimators": 120,
            "max_depth": 6,
            "learning_rate": 0.10729853154218477,
            "subsample": 0.9622318084801265,
            "colsample_bytree": 0.9019960238429653,
            "colsample_bylevel": 0.9337444396535288,
            "reg_alpha": 2.84326667140209e-05,
            "reg_lambda": 1.7034816479353823e-08,
            "min_child_weight": 1,
            "gamma": 5.778664391490182e-07
          },
          "state": "COMPLETE",
          "datetime": "2025-07-06T00:38:18.072062",
          "duration": 10.262913
        },
        {
          "trial_number": 28,
          "value": -0.28490441629104835,
          "params": {
            "n_estimators": 100,
            "max_depth": 9,
            "learning_rate": 0.16861181851192983,
            "subsample": 0.8542252330177411,
            "colsample_bytree": 0.8599461245281069,
            "colsample_bylevel": 0.8961682047471182,
            "reg_alpha": 0.0011489789198387433,
            "reg_lambda": 0.00422918163231331,
            "min_child_weight": 3,
            "gamma": 5.91963060509713e-08
          },
          "state": "COMPLETE",
          "datetime": "2025-07-06T00:38:28.335975",
          "duration": 8.113296
        },
        {
          "trial_number": 29,
          "value": -0.5807189978730886,
          "params": {
            "n_estimators": 140,
            "max_depth": 10,
            "learning_rate": 0.02024159254451827,
            "subsample": 0.8255192078926589,
            "colsample_bytree": 0.9528553170349168,
            "colsample_bylevel": 0.9665243366007973,
            "reg_alpha": 0.00017403592947529364,
            "reg_lambda": 9.886129450721135e-06,
            "min_child_weight": 8,
            "gamma": 1.0831831651659262e-05
          },
          "state": "COMPLETE",
          "datetime": "2025-07-06T00:38:36.450271",
          "duration": 5.454152
        },
        {
          "trial_number": 30,
          "value": -0.315524163753905,
          "params": {
            "n_estimators": 90,
            "max_depth": 8,
            "learning_rate": 0.21626574288919537,
            "subsample": 0.8008184231590747,
            "colsample_bytree": 0.7889405456815862,
            "colsample_bylevel": 0.9787352171045289,
            "reg_alpha": 1.084370383390853e-07,
            "reg_lambda": 1.0690479459005652e-07,
            "min_child_weight": 4,
            "gamma": 2.512672231295339e-07
          },
          "state": "COMPLETE",
          "datetime": "2025-07-06T00:38:41.905419",
          "duration": 4.973608
        },
        {
          "trial_number": 31,
          "value": -0.294268641612621,
          "params": {
            "n_estimators": 140,
            "max_depth": 10,
            "learning_rate": 0.13799483776171612,
            "subsample": 0.7945198653651298,
            "colsample_bytree": 0.8146083286673107,
            "colsample_bylevel": 0.9253069407634015,
            "reg_alpha": 0.0028416836798144953,
            "reg_lambda": 1.2418989777361383e-05,
            "min_child_weight": 2,
            "gamma": 1.903332766083247e-06
          },
          "state": "COMPLETE",
          "datetime": "2025-07-06T00:38:46.879027",
          "duration": 14.892126
        },
        {
          "trial_number": 32,
          "value": -0.3274746392138581,
          "params": {
            "n_estimators": 150,
            "max_depth": 10,
            "learning_rate": 0.15535528160648931,
            "subsample": 0.6930600865237524,
            "colsample_bytree": 0.756839649744743,
            "colsample_bylevel": 0.9121661560851844,
            "reg_alpha": 0.0016185486645053716,
            "reg_lambda": 8.944197504218338e-07,
            "min_child_weight": 2,
            "gamma": 8.987191561608831e-07
          },
          "state": "COMPLETE",
          "datetime": "2025-07-06T00:39:01.773149",
          "duration": 15.895155
        },
        {
          "trial_number": 33,
          "value": -0.317054597375673,
          "params": {
            "n_estimators": 130,
            "max_depth": 10,
            "learning_rate": 0.19180106405645045,
            "subsample": 0.7552831756495116,
            "colsample_bytree": 0.8400887462459807,
            "colsample_bylevel": 0.9390998939153486,
            "reg_alpha": 0.013056355071317307,
            "reg_lambda": 9.472355117606541e-05,
            "min_child_weight": 1,
            "gamma": 3.273327672605057e-08
          },
          "state": "COMPLETE",
          "datetime": "2025-07-06T00:39:17.670305",
          "duration": 11.745175
        },
        {
          "trial_number": 34,
          "value": -0.3509359879140278,
          "params": {
            "n_estimators": 110,
            "max_depth": 9,
            "learning_rate": 0.29894193781307155,
            "subsample": 0.7091920913592905,
            "colsample_bytree": 0.8786885152811454,
            "colsample_bylevel": 0.9822350542441558,
            "reg_alpha": 2.718086735359048e-06,
            "reg_lambda": 0.001123957823504094,
            "min_child_weight": 5,
            "gamma": 2.125740087368727e-06
          },
          "state": "COMPLETE",
          "datetime": "2025-07-06T00:39:29.417480",
          "duration": 4.105914
        },
        {
          "trial_number": 35,
          "value": -0.3609605360647504,
          "params": {
            "n_estimators": 140,
            "max_depth": 1,
            "learning_rate": 0.10705604641960768,
            "subsample": 0.8941974924388315,
            "colsample_bytree": 0.8216196934878865,
            "colsample_bylevel": 0.9046577300751978,
            "reg_alpha": 3.190658942466181e-05,
            "reg_lambda": 1.0614114465610587e-06,
            "min_child_weight": 2,
            "gamma": 2.1503322456633037e-07
          },
          "state": "COMPLETE",
          "datetime": "2025-07-06T00:39:33.525394",
          "duration": 3.769683
        },
        {
          "trial_number": 36,
          "value": -0.4244725632806226,
          "params": {
            "n_estimators": 110,
            "max_depth": 10,
            "learning_rate": 0.14528248737945984,
            "subsample": 0.8021564451759415,
            "colsample_bytree": 0.782181640404269,
            "colsample_bylevel": 0.850713421346124,
            "reg_alpha": 1.9511342164195548e-06,
            "reg_lambda": 0.0002304261683319055,
            "min_child_weight": 7,
            "gamma": 0.0010039793112901869
          },
          "state": "COMPLETE",
          "datetime": "2025-07-06T00:39:37.296077",
          "duration": 3.698042
        },
        {
          "trial_number": 37,
          "value": -0.28989311343432866,
          "params": {
            "n_estimators": 150,
            "max_depth": 8,
            "learning_rate": 0.2400262464873642,
            "subsample": 0.9678352189760949,
            "colsample_bytree": 0.8516186540812085,
            "colsample_bylevel": 0.9335063230075777,
            "reg_alpha": 0.16401856856971533,
            "reg_lambda": 3.013569597329582e-05,
            "min_child_weight": 3,
            "gamma": 1.3131287339145262e-05
          },
          "state": "COMPLETE",
          "datetime": "2025-07-06T00:39:40.995118",
          "duration": 8.574137
        },
        {
          "trial_number": 38,
          "value": -0.4118001241332069,
          "params": {
            "n_estimators": 130,
            "max_depth": 9,
            "learning_rate": 0.18669565156130227,
            "subsample": 0.6465255811631712,
            "colsample_bytree": 0.7302840248613417,
            "colsample_bylevel": 0.979027952394983,
            "reg_alpha": 0.007525077301114445,
            "reg_lambda": 4.616926212585117e-08,
            "min_child_weight": 6,
            "gamma": 3.6705767455022387e-08
          },
          "state": "COMPLETE",
          "datetime": "2025-07-06T00:39:49.570255",
          "duration": 4.432721
        },
        {
          "trial_number": 39,
          "value": -0.2888903146432235,
          "params": {
            "n_estimators": 120,
            "max_depth": 7,
            "learning_rate": 0.05334988198425112,
            "subsample": 0.9185344655188896,
            "colsample_bytree": 0.8966014883416806,
            "colsample_bylevel": 0.8866743432540275,
            "reg_alpha": 0.0005076196708059149,
            "reg_lambda": 4.675453496019279e-06,
            "min_child_weight": 1,
            "gamma": 0.0003429273672939734
          },
          "state": "COMPLETE",
          "datetime": "2025-07-06T00:39:54.003975",
          "duration": 12.371956
        },
        {
          "trial_number": 40,
          "value": -0.42244804857133883,
          "params": {
            "n_estimators": 50,
            "max_depth": 4,
            "learning_rate": 0.168567234832283,
            "subsample": 0.8446277958485873,
            "colsample_bytree": 0.6769676199265374,
            "colsample_bylevel": 0.6754404060605259,
            "reg_alpha": 5.2350564752997e-08,
            "reg_lambda": 0.00084014623172923,
            "min_child_weight": 4,
            "gamma": 1.69896170971806e-07
          },
          "state": "COMPLETE",
          "datetime": "2025-07-06T00:40:06.377932",
          "duration": 2.841168
        },
        {
          "trial_number": 41,
          "value": -0.30419568251707296,
          "params": {
            "n_estimators": 100,
            "max_depth": 9,
            "learning_rate": 0.24959941092472543,
            "subsample": 0.8658422123064136,
            "colsample_bytree": 0.8653670933226423,
            "colsample_bylevel": 0.9009160207388993,
            "reg_alpha": 0.001293084644931228,
            "reg_lambda": 0.05632294909199755,
            "min_child_weight": 3,
            "gamma": 7.340599751474242e-08
          },
          "state": "COMPLETE",
          "datetime": "2025-07-06T00:40:09.220608",
          "duration": 7.457348
        },
        {
          "trial_number": 42,
          "value": -0.2653681992140316,
          "params": {
            "n_estimators": 100,
            "max_depth": 9,
            "learning_rate": 0.16671139150431205,
            "subsample": 0.8513550228738302,
            "colsample_bytree": 0.8625058417469134,
            "colsample_bylevel": 0.9219125526727143,
            "reg_alpha": 0.0008948140856181888,
            "reg_lambda": 0.014795996180882336,
            "min_child_weight": 2,
            "gamma": 1.988356282679214e-08
          },
          "state": "COMPLETE",
          "datetime": "2025-07-06T00:40:16.678956",
          "duration": 11.702601
        },
        {
          "trial_number": 43,
          "value": -0.3262754862824375,
          "params": {
            "n_estimators": 90,
            "max_depth": 10,
            "learning_rate": 0.2234470738487156,
            "subsample": 0.7773926394505811,
            "colsample_bytree": 0.9264672523283267,
            "colsample_bylevel": 0.9199356360291906,
            "reg_alpha": 0.0001970904988568225,
            "reg_lambda": 0.509211473313524,
            "min_child_weight": 1,
            "gamma": 2.1146226967944044e-08
          },
          "state": "COMPLETE",
          "datetime": "2025-07-06T00:40:28.382558",
          "duration": 10.085912
        },
        {
          "trial_number": 44,
          "value": -0.3071369885863115,
          "params": {
            "n_estimators": 80,
            "max_depth": 8,
            "learning_rate": 0.08494919838753305,
            "subsample": 0.8205222971194175,
            "colsample_bytree": 0.8435812686176724,
            "colsample_bylevel": 0.9494801998102045,
            "reg_alpha": 0.04754194194364498,
            "reg_lambda": 1.161885819948946e-05,
            "min_child_weight": 2,
            "gamma": 3.9446743901468944e-07
          },
          "state": "COMPLETE",
          "datetime": "2025-07-06T00:40:38.470471",
          "duration": 8.893191
        },
        {
          "trial_number": 45,
          "value": -0.376389216900355,
          "params": {
            "n_estimators": 60,
            "max_depth": 10,
            "learning_rate": 0.2533052760281409,
            "subsample": 0.8770267861119762,
            "colsample_bytree": 0.7930487402929296,
            "colsample_bylevel": 0.9729301903060513,
            "reg_alpha": 5.5648458323521116e-05,
            "reg_lambda": 0.0414021054839521,
            "min_child_weight": 1,
            "gamma": 1.109159800343045e-08
          },
          "state": "COMPLETE",
          "datetime": "2025-07-06T00:40:47.365659",
          "duration": 6.787574
        },
        {
          "trial_number": 46,
          "value": -0.33438384944787003,
          "params": {
            "n_estimators": 110,
            "max_depth": 8,
            "learning_rate": 0.1377559903933344,
            "subsample": 0.7299571346245286,
            "colsample_bytree": 0.8173638013273287,
            "colsample_bylevel": 0.8205459642997539,
            "reg_alpha": 1.4179644595853917e-05,
            "reg_lambda": 0.0019386126480229163,
            "min_child_weight": 2,
            "gamma": 2.5495421439996124e-06
          },
          "state": "COMPLETE",
          "datetime": "2025-07-06T00:40:54.155231",
          "duration": 12.895031
        },
        {
          "trial_number": 47,
          "value": -0.5156215144608691,
          "params": {
            "n_estimators": 70,
            "max_depth": 9,
            "learning_rate": 0.014596202492607022,
            "subsample": 0.8324037597143256,
            "colsample_bytree": 0.8840435534277039,
            "colsample_bylevel": 0.9890909493119353,
            "reg_alpha": 0.00036269523637616187,
            "reg_lambda": 1.70064287342388e-06,
            "min_child_weight": 3,
            "gamma": 1.1297140789038466e-07
          },
          "state": "COMPLETE",
          "datetime": "2025-07-06T00:41:07.051762",
          "duration": 7.166674
        },
        {
          "trial_number": 48,
          "value": -0.29825291115243086,
          "params": {
            "n_estimators": 140,
            "max_depth": 7,
            "learning_rate": 0.18261277374427268,
            "subsample": 0.9042669214193774,
            "colsample_bytree": 0.8701414647729029,
            "colsample_bylevel": 0.9429948395817925,
            "reg_alpha": 0.005579830840682437,
            "reg_lambda": 0.0003412067213108433,
            "min_child_weight": 1,
            "gamma": 8.312548006248578e-07
          },
          "state": "COMPLETE",
          "datetime": "2025-07-06T00:41:14.219940",
          "duration": 10.330562
        },
        {
          "trial_number": 49,
          "value": -0.3054079195636087,
          "params": {
            "n_estimators": 150,
            "max_depth": 8,
            "learning_rate": 0.0997193036914237,
            "subsample": 0.8457854121825664,
            "colsample_bytree": 0.9646132929413921,
            "colsample_bylevel": 0.8541689965270566,
            "reg_alpha": 0.031101842604739895,
            "reg_lambda": 5.060391812088096e-05,
            "min_child_weight": 2,
            "gamma": 2.3193096515555165e-08
          },
          "state": "COMPLETE",
          "datetime": "2025-07-06T00:41:24.551504",
          "duration": 16.257579
        }
      ],
      "best_cv_scores": [
        -0.2598961012462139,
        -0.3001239435076014,
        -0.26104334361664333,
        -0.23173234467476195,
        -0.2225696742681194
      ],
      "best_cv_std": 0.027165224806977875
    },
    "training_completed_at": "2025-07-06T00:42:02.143425",
    "preprocessing_applied": true,
    "preprocessing_pipeline_path": "trained_models\\9063132f-77f6-4bff-92d1-075c8280fd57\\preprocessing_pipeline.pkl",
    "scaling_method": "standard",
    "label_mapping": null,
    "tool_input_details": {
      "data_source": "D:\\TS-BF.xls",
      "optimize_hyperparameters": true,
      "n_trials": 50,
      "cv_folds": 5,
      "optimization_algorithm": "TPE",
      "scoring_metric": "neg_mean_absolute_error",
      "validate_data": true,
      "save_model": true,
      "apply_preprocessing": true,
      "scaling_method": "standard",
      "task_type": "regression",
      "additional_model_params": {
        "xgboost_params": {}
      },
      "base_model_params": {
        "random_state": 42,
        "n_jobs": -1
      }
    },
    "preprocessing_details": {
      "applied": true,
      "target_preprocessing_applied": true,
      "scaling_method": "standard",
      "scaling_method_description": "StandardScaler (mean=0, std=1)",
      "pipeline_saved": true,
      "pipeline_components": {
        "numerical_imputer": true,
        "categorical_one_hot_encoder": true,
        "categorical_label_encoder": true,
        "feature_scaler": true,
        "target_scaler": true
      },
      "original_feature_count": 4,
      "processed_feature_count": 4,
      "preprocessing_info": {
        "is_fitted": true,
        "target_is_fitted": true,
        "config": {
          "numerical_features": [
            "SiO2",
            "CeO2",
            "lignin",
            "vinyl"
          ],
          "categorical_features": [],
          "scaling_method": "standard",
          "impute_missing": true,
          "use_one_hot": false,
          "target_task_type": "regression",
          "target_scaling_method": "standard",
          "target_names": [
            "target"
          ],
          "target_shape": [
            53
          ]
        },
        "feature_names_in": [
          "SiO2",
          "CeO2",
          "lignin",
          "vinyl"
        ],
        "feature_names_out": [
          "SiO2",
          "CeO2",
          "lignin",
          "vinyl"
        ],
        "target_names": [
          "target"
        ],
        "input_feature_count": 4,
        "output_feature_count": 4,
        "preprocessing_steps": [
          {
            "transformer_name": "numerical",
            "columns": [
              "SiO2",
              "CeO2",
              "lignin",
              "vinyl"
            ],
            "column_count": 4,
            "scaling_method": "standard"
          }
        ]
      }
    },
    "model_directory": "trained_models\\9063132f-77f6-4bff-92d1-075c8280fd57"
  }
}