{
  "model_id": "ab9c58d3-1a5a-413b-ab98-f2253d6dac13",
  "task_type": "regression",
  "is_batch": false,
  "predictions": 1.0485961437225342,
  "raw_predictions": 97.39237213134766,
  "confidence_scores": [
    0.9994174242019653
  ],
  "label_mapping": null,
  "error_occurred": false,
  "error_message": null,
  "prediction_id": "ab6fbb92-8518-4759-808c-14b07ae934f3",
  "prediction_metadata": {
    "prediction_timestamp": "2025-07-03T13:23:50.973032",
    "feature_names": [
      "layer_thickness",
      "hatch_distance",
      "laser_power",
      "laser_velocity"
    ],
    "feature_values": [
      [
        -0.7923157956280295,
        1.6103631919601444,
        0.019436953831012495,
        -1.6464628569732045
      ]
    ],
    "num_samples": 1,
    "prediction_time_seconds": 0.196019,
    "tool_input_details": {
      "model_id": "ab9c58d3-1a5a-413b-ab98-f2253d6dac13",
      "feature_values": [
        35.0,
        80.0,
        130.0,
        800.0
      ],
      "feature_names": null,
      "include_confidence": true,
      "save_intermediate_files": true,
      "generate_report": true,
      "output_path": null
    }
  },
  "saved_files": {
    "original_data": "trained_models\\ab9c58d3-1a5a-413b-ab98-f2253d6dac13\\predictions\\ab6fbb92-8518-4759-808c-14b07ae934f3\\01_original_data.csv",
    "processed_features": "trained_models\\ab9c58d3-1a5a-413b-ab98-f2253d6dac13\\predictions\\ab6fbb92-8518-4759-808c-14b07ae934f3\\02_processed_features.csv",
    "predictions_processed": "trained_models\\ab9c58d3-1a5a-413b-ab98-f2253d6dac13\\predictions\\ab6fbb92-8518-4759-808c-14b07ae934f3\\03_predictions_processed_scale.csv",
    "predictions_original": "trained_models\\ab9c58d3-1a5a-413b-ab98-f2253d6dac13\\predictions\\ab6fbb92-8518-4759-808c-14b07ae934f3\\04_predictions_original_scale.csv",
    "confidence_scores": "trained_models\\ab9c58d3-1a5a-413b-ab98-f2253d6dac13\\predictions\\ab6fbb92-8518-4759-808c-14b07ae934f3\\05_confidence_scores.csv",
    "combined_results": "trained_models\\ab9c58d3-1a5a-413b-ab98-f2253d6dac13\\predictions\\ab6fbb92-8518-4759-808c-14b07ae934f3\\06_combined_results.csv"
  },
  "folder_structure": {
    "01_original_data.csv": "Original input data as provided",
    "02_processed_features.csv": "Features after preprocessing/normalization",
    "03_predictions_processed_scale.csv": "Predictions in processed/normalized scale",
    "04_predictions_original_scale.csv": "Predictions transformed back to original scale",
    "05_confidence_scores.csv": "Confidence/uncertainty scores for each prediction",
    "06_combined_results.csv": "All data combined: features + predictions + confidence",
    "prediction_summary.json": "Complete prediction results and metadata",
    "prediction_report.html": "Detailed HTML report"
  }
}