{
  "report_metadata": {
    "generated_at": "2025-09-05T21:15:06.121219",
    "report_type": "training_report",
    "model_name": "5e1a066a-1aa9-4648-b34a-dcdbf0dd227c",
    "model_id": "5e1a066a-1aa9-4648-b34a-dcdbf0dd227c",
    "report_version": "1.0.0"
  },
  "training_summary": {
    "task_type": "regression",
    "training_time_seconds": 3.843716,
    "model_path": null,
    "training_completed_at": "2025-09-05T21:15:06.101341"
  },
  "dataset_overview": {
    "n_samples": 53,
    "n_features": 4
  },
  "feature_names": [
    "SiO2",
    "CeO2",
    "Lignin",
    "2-VN"
  ],
  "model_configuration": {
    "hyperparameters": {
      "n_estimators": 140,
      "max_depth": 8,
      "learning_rate": 0.05224427292497112,
      "subsample": 0.7770062988994653,
      "colsample_bytree": 0.7975834899659389,
      "colsample_bylevel": 0.6957358462320232,
      "reg_alpha": 0.0016370237686921822,
      "reg_lambda": 0.036880682382636656,
      "min_child_weight": 8,
      "gamma": 9.801959340802334e-06
    },
    "model_info": {
      "is_fitted": true,
      "task_type": "regression",
      "n_features": 4,
      "feature_names": [
        "SiO2",
        "CeO2",
        "Lignin",
        "2-VN"
      ],
      "model_params": {
        "n_estimators": 140,
        "max_depth": 8,
        "learning_rate": 0.05224427292497112,
        "subsample": 0.7770062988994653,
        "colsample_bytree": 0.7975834899659389,
        "colsample_bylevel": 0.6957358462320232,
        "colsample_bynode": 1.0,
        "reg_alpha": 0.0016370237686921822,
        "reg_lambda": 0.036880682382636656,
        "gamma": 9.801959340802334e-06,
        "min_child_weight": 8,
        "tree_method": "hist",
        "device": "cpu",
        "n_jobs": -1,
        "random_state": 42
      },
      "n_estimators": 140,
      "max_depth": 8,
      "learning_rate": 0.05224427292497112,
      "subsample": 0.7770062988994653,
      "colsample_bytree": 0.7975834899659389,
      "gpu_info": {
        "gpu_available": false,
        "gpu_enabled": true,
        "effective_device": "cpu",
        "tree_method": "hist",
        "using_gpu": false
      }
    }
  },
  "hyperparameter_optimization": {
    "best_params": {
      "n_estimators": 140,
      "max_depth": 8,
      "learning_rate": 0.05224427292497112,
      "subsample": 0.7770062988994653,
      "colsample_bytree": 0.7975834899659389,
      "colsample_bylevel": 0.6957358462320232,
      "reg_alpha": 0.0016370237686921822,
      "reg_lambda": 0.036880682382636656,
      "min_child_weight": 8,
      "gamma": 9.801959340802334e-06
    },
    "best_score": -0.21615282526488847,
    "best_trial_number": 33,
    "n_trials": 50,
    "n_completed_trials": 50,
    "task_type": "regression",
    "sampler_type": "TPE",
    "optimization_history": [
      {
        "trial_number": 0,
        "value": -0.2829175896964461,
        "params": {
          "n_estimators": 90,
          "max_depth": 10,
          "learning_rate": 0.1205712628744377,
          "subsample": 0.8394633936788146,
          "colsample_bytree": 0.6624074561769746,
          "colsample_bylevel": 0.662397808134481,
          "reg_alpha": 3.3323645788192616e-08,
          "reg_lambda": 0.6245760287469887,
          "min_child_weight": 7,
          "gamma": 0.02358594058414266
        },
        "state": "COMPLETE",
        "datetime": "2025-09-05T21:15:03.621388",
        "duration": 0.03912
      },
      {
        "trial_number": 1,
        "value": -0.3491791485649771,
        "params": {
          "n_estimators": 50,
          "max_depth": 10,
          "learning_rate": 0.1696753360719655,
          "subsample": 0.6849356442713105,
          "colsample_bytree": 0.6727299868828402,
          "colsample_bylevel": 0.6733618039413735,
          "reg_alpha": 5.472429642032189e-06,
          "reg_lambda": 0.00052821153945323,
          "min_child_weight": 5,
          "gamma": 4.17890272377219e-06
        },
        "state": "COMPLETE",
        "datetime": "2025-09-05T21:15:03.660922",
        "duration": 0.023046
      },
      {
        "trial_number": 2,
        "value": -0.2940719601727328,
        "params": {
          "n_estimators": 110,
          "max_depth": 2,
          "learning_rate": 0.027010527749605478,
          "subsample": 0.7465447373174766,
          "colsample_bytree": 0.7824279936868144,
          "colsample_bylevel": 0.9140703845572055,
          "reg_alpha": 6.267062696005991e-07,
          "reg_lambda": 0.00042472707398058225,
          "min_child_weight": 6,
          "gamma": 2.6185068507773707e-08
        },
        "state": "COMPLETE",
        "datetime": "2025-09-05T21:15:03.684617",
        "duration": 0.022089
      },
      {
        "trial_number": 3,
        "value": -0.4713411608859329,
        "params": {
          "n_estimators": 110,
          "max_depth": 2,
          "learning_rate": 0.012476394272569451,
          "subsample": 0.9795542149013333,
          "colsample_bytree": 0.9862528132298237,
          "colsample_bylevel": 0.9233589392465844,
          "reg_alpha": 5.514725787121931e-06,
          "reg_lambda": 7.569183361880229e-08,
          "min_child_weight": 7,
          "gamma": 9.148975058772307e-05
        },
        "state": "COMPLETE",
        "datetime": "2025-09-05T21:15:03.707070",
        "duration": 0.021569
      },
      {
        "trial_number": 4,
        "value": -0.6821335552359613,
        "params": {
          "n_estimators": 60,
          "max_depth": 5,
          "learning_rate": 0.011240768803005551,
          "subsample": 0.9637281608315128,
          "colsample_bytree": 0.7035119926400067,
          "colsample_bylevel": 0.8650089137415928,
          "reg_alpha": 6.388511557344611e-06,
          "reg_lambda": 0.0004793052550782129,
          "min_child_weight": 6,
          "gamma": 4.609885087947832e-07
        },
        "state": "COMPLETE",
        "datetime": "2025-09-05T21:15:03.729068",
        "duration": 0.018735
      },
      {
        "trial_number": 5,
        "value": -0.35742921772341923,
        "params": {
          "n_estimators": 150,
          "max_depth": 8,
          "learning_rate": 0.2442046084491143,
          "subsample": 0.9579309401710595,
          "colsample_bytree": 0.8391599915244341,
          "colsample_bylevel": 0.9687496940092467,
          "reg_alpha": 6.257956190096665e-08,
          "reg_lambda": 5.805581976088804e-07,
          "min_child_weight": 1,
          "gamma": 8.471746987003668e-06
        },
        "state": "COMPLETE",
        "datetime": "2025-09-05T21:15:03.748198",
        "duration": 0.030393
      },
      {
        "trial_number": 6,
        "value": -0.5105712482208711,
        "params": {
          "n_estimators": 90,
          "max_depth": 3,
          "learning_rate": 0.16755052359850306,
          "subsample": 0.7427013306774357,
          "colsample_bytree": 0.7123738038749523,
          "colsample_bylevel": 0.8170784332632994,
          "reg_alpha": 1.8548894229694903e-07,
          "reg_lambda": 0.16587190283399628,
          "min_child_weight": 1,
          "gamma": 7.6204817861585425
        },
        "state": "COMPLETE",
        "datetime": "2025-09-05T21:15:03.778949",
        "duration": 0.017971
      },
      {
        "trial_number": 7,
        "value": -0.4674516248424321,
        "params": {
          "n_estimators": 130,
          "max_depth": 2,
          "learning_rate": 0.010189592979395137,
          "subsample": 0.9261845713819337,
          "colsample_bytree": 0.8827429375390469,
          "colsample_bylevel": 0.8916028672163949,
          "reg_alpha": 0.08738424135626989,
          "reg_lambda": 4.638759594322625e-08,
          "min_child_weight": 4,
          "gamma": 1.1036250149900698e-07
        },
        "state": "COMPLETE",
        "datetime": "2025-09-05T21:15:03.797302",
        "duration": 0.023992
      },
      {
        "trial_number": 8,
        "value": -0.38952106454930435,
        "params": {
          "n_estimators": 140,
          "max_depth": 7,
          "learning_rate": 0.030816017044468066,
          "subsample": 0.6254233401144095,
          "colsample_bytree": 0.7243929286862648,
          "colsample_bylevel": 0.7300733288106988,
          "reg_alpha": 0.03685153691188181,
          "reg_lambda": 0.005470376807480385,
          "min_child_weight": 9,
          "gamma": 0.0001778010520878397
        },
        "state": "COMPLETE",
        "datetime": "2025-09-05T21:15:03.821727",
        "duration": 0.024347
      },
      {
        "trial_number": 9,
        "value": -0.30352592957008206,
        "params": {
          "n_estimators": 60,
          "max_depth": 8,
          "learning_rate": 0.13297554090738672,
          "subsample": 0.8245108790277985,
          "colsample_bytree": 0.9083868719818244,
          "colsample_bylevel": 0.7975182385457563,
          "reg_alpha": 0.0005065186776865479,
          "reg_lambda": 7.04480806377519e-05,
          "min_child_weight": 1,
          "gamma": 9.354548757337708e-08
        },
        "state": "COMPLETE",
        "datetime": "2025-09-05T21:15:03.846516",
        "duration": 0.02913
      },
      {
        "trial_number": 10,
        "value": -0.5382168008716283,
        "params": {
          "n_estimators": 80,
          "max_depth": 10,
          "learning_rate": 0.0749883856323417,
          "subsample": 0.8616677223762091,
          "colsample_bytree": 0.6061470949312417,
          "colsample_bylevel": 0.6154900799844732,
          "reg_alpha": 4.3444691085504035,
          "reg_lambda": 6.099006535330836,
          "min_child_weight": 10,
          "gamma": 0.044223173270844955
        },
        "state": "COMPLETE",
        "datetime": "2025-09-05T21:15:03.876017",
        "duration": 0.02294
      },
      {
        "trial_number": 11,
        "value": -0.35112217563199255,
        "params": {
          "n_estimators": 110,
          "max_depth": 4,
          "learning_rate": 0.034751226910732264,
          "subsample": 0.7544355485331893,
          "colsample_bytree": 0.7890856026631795,
          "colsample_bylevel": 0.7368181151637023,
          "reg_alpha": 1.153207114563693e-08,
          "reg_lambda": 8.837229396466988,
          "min_child_weight": 8,
          "gamma": 0.032972661587959216
        },
        "state": "COMPLETE",
        "datetime": "2025-09-05T21:15:03.899311",
        "duration": 0.025756
      },
      {
        "trial_number": 12,
        "value": -0.3045781734706524,
        "params": {
          "n_estimators": 120,
          "max_depth": 1,
          "learning_rate": 0.05881299754962944,
          "subsample": 0.8707272232382461,
          "colsample_bytree": 0.6288024200260534,
          "colsample_bylevel": 0.9953764623140101,
          "reg_alpha": 7.462167814768027e-07,
          "reg_lambda": 7.4304053524582685e-06,
          "min_child_weight": 4,
          "gamma": 0.011789862047242498
        },
        "state": "COMPLETE",
        "datetime": "2025-09-05T21:15:03.925446",
        "duration": 0.024328
      },
      {
        "trial_number": 13,
        "value": -0.43476054882834125,
        "params": {
          "n_estimators": 90,
          "max_depth": 6,
          "learning_rate": 0.025006241726998054,
          "subsample": 0.7631527017807609,
          "colsample_bytree": 0.7875261699962512,
          "colsample_bylevel": 0.6145231186909567,
          "reg_alpha": 0.0002888728538380231,
          "reg_lambda": 0.07115953064092204,
          "min_child_weight": 7,
          "gamma": 1.0669011004969494e-08
        },
        "state": "COMPLETE",
        "datetime": "2025-09-05T21:15:03.950152",
        "duration": 0.024662
      },
      {
        "trial_number": 14,
        "value": -0.2882480582865333,
        "params": {
          "n_estimators": 80,
          "max_depth": 4,
          "learning_rate": 0.0961428336109234,
          "subsample": 0.6815471965742196,
          "colsample_bytree": 0.761660592783074,
          "colsample_bylevel": 0.8195814870641506,
          "reg_alpha": 1.3128371253956633e-08,
          "reg_lambda": 0.14184312049385928,
          "min_child_weight": 3,
          "gamma": 0.8256063254193624
        },
        "state": "COMPLETE",
        "datetime": "2025-09-05T21:15:03.975208",
        "duration": 0.02123
      },
      {
        "trial_number": 15,
        "value": -0.43813469779188263,
        "params": {
          "n_estimators": 80,
          "max_depth": 5,
          "learning_rate": 0.09783099765964938,
          "subsample": 0.6320037910727744,
          "colsample_bytree": 0.7406435616298782,
          "colsample_bylevel": 0.7634205897071438,
          "reg_alpha": 1.0092113205470374e-08,
          "reg_lambda": 0.33469970763241336,
          "min_child_weight": 3,
          "gamma": 3.573231511768411
        },
        "state": "COMPLETE",
        "datetime": "2025-09-05T21:15:03.996825",
        "duration": 0.025992
      },
      {
        "trial_number": 16,
        "value": -0.365733577586857,
        "params": {
          "n_estimators": 70,
          "max_depth": 9,
          "learning_rate": 0.10070151393821589,
          "subsample": 0.6853133342524489,
          "colsample_bytree": 0.6494456394368666,
          "colsample_bylevel": 0.6755440747393078,
          "reg_alpha": 0.00010473919139809467,
          "reg_lambda": 0.016109046194566698,
          "min_child_weight": 3,
          "gamma": 0.419915962838262
        },
        "state": "COMPLETE",
        "datetime": "2025-09-05T21:15:04.023230",
        "duration": 0.021611
      },
      {
        "trial_number": 17,
        "value": -0.2972134179867273,
        "params": {
          "n_estimators": 90,
          "max_depth": 6,
          "learning_rate": 0.29614772969194764,
          "subsample": 0.8058610875831806,
          "colsample_bytree": 0.6733221423256304,
          "colsample_bylevel": 0.8440108638913482,
          "reg_alpha": 6.883832922873736e-08,
          "reg_lambda": 1.6708893390599848,
          "min_child_weight": 3,
          "gamma": 0.0027568844952313445
        },
        "state": "COMPLETE",
        "datetime": "2025-09-05T21:15:04.045208",
        "duration": 0.02564
      },
      {
        "trial_number": 18,
        "value": -0.2810506029094508,
        "params": {
          "n_estimators": 100,
          "max_depth": 4,
          "learning_rate": 0.04302553031342478,
          "subsample": 0.6933972902828515,
          "colsample_bytree": 0.8362327113486469,
          "colsample_bylevel": 0.6696491933442356,
          "reg_alpha": 0.00489838186312482,
          "reg_lambda": 0.010804959376289685,
          "min_child_weight": 5,
          "gamma": 0.5486948938738695
        },
        "state": "COMPLETE",
        "datetime": "2025-09-05T21:15:04.071207",
        "duration": 0.024132
      },
      {
        "trial_number": 19,
        "value": -0.2565411140662973,
        "params": {
          "n_estimators": 100,
          "max_depth": 7,
          "learning_rate": 0.04392544275614981,
          "subsample": 0.8910149050713664,
          "colsample_bytree": 0.852912427003817,
          "colsample_bylevel": 0.6762744002099902,
          "reg_alpha": 0.006290288092440869,
          "reg_lambda": 0.0050414195911829395,
          "min_child_weight": 8,
          "gamma": 0.0008896397925908008
        },
        "state": "COMPLETE",
        "datetime": "2025-09-05T21:15:04.095749",
        "duration": 0.026012
      },
      {
        "trial_number": 20,
        "value": -0.23687621360494537,
        "params": {
          "n_estimators": 120,
          "max_depth": 7,
          "learning_rate": 0.042695696563784115,
          "subsample": 0.924439846142478,
          "colsample_bytree": 0.8451022713651688,
          "colsample_bylevel": 0.7141287750701992,
          "reg_alpha": 0.007961083570932016,
          "reg_lambda": 0.003154842872623371,
          "min_child_weight": 10,
          "gamma": 0.0013651015699614882
        },
        "state": "COMPLETE",
        "datetime": "2025-09-05T21:15:04.122130",
        "duration": 0.027014
      },
      {
        "trial_number": 21,
        "value": -0.2351452042924406,
        "params": {
          "n_estimators": 130,
          "max_depth": 7,
          "learning_rate": 0.04515342181285652,
          "subsample": 0.9159699959314582,
          "colsample_bytree": 0.847988255523092,
          "colsample_bylevel": 0.7129466968448943,
          "reg_alpha": 0.01383760755274372,
          "reg_lambda": 0.018222406477831746,
          "min_child_weight": 10,
          "gamma": 0.0017216453043032455
        },
        "state": "COMPLETE",
        "datetime": "2025-09-05T21:15:04.149486",
        "duration": 0.028561
      },
      {
        "trial_number": 22,
        "value": -0.3207962113042261,
        "params": {
          "n_estimators": 130,
          "max_depth": 7,
          "learning_rate": 0.020688406787777752,
          "subsample": 0.9145111873066218,
          "colsample_bytree": 0.9029259064573444,
          "colsample_bylevel": 0.7098679190427641,
          "reg_alpha": 0.11897622800037624,
          "reg_lambda": 0.0030606576980344653,
          "min_child_weight": 10,
          "gamma": 0.0022098152672551216
        },
        "state": "COMPLETE",
        "datetime": "2025-09-05T21:15:04.178428",
        "duration": 0.02866
      },
      {
        "trial_number": 23,
        "value": -0.24552872781136842,
        "params": {
          "n_estimators": 130,
          "max_depth": 7,
          "learning_rate": 0.05235949183152535,
          "subsample": 0.9036007400787758,
          "colsample_bytree": 0.8444088594197429,
          "colsample_bylevel": 0.7699751308969206,
          "reg_alpha": 0.011638884389884257,
          "reg_lambda": 3.1329541390691905e-05,
          "min_child_weight": 9,
          "gamma": 0.0010436943308339047
        },
        "state": "COMPLETE",
        "datetime": "2025-09-05T21:15:04.207451",
        "duration": 0.029474
      },
      {
        "trial_number": 24,
        "value": -0.2768191518823261,
        "params": {
          "n_estimators": 130,
          "max_depth": 8,
          "learning_rate": 0.06532614015694518,
          "subsample": 0.925811616302025,
          "colsample_bytree": 0.9440163417454058,
          "colsample_bylevel": 0.772891476183738,
          "reg_alpha": 1.6705076414481195,
          "reg_lambda": 2.6702521001208643e-05,
          "min_child_weight": 9,
          "gamma": 2.855248666097408e-05
        },
        "state": "COMPLETE",
        "datetime": "2025-09-05T21:15:04.237352",
        "duration": 0.028353
      },
      {
        "trial_number": 25,
        "value": -0.33352299151049264,
        "params": {
          "n_estimators": 150,
          "max_depth": 6,
          "learning_rate": 0.01665400527347739,
          "subsample": 0.9967194746889345,
          "colsample_bytree": 0.8201707080439837,
          "colsample_bylevel": 0.7106109239122291,
          "reg_alpha": 0.0029877678779984887,
          "reg_lambda": 1.9990449220317192e-06,
          "min_child_weight": 9,
          "gamma": 0.00035711631407162454
        },
        "state": "COMPLETE",
        "datetime": "2025-09-05T21:15:04.266064",
        "duration": 0.032058
      },
      {
        "trial_number": 26,
        "value": -0.2411823222770244,
        "params": {
          "n_estimators": 120,
          "max_depth": 9,
          "learning_rate": 0.04439118005182043,
          "subsample": 0.8913860558505878,
          "colsample_bytree": 0.869683979938198,
          "colsample_bylevel": 0.7679816038876036,
          "reg_alpha": 0.30613466108256643,
          "reg_lambda": 6.252057937140947e-05,
          "min_child_weight": 10,
          "gamma": 0.005730598680162447
        },
        "state": "COMPLETE",
        "datetime": "2025-09-05T21:15:04.298515",
        "duration": 0.027476
      },
      {
        "trial_number": 27,
        "value": -0.24333323869210174,
        "params": {
          "n_estimators": 120,
          "max_depth": 9,
          "learning_rate": 0.04398001875041783,
          "subsample": 0.9480399134906395,
          "colsample_bytree": 0.8750142320923484,
          "colsample_bylevel": 0.738416659672386,
          "reg_alpha": 0.2760142836171572,
          "reg_lambda": 0.00012246025631823635,
          "min_child_weight": 10,
          "gamma": 0.004897045868896253
        },
        "state": "COMPLETE",
        "datetime": "2025-09-05T21:15:04.326378",
        "duration": 0.028346
      },
      {
        "trial_number": 28,
        "value": -0.3274090453825903,
        "params": {
          "n_estimators": 140,
          "max_depth": 9,
          "learning_rate": 0.03723150654472683,
          "subsample": 0.8723335627882572,
          "colsample_bytree": 0.9415025604559947,
          "colsample_bylevel": 0.6403580720309139,
          "reg_alpha": 0.26824296023458766,
          "reg_lambda": 0.0014102790268120283,
          "min_child_weight": 8,
          "gamma": 0.11388871190716558
        },
        "state": "COMPLETE",
        "datetime": "2025-09-05T21:15:04.355189",
        "duration": 0.029112
      },
      {
        "trial_number": 29,
        "value": -0.2302010447739634,
        "params": {
          "n_estimators": 120,
          "max_depth": 8,
          "learning_rate": 0.07494131907626882,
          "subsample": 0.8462277317779417,
          "colsample_bytree": 0.811944306786265,
          "colsample_bylevel": 0.7036894343290435,
          "reg_alpha": 0.0007577474356269353,
          "reg_lambda": 0.03602734314390326,
          "min_child_weight": 10,
          "gamma": 4.053140892519333e-05
        },
        "state": "COMPLETE",
        "datetime": "2025-09-05T21:15:04.384663",
        "duration": 0.027349
      },
      {
        "trial_number": 30,
        "value": -0.23805684377374453,
        "params": {
          "n_estimators": 140,
          "max_depth": 8,
          "learning_rate": 0.07711383150924575,
          "subsample": 0.8399160691460623,
          "colsample_bytree": 0.8186628037552902,
          "colsample_bylevel": 0.7075189665182832,
          "reg_alpha": 0.001341517347597826,
          "reg_lambda": 0.036789105778755264,
          "min_child_weight": 8,
          "gamma": 2.464262940489375e-06
        },
        "state": "COMPLETE",
        "datetime": "2025-09-05T21:15:04.412376",
        "duration": 0.031443
      },
      {
        "trial_number": 31,
        "value": -0.23944884839928945,
        "params": {
          "n_estimators": 140,
          "max_depth": 8,
          "learning_rate": 0.07900307092227678,
          "subsample": 0.8400527461643625,
          "colsample_bytree": 0.8113720177529432,
          "colsample_bylevel": 0.7017706892981193,
          "reg_alpha": 0.0007850925176719621,
          "reg_lambda": 0.035444436246417306,
          "min_child_weight": 10,
          "gamma": 1.491326796888627e-06
        },
        "state": "COMPLETE",
        "datetime": "2025-09-05T21:15:04.444177",
        "duration": 0.029594
      },
      {
        "trial_number": 32,
        "value": -0.29255839435663694,
        "params": {
          "n_estimators": 120,
          "max_depth": 7,
          "learning_rate": 0.07207724330837313,
          "subsample": 0.8426396587483119,
          "colsample_bytree": 0.7630818073878164,
          "colsample_bylevel": 0.642925000007408,
          "reg_alpha": 6.106110547097759e-05,
          "reg_lambda": 0.9487227080512443,
          "min_child_weight": 9,
          "gamma": 3.67091575118912e-05
        },
        "state": "COMPLETE",
        "datetime": "2025-09-05T21:15:04.474188",
        "duration": 0.027484
      },
      {
        "trial_number": 33,
        "value": -0.21615282526488847,
        "params": {
          "n_estimators": 140,
          "max_depth": 8,
          "learning_rate": 0.05224427292497112,
          "subsample": 0.7770062988994653,
          "colsample_bytree": 0.7975834899659389,
          "colsample_bylevel": 0.6957358462320232,
          "reg_alpha": 0.0016370237686921822,
          "reg_lambda": 0.036880682382636656,
          "min_child_weight": 8,
          "gamma": 9.801959340802334e-06
        },
        "state": "COMPLETE",
        "datetime": "2025-09-05T21:15:04.502059",
        "duration": 0.031072
      },
      {
        "trial_number": 34,
        "value": -0.3031469778940164,
        "params": {
          "n_estimators": 110,
          "max_depth": 6,
          "learning_rate": 0.05274515944984072,
          "subsample": 0.7765559725169453,
          "colsample_bytree": 0.7657193217447417,
          "colsample_bylevel": 0.63950669527108,
          "reg_alpha": 0.027027234957100084,
          "reg_lambda": 0.0012477603789905851,
          "min_child_weight": 10,
          "gamma": 3.655809596610483e-05
        },
        "state": "COMPLETE",
        "datetime": "2025-09-05T21:15:04.533496",
        "duration": 0.026284
      },
      {
        "trial_number": 35,
        "value": -0.2584611898515465,
        "params": {
          "n_estimators": 150,
          "max_depth": 10,
          "learning_rate": 0.025635001089070377,
          "subsample": 0.7950797938889427,
          "colsample_bytree": 0.8039697014417065,
          "colsample_bylevel": 0.6912128029015836,
          "reg_alpha": 2.463359609854721e-05,
          "reg_lambda": 0.02643085541133424,
          "min_child_weight": 9,
          "gamma": 1.2789359526108299e-05
        },
        "state": "COMPLETE",
        "datetime": "2025-09-05T21:15:04.560147",
        "duration": 0.031159
      },
      {
        "trial_number": 36,
        "value": -0.2459697169927467,
        "params": {
          "n_estimators": 130,
          "max_depth": 8,
          "learning_rate": 0.13601237587215714,
          "subsample": 0.9362259620787774,
          "colsample_bytree": 0.9080693788433651,
          "colsample_bylevel": 0.7426688738661239,
          "reg_alpha": 0.0019953097979786057,
          "reg_lambda": 0.0013163133890880235,
          "min_child_weight": 7,
          "gamma": 0.00030548374066576993
        },
        "state": "COMPLETE",
        "datetime": "2025-09-05T21:15:04.591701",
        "duration": 0.032139
      },
      {
        "trial_number": 37,
        "value": -0.3615641710090216,
        "params": {
          "n_estimators": 120,
          "max_depth": 7,
          "learning_rate": 0.032211599755497596,
          "subsample": 0.7222106110728465,
          "colsample_bytree": 0.9414237044381931,
          "colsample_bylevel": 0.6622888045212691,
          "reg_alpha": 0.00014564792394313668,
          "reg_lambda": 0.23268886277302325,
          "min_child_weight": 6,
          "gamma": 0.00018288684544160556
        },
        "state": "COMPLETE",
        "datetime": "2025-09-05T21:15:04.624215",
        "duration": 0.036432
      },
      {
        "trial_number": 38,
        "value": -0.25480113537908117,
        "params": {
          "n_estimators": 110,
          "max_depth": 5,
          "learning_rate": 0.05822880803081788,
          "subsample": 0.9746649740313373,
          "colsample_bytree": 0.8567447398636548,
          "colsample_bylevel": 0.7910877371120536,
          "reg_alpha": 0.01959587572131121,
          "reg_lambda": 0.00030994281717143394,
          "min_child_weight": 8,
          "gamma": 6.903530332592491e-06
        },
        "state": "COMPLETE",
        "datetime": "2025-09-05T21:15:04.661058",
        "duration": 0.031192
      },
      {
        "trial_number": 39,
        "value": -0.31901180892495984,
        "params": {
          "n_estimators": 140,
          "max_depth": 9,
          "learning_rate": 0.019583596078006044,
          "subsample": 0.8095456532474576,
          "colsample_bytree": 0.8298141121283871,
          "colsample_bylevel": 0.7219000183497648,
          "reg_alpha": 8.618511168385485e-06,
          "reg_lambda": 0.0694370637490274,
          "min_child_weight": 10,
          "gamma": 2.5663250608126103e-07
        },
        "state": "COMPLETE",
        "datetime": "2025-09-05T21:15:04.692652",
        "duration": 0.030487
      },
      {
        "trial_number": 40,
        "value": -0.26467050785023793,
        "params": {
          "n_estimators": 150,
          "max_depth": 8,
          "learning_rate": 0.1769039660377654,
          "subsample": 0.7827832098778152,
          "colsample_bytree": 0.7408112390873881,
          "colsample_bylevel": 0.6916992872215939,
          "reg_alpha": 0.00036625692706843,
          "reg_lambda": 1.4771563688664102e-08,
          "min_child_weight": 9,
          "gamma": 8.649364154819827e-05
        },
        "state": "COMPLETE",
        "datetime": "2025-09-05T21:15:04.723602",
        "duration": 0.032267
      },
      {
        "trial_number": 41,
        "value": -0.23205878065036506,
        "params": {
          "n_estimators": 140,
          "max_depth": 8,
          "learning_rate": 0.08106317941687619,
          "subsample": 0.8567988464372488,
          "colsample_bytree": 0.8030564128003368,
          "colsample_bylevel": 0.7495166718290518,
          "reg_alpha": 0.0017377419909438275,
          "reg_lambda": 0.014132257962613557,
          "min_child_weight": 8,
          "gamma": 1.744626999805805e-06
        },
        "state": "COMPLETE",
        "datetime": "2025-09-05T21:15:04.756247",
        "duration": 0.032421
      },
      {
        "trial_number": 42,
        "value": -0.2500441135159033,
        "params": {
          "n_estimators": 140,
          "max_depth": 7,
          "learning_rate": 0.08624701045203813,
          "subsample": 0.8549196173611574,
          "colsample_bytree": 0.7781399869507721,
          "colsample_bylevel": 0.7530259531974671,
          "reg_alpha": 0.006086788623766362,
          "reg_lambda": 0.00777188973371519,
          "min_child_weight": 6,
          "gamma": 7.102784077199898e-07
        },
        "state": "COMPLETE",
        "datetime": "2025-09-05T21:15:04.789065",
        "duration": 0.035455
      },
      {
        "trial_number": 43,
        "value": -0.23814371971604373,
        "params": {
          "n_estimators": 130,
          "max_depth": 8,
          "learning_rate": 0.06698267593779372,
          "subsample": 0.8863026419821958,
          "colsample_bytree": 0.7936299934222272,
          "colsample_bylevel": 0.7215904196458885,
          "reg_alpha": 0.001169978464051569,
          "reg_lambda": 0.0033802787318810935,
          "min_child_weight": 7,
          "gamma": 3.917733502636117e-06
        },
        "state": "COMPLETE",
        "datetime": "2025-09-05T21:15:04.824897",
        "duration": 0.031992
      },
      {
        "trial_number": 44,
        "value": -0.23976792126250954,
        "params": {
          "n_estimators": 130,
          "max_depth": 10,
          "learning_rate": 0.05089421433161477,
          "subsample": 0.8241336890352183,
          "colsample_bytree": 0.895177018831114,
          "colsample_bylevel": 0.6942277100978679,
          "reg_alpha": 0.03996911719833416,
          "reg_lambda": 0.5981266145205467,
          "min_child_weight": 9,
          "gamma": 1.7723538762963184e-05
        },
        "state": "COMPLETE",
        "datetime": "2025-09-05T21:15:04.857325",
        "duration": 0.034787
      },
      {
        "trial_number": 45,
        "value": -0.2689972579430087,
        "params": {
          "n_estimators": 110,
          "max_depth": 6,
          "learning_rate": 0.11561457547227869,
          "subsample": 0.9446449380692549,
          "colsample_bytree": 0.8617747981476823,
          "colsample_bylevel": 0.6570462498274019,
          "reg_alpha": 4.4828619482725146e-05,
          "reg_lambda": 0.09344969431854867,
          "min_child_weight": 10,
          "gamma": 7.469593312667248e-05
        },
        "state": "COMPLETE",
        "datetime": "2025-09-05T21:15:04.892537",
        "duration": 0.032938
      },
      {
        "trial_number": 46,
        "value": -0.24682659815692815,
        "params": {
          "n_estimators": 150,
          "max_depth": 9,
          "learning_rate": 0.03730133602083732,
          "subsample": 0.9075537633605942,
          "colsample_bytree": 0.8038431133645454,
          "colsample_bylevel": 0.75174288343016,
          "reg_alpha": 0.0002289710234105282,
          "reg_lambda": 0.00035792881259611033,
          "min_child_weight": 8,
          "gamma": 1.2500615823958868e-06
        },
        "state": "COMPLETE",
        "datetime": "2025-09-05T21:15:04.925897",
        "duration": 0.0441
      },
      {
        "trial_number": 47,
        "value": -0.3132573939695484,
        "params": {
          "n_estimators": 120,
          "max_depth": 7,
          "learning_rate": 0.06105887005757428,
          "subsample": 0.8190109506429178,
          "colsample_bytree": 0.692655633746886,
          "colsample_bylevel": 0.7922368932693612,
          "reg_alpha": 0.0006217963487263295,
          "reg_lambda": 0.016827462173660115,
          "min_child_weight": 7,
          "gamma": 0.0009055107543078864
        },
        "state": "COMPLETE",
        "datetime": "2025-09-05T21:15:04.970424",
        "duration": 0.029331
      },
      {
        "trial_number": 48,
        "value": -0.3886362794698342,
        "params": {
          "n_estimators": 140,
          "max_depth": 8,
          "learning_rate": 0.028448477759320107,
          "subsample": 0.8738268485423257,
          "colsample_bytree": 0.7401577806880802,
          "colsample_bylevel": 0.818518638453589,
          "reg_alpha": 0.07377047939721572,
          "reg_lambda": 0.000826945687337543,
          "min_child_weight": 9,
          "gamma": 1.7416990707047487e-07
        },
        "state": "COMPLETE",
        "datetime": "2025-09-05T21:15:05.000170",
        "duration": 0.030678
      },
      {
        "trial_number": 49,
        "value": -0.2637358488742229,
        "params": {
          "n_estimators": 50,
          "max_depth": 6,
          "learning_rate": 0.08863172586713276,
          "subsample": 0.8520054175650397,
          "colsample_bytree": 0.8854797956840499,
          "colsample_bylevel": 0.7220200908649723,
          "reg_alpha": 0.01256947936128253,
          "reg_lambda": 1.8611971626241948,
          "min_child_weight": 10,
          "gamma": 7.582349786977042e-06
        },
        "state": "COMPLETE",
        "datetime": "2025-09-05T21:15:05.031230",
        "duration": 0.020513
      }
    ],
    "best_cv_scores": [
      -0.09144317877101599,
      -0.25444810909381416,
      -0.18977472047077085,
      -0.26787326007205126,
      -0.2772248579167901
    ],
    "best_cv_std": 0.06945448243788299
  },
  "cross_validation_results": {
    "test_scores": {
      "MAE": {
        "scores": [
          0.09144317877101599,
          0.25444810909381416,
          0.18977472047077085,
          0.26787326007205126,
          0.2772248579167901
        ],
        "mean": 0.21615282526488847,
        "std": 0.06945448243788299,
        "min": 0.09144317877101599,
        "max": 0.2772248579167901
      },
      "MSE": {
        "scores": [
          0.014414543816503868,
          0.1009279284102024,
          0.0520257585245292,
          0.09775377907234115,
          0.10434903598982607
        ],
        "mean": 0.07389420916268054,
        "std": 0.03533739450696859,
        "min": 0.014414543816503868,
        "max": 0.10434903598982607
      },
      "R2": {
        "scores": [
          0.9784991334413953,
          0.8862919727127134,
          0.9613584062382964,
          0.883724203337773,
          0.8789853400084795
        ],
        "mean": 0.9177718111477315,
        "std": 0.04299350907627565,
        "min": 0.8789853400084795,
        "max": 0.9784991334413953
      }
    },
    "train_scores": {
      "MAE": {
        "scores": [
          0.14340642128505396,
          0.12630131350566348,
          0.14247746275208562,
          0.12029047992360228,
          0.11448660711750808
        ],
        "mean": 0.12939245691678267,
        "std": 0.011680702770262709,
        "min": 0.11448660711750808,
        "max": 0.14340642128505396
      },
      "MSE": {
        "scores": [
          0.03207972670942625,
          0.025905973682743905,
          0.034479374190355516,
          0.02545473038730598,
          0.022876684595476385
        ],
        "mean": 0.02815929791306161,
        "std": 0.004372900299563572,
        "min": 0.022876684595476385,
        "max": 0.034479374190355516
      },
      "R2": {
        "scores": [
          0.9699238075958667,
          0.9744526513068882,
          0.9602011095033346,
          0.9751620492570814,
          0.977201241014011
        ],
        "mean": 0.9713881717354365,
        "std": 0.006078152428952506,
        "min": 0.9602011095033346,
        "max": 0.977201241014011
      }
    },
    "fit_times": "[0.07508492 0.07751489 0.08804464 0.06010103 0.07946897]",
    "score_times": "[0.00063205 0.00042129 0.00069308 0.00054097 0.00044799]",
    "timing": {
      "fit_time_mean": 0.07604289054870605,
      "fit_time_std": 0.009088535402634015,
      "score_time_mean": 0.0005470752716064453,
      "score_time_std": 0.00010413162829902176
    },
    "task_type": "regression",
    "cv_folds": 5,
    "data_shape": [
      53,
      4
    ],
    "y_true": "[-1.36697217 -1.46719303 -0.58524947  0.69089613  0.07620819 -1.03958403\n -1.50059998  1.31226545 -0.26454273  0.93810758 -0.11087074 -0.83914231\n -0.75228424 -0.72555868  0.02275707  0.2833313   1.09846095 -1.35360939\n  1.11182373 -0.59861225 -1.30683965 -0.84582371  0.76439142 -0.4248961\n -0.53179835  1.57952107 -1.44714886 -1.50728137 -0.58524947 -0.30463107\n -0.73224007  1.42584909  0.61071944 -0.46498444 -1.06630959  0.90470062\n  0.57063109  0.82452394  0.22319879  1.35903518  1.35235379 -0.73224007\n -0.83246092 -0.35808219 -0.13759631 -1.4137419   1.43921187  0.10961515\n  0.83120533  1.85452711  1.46286399  0.84710704  1.6022378 ]",
    "y_pred_cv": "[-1.4263879  -1.3201593  -0.28405774  0.79638815  0.1352401  -1.0456176\n -1.1988922   0.9607403  -0.35096508  1.0484147  -0.32447824 -0.91995746\n -0.68175924 -0.630985    0.6661972  -0.19784145  1.2976764  -1.1287348\n  1.3976125  -0.34310052 -1.4830511  -0.95048076  0.6871217  -0.26853794\n -0.75214386  1.2643307  -0.84790313 -1.4517508  -0.8891376  -0.12372423\n -1.2033697   1.2542381   0.68985254 -0.3798909  -0.89288497  0.6074833\n  0.4703798   0.771239   -0.0083018   1.029339    0.8982701  -0.72110975\n -0.91848266 -0.3452237   0.06514064 -0.7593193   1.2448525   0.0517527\n  1.0004593   1.318064    1.3749839   1.3033428   1.4418706 ]",
    "y_pred_proba_cv": null,
    "saved_files": {
      "original_data": "trained_models/5e1a066a-1aa9-4648-b34a-dcdbf0dd227c/cross_validation_data/5e1a066a-1aa9-4648-b34a-dcdbf0dd227c_original_data.csv",
      "preprocessed_data": "trained_models/5e1a066a-1aa9-4648-b34a-dcdbf0dd227c/cross_validation_data/5e1a066a-1aa9-4648-b34a-dcdbf0dd227c_preprocessed_data.csv",
      "cv_predictions_processed": "trained_models/5e1a066a-1aa9-4648-b34a-dcdbf0dd227c/cross_validation_data/5e1a066a-1aa9-4648-b34a-dcdbf0dd227c_cv_predictions_processed.csv",
      "cv_predictions_original": "trained_models/5e1a066a-1aa9-4648-b34a-dcdbf0dd227c/cross_validation_data/5e1a066a-1aa9-4648-b34a-dcdbf0dd227c_cv_predictions_original.csv",
      "scatter_plot": "trained_models/5e1a066a-1aa9-4648-b34a-dcdbf0dd227c/cross_validation_data/5e1a066a-1aa9-4648-b34a-dcdbf0dd227c_cv_scatter_plot.png"
    },
    "cv_predictions": "{'y_true_processed': array([-1.36697217, -1.46719303, -0.58524947,  0.69089613,  0.07620819,\n       -1.03958403, -1.50059998,  1.31226545, -0.26454273,  0.93810758,\n       -0.11087074, -0.83914231, -0.75228424, -0.72555868,  0.02275707,\n        0.2833313 ,  1.09846095, -1.35360939,  1.11182373, -0.59861225,\n       -1.30683965, -0.84582371,  0.76439142, -0.4248961 , -0.53179835,\n        1.57952107, -1.44714886, -1.50728137, -0.58524947, -0.30463107,\n       -0.73224007,  1.42584909,  0.61071944, -0.46498444, -1.06630959,\n        0.90470062,  0.57063109,  0.82452394,  0.22319879,  1.35903518,\n        1.35235379, -0.73224007, -0.83246092, -0.35808219, -0.13759631,\n       -1.4137419 ,  1.43921187,  0.10961515,  0.83120533,  1.85452711,\n        1.46286399,  0.84710704,  1.6022378 ]), 'y_pred_processed': array([-1.4263879 , -1.3201593 , -0.28405774,  0.79638815,  0.1352401 ,\n       -1.0456176 , -1.1988922 ,  0.9607403 , -0.35096508,  1.0484147 ,\n       -0.32447824, -0.91995746, -0.68175924, -0.630985  ,  0.6661972 ,\n       -0.19784145,  1.2976764 , -1.1287348 ,  1.3976125 , -0.34310052,\n       -1.4830511 , -0.95048076,  0.6871217 , -0.26853794, -0.75214386,\n        1.2643307 , -0.84790313, -1.4517508 , -0.8891376 , -0.12372423,\n       -1.2033697 ,  1.2542381 ,  0.68985254, -0.3798909 , -0.89288497,\n        0.6074833 ,  0.4703798 ,  0.771239  , -0.0083018 ,  1.029339  ,\n        0.8982701 , -0.72110975, -0.91848266, -0.3452237 ,  0.06514064,\n       -0.7593193 ,  1.2448525 ,  0.0517527 ,  1.0004593 ,  1.318064  ,\n        1.3749839 ,  1.3033428 ,  1.4418706 ], dtype=float32), 'y_true_original': array([1.32  , 1.17  , 2.49  , 4.4   , 3.48  , 1.81  , 1.12  , 5.33  ,\n       2.97  , 4.77  , 3.2   , 2.11  , 2.24  , 2.28  , 3.4   , 3.79  ,\n       5.01  , 1.34  , 5.03  , 2.47  , 1.41  , 2.1   , 4.51  , 2.73  ,\n       2.57  , 5.73  , 1.2   , 1.11  , 2.49  , 2.91  , 2.27  , 5.5   ,\n       4.28  , 2.67  , 1.77  , 4.72  , 4.22  , 4.6   , 3.7   , 5.4   ,\n       5.39  , 2.27  , 2.12  , 2.83  , 3.16  , 1.25  , 5.52  , 3.53  ,\n       4.61  , 6.1416, 5.5554, 4.6338, 5.764 ]), 'y_pred_original': array([1.2310729, 1.3900645, 2.940792 , 4.5578895, 3.5683527, 1.8009696,\n       1.5715643, 4.8038745, 2.8406522, 4.9350963, 2.8802948, 1.9890444,\n       2.3455544, 2.421548 , 4.3630333, 3.0698314, 5.3081646, 1.6765685,\n       5.4577384, 2.852423 , 1.1462653, 1.9433603, 4.394351 , 2.9640205,\n       2.24021  , 5.2582564, 2.0968878, 1.1931124, 2.0351725, 3.1807623,\n       1.5648628, 5.2431507, 4.398438 , 2.797359 , 2.0295637, 4.2751565,\n       4.0699544, 4.520249 , 3.3535144, 4.9065456, 4.7103753, 2.2866588,\n       1.9912517, 2.8492453, 3.4634352, 2.2294707, 5.2291036, 3.4433975,\n       4.863322 , 5.338679 , 5.4238706, 5.3166456, 5.523979 ],\n      dtype=float32)}"
  },
  "feature_importance": {
    "SiO2": {
      "weight": 149.0,
      "gain": 2.1431257724761963,
      "cover": 30.70469856262207,
      "sklearn_gain": 0.6709930300712585,
      "permutation_mean": 1.326018893658696,
      "permutation_std": 0.1447889805526069
    },
    "CeO2": {
      "weight": 100.0,
      "gain": 0.1737525761127472,
      "cover": 28.0,
      "sklearn_gain": 0.05440033599734306,
      "permutation_mean": 0.014877462912987926,
      "permutation_std": 0.0054564802365413565
    },
    "Lignin": {
      "weight": 110.0,
      "gain": 0.6509820818901062,
      "cover": 31.190908432006836,
      "sklearn_gain": 0.2038165181875229,
      "permutation_mean": 0.17319023108496653,
      "permutation_std": 0.028963027012381806
    },
    "2-VN": {
      "weight": 78.0,
      "gain": 0.22610102593898773,
      "cover": 29.69230842590332,
      "sklearn_gain": 0.07079015672206879,
      "permutation_mean": 0.012287120894209691,
      "permutation_std": 0.0025637425043387434
    }
  },
  "recommendations": [
    "🎯 Excellent regression performance (R² > 0.90)! Consider this model ready for production.",
    "⚖️ One feature dominates importance. Verify data quality and consider feature engineering."
  ],
  "raw_training_results": {
    "model_name": "5e1a066a-1aa9-4648-b34a-dcdbf0dd227c",
    "model_id": "5e1a066a-1aa9-4648-b34a-dcdbf0dd227c",
    "task_type": "regression",
    "target_column": "TS-AF",
    "target_name": [
      "TS-AF"
    ],
    "target_dimension": 1,
    "training_time_seconds": 3.843716,
    "data_shape": {
      "n_samples": 53,
      "n_features": 4
    },
    "feature_names": [
      "SiO2",
      "CeO2",
      "Lignin",
      "2-VN"
    ],
    "hyperparameters": {
      "n_estimators": 140,
      "max_depth": 8,
      "learning_rate": 0.05224427292497112,
      "subsample": 0.7770062988994653,
      "colsample_bytree": 0.7975834899659389,
      "colsample_bylevel": 0.6957358462320232,
      "reg_alpha": 0.0016370237686921822,
      "reg_lambda": 0.036880682382636656,
      "min_child_weight": 8,
      "gamma": 9.801959340802334e-06
    },
    "performance_metrics": {
      "MAE": {
        "scores": [
          0.09144317877101599,
          0.25444810909381416,
          0.18977472047077085,
          0.26787326007205126,
          0.2772248579167901
        ],
        "mean": 0.21615282526488847,
        "std": 0.06945448243788299,
        "min": 0.09144317877101599,
        "max": 0.2772248579167901
      },
      "MSE": {
        "scores": [
          0.014414543816503868,
          0.1009279284102024,
          0.0520257585245292,
          0.09775377907234115,
          0.10434903598982607
        ],
        "mean": 0.07389420916268054,
        "std": 0.03533739450696859,
        "min": 0.014414543816503868,
        "max": 0.10434903598982607
      },
      "R2": {
        "scores": [
          0.9784991334413953,
          0.8862919727127134,
          0.9613584062382964,
          0.883724203337773,
          0.8789853400084795
        ],
        "mean": 0.9177718111477315,
        "std": 0.04299350907627565,
        "min": 0.8789853400084795,
        "max": 0.9784991334413953
      }
    },
    "cross_validation_results": {
      "test_scores": {
        "MAE": {
          "scores": [
            0.09144317877101599,
            0.25444810909381416,
            0.18977472047077085,
            0.26787326007205126,
            0.2772248579167901
          ],
          "mean": 0.21615282526488847,
          "std": 0.06945448243788299,
          "min": 0.09144317877101599,
          "max": 0.2772248579167901
        },
        "MSE": {
          "scores": [
            0.014414543816503868,
            0.1009279284102024,
            0.0520257585245292,
            0.09775377907234115,
            0.10434903598982607
          ],
          "mean": 0.07389420916268054,
          "std": 0.03533739450696859,
          "min": 0.014414543816503868,
          "max": 0.10434903598982607
        },
        "R2": {
          "scores": [
            0.9784991334413953,
            0.8862919727127134,
            0.9613584062382964,
            0.883724203337773,
            0.8789853400084795
          ],
          "mean": 0.9177718111477315,
          "std": 0.04299350907627565,
          "min": 0.8789853400084795,
          "max": 0.9784991334413953
        }
      },
      "train_scores": {
        "MAE": {
          "scores": [
            0.14340642128505396,
            0.12630131350566348,
            0.14247746275208562,
            0.12029047992360228,
            0.11448660711750808
          ],
          "mean": 0.12939245691678267,
          "std": 0.011680702770262709,
          "min": 0.11448660711750808,
          "max": 0.14340642128505396
        },
        "MSE": {
          "scores": [
            0.03207972670942625,
            0.025905973682743905,
            0.034479374190355516,
            0.02545473038730598,
            0.022876684595476385
          ],
          "mean": 0.02815929791306161,
          "std": 0.004372900299563572,
          "min": 0.022876684595476385,
          "max": 0.034479374190355516
        },
        "R2": {
          "scores": [
            0.9699238075958667,
            0.9744526513068882,
            0.9602011095033346,
            0.9751620492570814,
            0.977201241014011
          ],
          "mean": 0.9713881717354365,
          "std": 0.006078152428952506,
          "min": 0.9602011095033346,
          "max": 0.977201241014011
        }
      },
      "fit_times": "[0.07508492 0.07751489 0.08804464 0.06010103 0.07946897]",
      "score_times": "[0.00063205 0.00042129 0.00069308 0.00054097 0.00044799]",
      "timing": {
        "fit_time_mean": 0.07604289054870605,
        "fit_time_std": 0.009088535402634015,
        "score_time_mean": 0.0005470752716064453,
        "score_time_std": 0.00010413162829902176
      },
      "task_type": "regression",
      "cv_folds": 5,
      "data_shape": [
        53,
        4
      ],
      "y_true": "[-1.36697217 -1.46719303 -0.58524947  0.69089613  0.07620819 -1.03958403\n -1.50059998  1.31226545 -0.26454273  0.93810758 -0.11087074 -0.83914231\n -0.75228424 -0.72555868  0.02275707  0.2833313   1.09846095 -1.35360939\n  1.11182373 -0.59861225 -1.30683965 -0.84582371  0.76439142 -0.4248961\n -0.53179835  1.57952107 -1.44714886 -1.50728137 -0.58524947 -0.30463107\n -0.73224007  1.42584909  0.61071944 -0.46498444 -1.06630959  0.90470062\n  0.57063109  0.82452394  0.22319879  1.35903518  1.35235379 -0.73224007\n -0.83246092 -0.35808219 -0.13759631 -1.4137419   1.43921187  0.10961515\n  0.83120533  1.85452711  1.46286399  0.84710704  1.6022378 ]",
      "y_pred_cv": "[-1.4263879  -1.3201593  -0.28405774  0.79638815  0.1352401  -1.0456176\n -1.1988922   0.9607403  -0.35096508  1.0484147  -0.32447824 -0.91995746\n -0.68175924 -0.630985    0.6661972  -0.19784145  1.2976764  -1.1287348\n  1.3976125  -0.34310052 -1.4830511  -0.95048076  0.6871217  -0.26853794\n -0.75214386  1.2643307  -0.84790313 -1.4517508  -0.8891376  -0.12372423\n -1.2033697   1.2542381   0.68985254 -0.3798909  -0.89288497  0.6074833\n  0.4703798   0.771239   -0.0083018   1.029339    0.8982701  -0.72110975\n -0.91848266 -0.3452237   0.06514064 -0.7593193   1.2448525   0.0517527\n  1.0004593   1.318064    1.3749839   1.3033428   1.4418706 ]",
      "y_pred_proba_cv": null,
      "saved_files": {
        "original_data": "trained_models/5e1a066a-1aa9-4648-b34a-dcdbf0dd227c/cross_validation_data/5e1a066a-1aa9-4648-b34a-dcdbf0dd227c_original_data.csv",
        "preprocessed_data": "trained_models/5e1a066a-1aa9-4648-b34a-dcdbf0dd227c/cross_validation_data/5e1a066a-1aa9-4648-b34a-dcdbf0dd227c_preprocessed_data.csv",
        "cv_predictions_processed": "trained_models/5e1a066a-1aa9-4648-b34a-dcdbf0dd227c/cross_validation_data/5e1a066a-1aa9-4648-b34a-dcdbf0dd227c_cv_predictions_processed.csv",
        "cv_predictions_original": "trained_models/5e1a066a-1aa9-4648-b34a-dcdbf0dd227c/cross_validation_data/5e1a066a-1aa9-4648-b34a-dcdbf0dd227c_cv_predictions_original.csv",
        "scatter_plot": "trained_models/5e1a066a-1aa9-4648-b34a-dcdbf0dd227c/cross_validation_data/5e1a066a-1aa9-4648-b34a-dcdbf0dd227c_cv_scatter_plot.png"
      },
      "cv_predictions": "{'y_true_processed': array([-1.36697217, -1.46719303, -0.58524947,  0.69089613,  0.07620819,\n       -1.03958403, -1.50059998,  1.31226545, -0.26454273,  0.93810758,\n       -0.11087074, -0.83914231, -0.75228424, -0.72555868,  0.02275707,\n        0.2833313 ,  1.09846095, -1.35360939,  1.11182373, -0.59861225,\n       -1.30683965, -0.84582371,  0.76439142, -0.4248961 , -0.53179835,\n        1.57952107, -1.44714886, -1.50728137, -0.58524947, -0.30463107,\n       -0.73224007,  1.42584909,  0.61071944, -0.46498444, -1.06630959,\n        0.90470062,  0.57063109,  0.82452394,  0.22319879,  1.35903518,\n        1.35235379, -0.73224007, -0.83246092, -0.35808219, -0.13759631,\n       -1.4137419 ,  1.43921187,  0.10961515,  0.83120533,  1.85452711,\n        1.46286399,  0.84710704,  1.6022378 ]), 'y_pred_processed': array([-1.4263879 , -1.3201593 , -0.28405774,  0.79638815,  0.1352401 ,\n       -1.0456176 , -1.1988922 ,  0.9607403 , -0.35096508,  1.0484147 ,\n       -0.32447824, -0.91995746, -0.68175924, -0.630985  ,  0.6661972 ,\n       -0.19784145,  1.2976764 , -1.1287348 ,  1.3976125 , -0.34310052,\n       -1.4830511 , -0.95048076,  0.6871217 , -0.26853794, -0.75214386,\n        1.2643307 , -0.84790313, -1.4517508 , -0.8891376 , -0.12372423,\n       -1.2033697 ,  1.2542381 ,  0.68985254, -0.3798909 , -0.89288497,\n        0.6074833 ,  0.4703798 ,  0.771239  , -0.0083018 ,  1.029339  ,\n        0.8982701 , -0.72110975, -0.91848266, -0.3452237 ,  0.06514064,\n       -0.7593193 ,  1.2448525 ,  0.0517527 ,  1.0004593 ,  1.318064  ,\n        1.3749839 ,  1.3033428 ,  1.4418706 ], dtype=float32), 'y_true_original': array([1.32  , 1.17  , 2.49  , 4.4   , 3.48  , 1.81  , 1.12  , 5.33  ,\n       2.97  , 4.77  , 3.2   , 2.11  , 2.24  , 2.28  , 3.4   , 3.79  ,\n       5.01  , 1.34  , 5.03  , 2.47  , 1.41  , 2.1   , 4.51  , 2.73  ,\n       2.57  , 5.73  , 1.2   , 1.11  , 2.49  , 2.91  , 2.27  , 5.5   ,\n       4.28  , 2.67  , 1.77  , 4.72  , 4.22  , 4.6   , 3.7   , 5.4   ,\n       5.39  , 2.27  , 2.12  , 2.83  , 3.16  , 1.25  , 5.52  , 3.53  ,\n       4.61  , 6.1416, 5.5554, 4.6338, 5.764 ]), 'y_pred_original': array([1.2310729, 1.3900645, 2.940792 , 4.5578895, 3.5683527, 1.8009696,\n       1.5715643, 4.8038745, 2.8406522, 4.9350963, 2.8802948, 1.9890444,\n       2.3455544, 2.421548 , 4.3630333, 3.0698314, 5.3081646, 1.6765685,\n       5.4577384, 2.852423 , 1.1462653, 1.9433603, 4.394351 , 2.9640205,\n       2.24021  , 5.2582564, 2.0968878, 1.1931124, 2.0351725, 3.1807623,\n       1.5648628, 5.2431507, 4.398438 , 2.797359 , 2.0295637, 4.2751565,\n       4.0699544, 4.520249 , 3.3535144, 4.9065456, 4.7103753, 2.2866588,\n       1.9912517, 2.8492453, 3.4634352, 2.2294707, 5.2291036, 3.4433975,\n       4.863322 , 5.338679 , 5.4238706, 5.3166456, 5.523979 ],\n      dtype=float32)}"
    },
    "feature_importance": {
      "SiO2": {
        "weight": 149.0,
        "gain": 2.1431257724761963,
        "cover": 30.70469856262207,
        "sklearn_gain": 0.6709930300712585,
        "permutation_mean": 1.326018893658696,
        "permutation_std": 0.1447889805526069
      },
      "CeO2": {
        "weight": 100.0,
        "gain": 0.1737525761127472,
        "cover": 28.0,
        "sklearn_gain": 0.05440033599734306,
        "permutation_mean": 0.014877462912987926,
        "permutation_std": 0.0054564802365413565
      },
      "Lignin": {
        "weight": 110.0,
        "gain": 0.6509820818901062,
        "cover": 31.190908432006836,
        "sklearn_gain": 0.2038165181875229,
        "permutation_mean": 0.17319023108496653,
        "permutation_std": 0.028963027012381806
      },
      "2-VN": {
        "weight": 78.0,
        "gain": 0.22610102593898773,
        "cover": 29.69230842590332,
        "sklearn_gain": 0.07079015672206879,
        "permutation_mean": 0.012287120894209691,
        "permutation_std": 0.0025637425043387434
      }
    },
    "model_info": {
      "is_fitted": true,
      "task_type": "regression",
      "n_features": 4,
      "feature_names": [
        "SiO2",
        "CeO2",
        "Lignin",
        "2-VN"
      ],
      "model_params": {
        "n_estimators": 140,
        "max_depth": 8,
        "learning_rate": 0.05224427292497112,
        "subsample": 0.7770062988994653,
        "colsample_bytree": 0.7975834899659389,
        "colsample_bylevel": 0.6957358462320232,
        "colsample_bynode": 1.0,
        "reg_alpha": 0.0016370237686921822,
        "reg_lambda": 0.036880682382636656,
        "gamma": 9.801959340802334e-06,
        "min_child_weight": 8,
        "tree_method": "hist",
        "device": "cpu",
        "n_jobs": -1,
        "random_state": 42
      },
      "n_estimators": 140,
      "max_depth": 8,
      "learning_rate": 0.05224427292497112,
      "subsample": 0.7770062988994653,
      "colsample_bytree": 0.7975834899659389,
      "gpu_info": {
        "gpu_available": false,
        "gpu_enabled": true,
        "effective_device": "cpu",
        "tree_method": "hist",
        "using_gpu": false
      }
    },
    "optimization_results": {
      "best_params": {
        "n_estimators": 140,
        "max_depth": 8,
        "learning_rate": 0.05224427292497112,
        "subsample": 0.7770062988994653,
        "colsample_bytree": 0.7975834899659389,
        "colsample_bylevel": 0.6957358462320232,
        "reg_alpha": 0.0016370237686921822,
        "reg_lambda": 0.036880682382636656,
        "min_child_weight": 8,
        "gamma": 9.801959340802334e-06
      },
      "best_score": -0.21615282526488847,
      "best_trial_number": 33,
      "n_trials": 50,
      "n_completed_trials": 50,
      "task_type": "regression",
      "sampler_type": "TPE",
      "optimization_history": [
        {
          "trial_number": 0,
          "value": -0.2829175896964461,
          "params": {
            "n_estimators": 90,
            "max_depth": 10,
            "learning_rate": 0.1205712628744377,
            "subsample": 0.8394633936788146,
            "colsample_bytree": 0.6624074561769746,
            "colsample_bylevel": 0.662397808134481,
            "reg_alpha": 3.3323645788192616e-08,
            "reg_lambda": 0.6245760287469887,
            "min_child_weight": 7,
            "gamma": 0.02358594058414266
          },
          "state": "COMPLETE",
          "datetime": "2025-09-05T21:15:03.621388",
          "duration": 0.03912
        },
        {
          "trial_number": 1,
          "value": -0.3491791485649771,
          "params": {
            "n_estimators": 50,
            "max_depth": 10,
            "learning_rate": 0.1696753360719655,
            "subsample": 0.6849356442713105,
            "colsample_bytree": 0.6727299868828402,
            "colsample_bylevel": 0.6733618039413735,
            "reg_alpha": 5.472429642032189e-06,
            "reg_lambda": 0.00052821153945323,
            "min_child_weight": 5,
            "gamma": 4.17890272377219e-06
          },
          "state": "COMPLETE",
          "datetime": "2025-09-05T21:15:03.660922",
          "duration": 0.023046
        },
        {
          "trial_number": 2,
          "value": -0.2940719601727328,
          "params": {
            "n_estimators": 110,
            "max_depth": 2,
            "learning_rate": 0.027010527749605478,
            "subsample": 0.7465447373174766,
            "colsample_bytree": 0.7824279936868144,
            "colsample_bylevel": 0.9140703845572055,
            "reg_alpha": 6.267062696005991e-07,
            "reg_lambda": 0.00042472707398058225,
            "min_child_weight": 6,
            "gamma": 2.6185068507773707e-08
          },
          "state": "COMPLETE",
          "datetime": "2025-09-05T21:15:03.684617",
          "duration": 0.022089
        },
        {
          "trial_number": 3,
          "value": -0.4713411608859329,
          "params": {
            "n_estimators": 110,
            "max_depth": 2,
            "learning_rate": 0.012476394272569451,
            "subsample": 0.9795542149013333,
            "colsample_bytree": 0.9862528132298237,
            "colsample_bylevel": 0.9233589392465844,
            "reg_alpha": 5.514725787121931e-06,
            "reg_lambda": 7.569183361880229e-08,
            "min_child_weight": 7,
            "gamma": 9.148975058772307e-05
          },
          "state": "COMPLETE",
          "datetime": "2025-09-05T21:15:03.707070",
          "duration": 0.021569
        },
        {
          "trial_number": 4,
          "value": -0.6821335552359613,
          "params": {
            "n_estimators": 60,
            "max_depth": 5,
            "learning_rate": 0.011240768803005551,
            "subsample": 0.9637281608315128,
            "colsample_bytree": 0.7035119926400067,
            "colsample_bylevel": 0.8650089137415928,
            "reg_alpha": 6.388511557344611e-06,
            "reg_lambda": 0.0004793052550782129,
            "min_child_weight": 6,
            "gamma": 4.609885087947832e-07
          },
          "state": "COMPLETE",
          "datetime": "2025-09-05T21:15:03.729068",
          "duration": 0.018735
        },
        {
          "trial_number": 5,
          "value": -0.35742921772341923,
          "params": {
            "n_estimators": 150,
            "max_depth": 8,
            "learning_rate": 0.2442046084491143,
            "subsample": 0.9579309401710595,
            "colsample_bytree": 0.8391599915244341,
            "colsample_bylevel": 0.9687496940092467,
            "reg_alpha": 6.257956190096665e-08,
            "reg_lambda": 5.805581976088804e-07,
            "min_child_weight": 1,
            "gamma": 8.471746987003668e-06
          },
          "state": "COMPLETE",
          "datetime": "2025-09-05T21:15:03.748198",
          "duration": 0.030393
        },
        {
          "trial_number": 6,
          "value": -0.5105712482208711,
          "params": {
            "n_estimators": 90,
            "max_depth": 3,
            "learning_rate": 0.16755052359850306,
            "subsample": 0.7427013306774357,
            "colsample_bytree": 0.7123738038749523,
            "colsample_bylevel": 0.8170784332632994,
            "reg_alpha": 1.8548894229694903e-07,
            "reg_lambda": 0.16587190283399628,
            "min_child_weight": 1,
            "gamma": 7.6204817861585425
          },
          "state": "COMPLETE",
          "datetime": "2025-09-05T21:15:03.778949",
          "duration": 0.017971
        },
        {
          "trial_number": 7,
          "value": -0.4674516248424321,
          "params": {
            "n_estimators": 130,
            "max_depth": 2,
            "learning_rate": 0.010189592979395137,
            "subsample": 0.9261845713819337,
            "colsample_bytree": 0.8827429375390469,
            "colsample_bylevel": 0.8916028672163949,
            "reg_alpha": 0.08738424135626989,
            "reg_lambda": 4.638759594322625e-08,
            "min_child_weight": 4,
            "gamma": 1.1036250149900698e-07
          },
          "state": "COMPLETE",
          "datetime": "2025-09-05T21:15:03.797302",
          "duration": 0.023992
        },
        {
          "trial_number": 8,
          "value": -0.38952106454930435,
          "params": {
            "n_estimators": 140,
            "max_depth": 7,
            "learning_rate": 0.030816017044468066,
            "subsample": 0.6254233401144095,
            "colsample_bytree": 0.7243929286862648,
            "colsample_bylevel": 0.7300733288106988,
            "reg_alpha": 0.03685153691188181,
            "reg_lambda": 0.005470376807480385,
            "min_child_weight": 9,
            "gamma": 0.0001778010520878397
          },
          "state": "COMPLETE",
          "datetime": "2025-09-05T21:15:03.821727",
          "duration": 0.024347
        },
        {
          "trial_number": 9,
          "value": -0.30352592957008206,
          "params": {
            "n_estimators": 60,
            "max_depth": 8,
            "learning_rate": 0.13297554090738672,
            "subsample": 0.8245108790277985,
            "colsample_bytree": 0.9083868719818244,
            "colsample_bylevel": 0.7975182385457563,
            "reg_alpha": 0.0005065186776865479,
            "reg_lambda": 7.04480806377519e-05,
            "min_child_weight": 1,
            "gamma": 9.354548757337708e-08
          },
          "state": "COMPLETE",
          "datetime": "2025-09-05T21:15:03.846516",
          "duration": 0.02913
        },
        {
          "trial_number": 10,
          "value": -0.5382168008716283,
          "params": {
            "n_estimators": 80,
            "max_depth": 10,
            "learning_rate": 0.0749883856323417,
            "subsample": 0.8616677223762091,
            "colsample_bytree": 0.6061470949312417,
            "colsample_bylevel": 0.6154900799844732,
            "reg_alpha": 4.3444691085504035,
            "reg_lambda": 6.099006535330836,
            "min_child_weight": 10,
            "gamma": 0.044223173270844955
          },
          "state": "COMPLETE",
          "datetime": "2025-09-05T21:15:03.876017",
          "duration": 0.02294
        },
        {
          "trial_number": 11,
          "value": -0.35112217563199255,
          "params": {
            "n_estimators": 110,
            "max_depth": 4,
            "learning_rate": 0.034751226910732264,
            "subsample": 0.7544355485331893,
            "colsample_bytree": 0.7890856026631795,
            "colsample_bylevel": 0.7368181151637023,
            "reg_alpha": 1.153207114563693e-08,
            "reg_lambda": 8.837229396466988,
            "min_child_weight": 8,
            "gamma": 0.032972661587959216
          },
          "state": "COMPLETE",
          "datetime": "2025-09-05T21:15:03.899311",
          "duration": 0.025756
        },
        {
          "trial_number": 12,
          "value": -0.3045781734706524,
          "params": {
            "n_estimators": 120,
            "max_depth": 1,
            "learning_rate": 0.05881299754962944,
            "subsample": 0.8707272232382461,
            "colsample_bytree": 0.6288024200260534,
            "colsample_bylevel": 0.9953764623140101,
            "reg_alpha": 7.462167814768027e-07,
            "reg_lambda": 7.4304053524582685e-06,
            "min_child_weight": 4,
            "gamma": 0.011789862047242498
          },
          "state": "COMPLETE",
          "datetime": "2025-09-05T21:15:03.925446",
          "duration": 0.024328
        },
        {
          "trial_number": 13,
          "value": -0.43476054882834125,
          "params": {
            "n_estimators": 90,
            "max_depth": 6,
            "learning_rate": 0.025006241726998054,
            "subsample": 0.7631527017807609,
            "colsample_bytree": 0.7875261699962512,
            "colsample_bylevel": 0.6145231186909567,
            "reg_alpha": 0.0002888728538380231,
            "reg_lambda": 0.07115953064092204,
            "min_child_weight": 7,
            "gamma": 1.0669011004969494e-08
          },
          "state": "COMPLETE",
          "datetime": "2025-09-05T21:15:03.950152",
          "duration": 0.024662
        },
        {
          "trial_number": 14,
          "value": -0.2882480582865333,
          "params": {
            "n_estimators": 80,
            "max_depth": 4,
            "learning_rate": 0.0961428336109234,
            "subsample": 0.6815471965742196,
            "colsample_bytree": 0.761660592783074,
            "colsample_bylevel": 0.8195814870641506,
            "reg_alpha": 1.3128371253956633e-08,
            "reg_lambda": 0.14184312049385928,
            "min_child_weight": 3,
            "gamma": 0.8256063254193624
          },
          "state": "COMPLETE",
          "datetime": "2025-09-05T21:15:03.975208",
          "duration": 0.02123
        },
        {
          "trial_number": 15,
          "value": -0.43813469779188263,
          "params": {
            "n_estimators": 80,
            "max_depth": 5,
            "learning_rate": 0.09783099765964938,
            "subsample": 0.6320037910727744,
            "colsample_bytree": 0.7406435616298782,
            "colsample_bylevel": 0.7634205897071438,
            "reg_alpha": 1.0092113205470374e-08,
            "reg_lambda": 0.33469970763241336,
            "min_child_weight": 3,
            "gamma": 3.573231511768411
          },
          "state": "COMPLETE",
          "datetime": "2025-09-05T21:15:03.996825",
          "duration": 0.025992
        },
        {
          "trial_number": 16,
          "value": -0.365733577586857,
          "params": {
            "n_estimators": 70,
            "max_depth": 9,
            "learning_rate": 0.10070151393821589,
            "subsample": 0.6853133342524489,
            "colsample_bytree": 0.6494456394368666,
            "colsample_bylevel": 0.6755440747393078,
            "reg_alpha": 0.00010473919139809467,
            "reg_lambda": 0.016109046194566698,
            "min_child_weight": 3,
            "gamma": 0.419915962838262
          },
          "state": "COMPLETE",
          "datetime": "2025-09-05T21:15:04.023230",
          "duration": 0.021611
        },
        {
          "trial_number": 17,
          "value": -0.2972134179867273,
          "params": {
            "n_estimators": 90,
            "max_depth": 6,
            "learning_rate": 0.29614772969194764,
            "subsample": 0.8058610875831806,
            "colsample_bytree": 0.6733221423256304,
            "colsample_bylevel": 0.8440108638913482,
            "reg_alpha": 6.883832922873736e-08,
            "reg_lambda": 1.6708893390599848,
            "min_child_weight": 3,
            "gamma": 0.0027568844952313445
          },
          "state": "COMPLETE",
          "datetime": "2025-09-05T21:15:04.045208",
          "duration": 0.02564
        },
        {
          "trial_number": 18,
          "value": -0.2810506029094508,
          "params": {
            "n_estimators": 100,
            "max_depth": 4,
            "learning_rate": 0.04302553031342478,
            "subsample": 0.6933972902828515,
            "colsample_bytree": 0.8362327113486469,
            "colsample_bylevel": 0.6696491933442356,
            "reg_alpha": 0.00489838186312482,
            "reg_lambda": 0.010804959376289685,
            "min_child_weight": 5,
            "gamma": 0.5486948938738695
          },
          "state": "COMPLETE",
          "datetime": "2025-09-05T21:15:04.071207",
          "duration": 0.024132
        },
        {
          "trial_number": 19,
          "value": -0.2565411140662973,
          "params": {
            "n_estimators": 100,
            "max_depth": 7,
            "learning_rate": 0.04392544275614981,
            "subsample": 0.8910149050713664,
            "colsample_bytree": 0.852912427003817,
            "colsample_bylevel": 0.6762744002099902,
            "reg_alpha": 0.006290288092440869,
            "reg_lambda": 0.0050414195911829395,
            "min_child_weight": 8,
            "gamma": 0.0008896397925908008
          },
          "state": "COMPLETE",
          "datetime": "2025-09-05T21:15:04.095749",
          "duration": 0.026012
        },
        {
          "trial_number": 20,
          "value": -0.23687621360494537,
          "params": {
            "n_estimators": 120,
            "max_depth": 7,
            "learning_rate": 0.042695696563784115,
            "subsample": 0.924439846142478,
            "colsample_bytree": 0.8451022713651688,
            "colsample_bylevel": 0.7141287750701992,
            "reg_alpha": 0.007961083570932016,
            "reg_lambda": 0.003154842872623371,
            "min_child_weight": 10,
            "gamma": 0.0013651015699614882
          },
          "state": "COMPLETE",
          "datetime": "2025-09-05T21:15:04.122130",
          "duration": 0.027014
        },
        {
          "trial_number": 21,
          "value": -0.2351452042924406,
          "params": {
            "n_estimators": 130,
            "max_depth": 7,
            "learning_rate": 0.04515342181285652,
            "subsample": 0.9159699959314582,
            "colsample_bytree": 0.847988255523092,
            "colsample_bylevel": 0.7129466968448943,
            "reg_alpha": 0.01383760755274372,
            "reg_lambda": 0.018222406477831746,
            "min_child_weight": 10,
            "gamma": 0.0017216453043032455
          },
          "state": "COMPLETE",
          "datetime": "2025-09-05T21:15:04.149486",
          "duration": 0.028561
        },
        {
          "trial_number": 22,
          "value": -0.3207962113042261,
          "params": {
            "n_estimators": 130,
            "max_depth": 7,
            "learning_rate": 0.020688406787777752,
            "subsample": 0.9145111873066218,
            "colsample_bytree": 0.9029259064573444,
            "colsample_bylevel": 0.7098679190427641,
            "reg_alpha": 0.11897622800037624,
            "reg_lambda": 0.0030606576980344653,
            "min_child_weight": 10,
            "gamma": 0.0022098152672551216
          },
          "state": "COMPLETE",
          "datetime": "2025-09-05T21:15:04.178428",
          "duration": 0.02866
        },
        {
          "trial_number": 23,
          "value": -0.24552872781136842,
          "params": {
            "n_estimators": 130,
            "max_depth": 7,
            "learning_rate": 0.05235949183152535,
            "subsample": 0.9036007400787758,
            "colsample_bytree": 0.8444088594197429,
            "colsample_bylevel": 0.7699751308969206,
            "reg_alpha": 0.011638884389884257,
            "reg_lambda": 3.1329541390691905e-05,
            "min_child_weight": 9,
            "gamma": 0.0010436943308339047
          },
          "state": "COMPLETE",
          "datetime": "2025-09-05T21:15:04.207451",
          "duration": 0.029474
        },
        {
          "trial_number": 24,
          "value": -0.2768191518823261,
          "params": {
            "n_estimators": 130,
            "max_depth": 8,
            "learning_rate": 0.06532614015694518,
            "subsample": 0.925811616302025,
            "colsample_bytree": 0.9440163417454058,
            "colsample_bylevel": 0.772891476183738,
            "reg_alpha": 1.6705076414481195,
            "reg_lambda": 2.6702521001208643e-05,
            "min_child_weight": 9,
            "gamma": 2.855248666097408e-05
          },
          "state": "COMPLETE",
          "datetime": "2025-09-05T21:15:04.237352",
          "duration": 0.028353
        },
        {
          "trial_number": 25,
          "value": -0.33352299151049264,
          "params": {
            "n_estimators": 150,
            "max_depth": 6,
            "learning_rate": 0.01665400527347739,
            "subsample": 0.9967194746889345,
            "colsample_bytree": 0.8201707080439837,
            "colsample_bylevel": 0.7106109239122291,
            "reg_alpha": 0.0029877678779984887,
            "reg_lambda": 1.9990449220317192e-06,
            "min_child_weight": 9,
            "gamma": 0.00035711631407162454
          },
          "state": "COMPLETE",
          "datetime": "2025-09-05T21:15:04.266064",
          "duration": 0.032058
        },
        {
          "trial_number": 26,
          "value": -0.2411823222770244,
          "params": {
            "n_estimators": 120,
            "max_depth": 9,
            "learning_rate": 0.04439118005182043,
            "subsample": 0.8913860558505878,
            "colsample_bytree": 0.869683979938198,
            "colsample_bylevel": 0.7679816038876036,
            "reg_alpha": 0.30613466108256643,
            "reg_lambda": 6.252057937140947e-05,
            "min_child_weight": 10,
            "gamma": 0.005730598680162447
          },
          "state": "COMPLETE",
          "datetime": "2025-09-05T21:15:04.298515",
          "duration": 0.027476
        },
        {
          "trial_number": 27,
          "value": -0.24333323869210174,
          "params": {
            "n_estimators": 120,
            "max_depth": 9,
            "learning_rate": 0.04398001875041783,
            "subsample": 0.9480399134906395,
            "colsample_bytree": 0.8750142320923484,
            "colsample_bylevel": 0.738416659672386,
            "reg_alpha": 0.2760142836171572,
            "reg_lambda": 0.00012246025631823635,
            "min_child_weight": 10,
            "gamma": 0.004897045868896253
          },
          "state": "COMPLETE",
          "datetime": "2025-09-05T21:15:04.326378",
          "duration": 0.028346
        },
        {
          "trial_number": 28,
          "value": -0.3274090453825903,
          "params": {
            "n_estimators": 140,
            "max_depth": 9,
            "learning_rate": 0.03723150654472683,
            "subsample": 0.8723335627882572,
            "colsample_bytree": 0.9415025604559947,
            "colsample_bylevel": 0.6403580720309139,
            "reg_alpha": 0.26824296023458766,
            "reg_lambda": 0.0014102790268120283,
            "min_child_weight": 8,
            "gamma": 0.11388871190716558
          },
          "state": "COMPLETE",
          "datetime": "2025-09-05T21:15:04.355189",
          "duration": 0.029112
        },
        {
          "trial_number": 29,
          "value": -0.2302010447739634,
          "params": {
            "n_estimators": 120,
            "max_depth": 8,
            "learning_rate": 0.07494131907626882,
            "subsample": 0.8462277317779417,
            "colsample_bytree": 0.811944306786265,
            "colsample_bylevel": 0.7036894343290435,
            "reg_alpha": 0.0007577474356269353,
            "reg_lambda": 0.03602734314390326,
            "min_child_weight": 10,
            "gamma": 4.053140892519333e-05
          },
          "state": "COMPLETE",
          "datetime": "2025-09-05T21:15:04.384663",
          "duration": 0.027349
        },
        {
          "trial_number": 30,
          "value": -0.23805684377374453,
          "params": {
            "n_estimators": 140,
            "max_depth": 8,
            "learning_rate": 0.07711383150924575,
            "subsample": 0.8399160691460623,
            "colsample_bytree": 0.8186628037552902,
            "colsample_bylevel": 0.7075189665182832,
            "reg_alpha": 0.001341517347597826,
            "reg_lambda": 0.036789105778755264,
            "min_child_weight": 8,
            "gamma": 2.464262940489375e-06
          },
          "state": "COMPLETE",
          "datetime": "2025-09-05T21:15:04.412376",
          "duration": 0.031443
        },
        {
          "trial_number": 31,
          "value": -0.23944884839928945,
          "params": {
            "n_estimators": 140,
            "max_depth": 8,
            "learning_rate": 0.07900307092227678,
            "subsample": 0.8400527461643625,
            "colsample_bytree": 0.8113720177529432,
            "colsample_bylevel": 0.7017706892981193,
            "reg_alpha": 0.0007850925176719621,
            "reg_lambda": 0.035444436246417306,
            "min_child_weight": 10,
            "gamma": 1.491326796888627e-06
          },
          "state": "COMPLETE",
          "datetime": "2025-09-05T21:15:04.444177",
          "duration": 0.029594
        },
        {
          "trial_number": 32,
          "value": -0.29255839435663694,
          "params": {
            "n_estimators": 120,
            "max_depth": 7,
            "learning_rate": 0.07207724330837313,
            "subsample": 0.8426396587483119,
            "colsample_bytree": 0.7630818073878164,
            "colsample_bylevel": 0.642925000007408,
            "reg_alpha": 6.106110547097759e-05,
            "reg_lambda": 0.9487227080512443,
            "min_child_weight": 9,
            "gamma": 3.67091575118912e-05
          },
          "state": "COMPLETE",
          "datetime": "2025-09-05T21:15:04.474188",
          "duration": 0.027484
        },
        {
          "trial_number": 33,
          "value": -0.21615282526488847,
          "params": {
            "n_estimators": 140,
            "max_depth": 8,
            "learning_rate": 0.05224427292497112,
            "subsample": 0.7770062988994653,
            "colsample_bytree": 0.7975834899659389,
            "colsample_bylevel": 0.6957358462320232,
            "reg_alpha": 0.0016370237686921822,
            "reg_lambda": 0.036880682382636656,
            "min_child_weight": 8,
            "gamma": 9.801959340802334e-06
          },
          "state": "COMPLETE",
          "datetime": "2025-09-05T21:15:04.502059",
          "duration": 0.031072
        },
        {
          "trial_number": 34,
          "value": -0.3031469778940164,
          "params": {
            "n_estimators": 110,
            "max_depth": 6,
            "learning_rate": 0.05274515944984072,
            "subsample": 0.7765559725169453,
            "colsample_bytree": 0.7657193217447417,
            "colsample_bylevel": 0.63950669527108,
            "reg_alpha": 0.027027234957100084,
            "reg_lambda": 0.0012477603789905851,
            "min_child_weight": 10,
            "gamma": 3.655809596610483e-05
          },
          "state": "COMPLETE",
          "datetime": "2025-09-05T21:15:04.533496",
          "duration": 0.026284
        },
        {
          "trial_number": 35,
          "value": -0.2584611898515465,
          "params": {
            "n_estimators": 150,
            "max_depth": 10,
            "learning_rate": 0.025635001089070377,
            "subsample": 0.7950797938889427,
            "colsample_bytree": 0.8039697014417065,
            "colsample_bylevel": 0.6912128029015836,
            "reg_alpha": 2.463359609854721e-05,
            "reg_lambda": 0.02643085541133424,
            "min_child_weight": 9,
            "gamma": 1.2789359526108299e-05
          },
          "state": "COMPLETE",
          "datetime": "2025-09-05T21:15:04.560147",
          "duration": 0.031159
        },
        {
          "trial_number": 36,
          "value": -0.2459697169927467,
          "params": {
            "n_estimators": 130,
            "max_depth": 8,
            "learning_rate": 0.13601237587215714,
            "subsample": 0.9362259620787774,
            "colsample_bytree": 0.9080693788433651,
            "colsample_bylevel": 0.7426688738661239,
            "reg_alpha": 0.0019953097979786057,
            "reg_lambda": 0.0013163133890880235,
            "min_child_weight": 7,
            "gamma": 0.00030548374066576993
          },
          "state": "COMPLETE",
          "datetime": "2025-09-05T21:15:04.591701",
          "duration": 0.032139
        },
        {
          "trial_number": 37,
          "value": -0.3615641710090216,
          "params": {
            "n_estimators": 120,
            "max_depth": 7,
            "learning_rate": 0.032211599755497596,
            "subsample": 0.7222106110728465,
            "colsample_bytree": 0.9414237044381931,
            "colsample_bylevel": 0.6622888045212691,
            "reg_alpha": 0.00014564792394313668,
            "reg_lambda": 0.23268886277302325,
            "min_child_weight": 6,
            "gamma": 0.00018288684544160556
          },
          "state": "COMPLETE",
          "datetime": "2025-09-05T21:15:04.624215",
          "duration": 0.036432
        },
        {
          "trial_number": 38,
          "value": -0.25480113537908117,
          "params": {
            "n_estimators": 110,
            "max_depth": 5,
            "learning_rate": 0.05822880803081788,
            "subsample": 0.9746649740313373,
            "colsample_bytree": 0.8567447398636548,
            "colsample_bylevel": 0.7910877371120536,
            "reg_alpha": 0.01959587572131121,
            "reg_lambda": 0.00030994281717143394,
            "min_child_weight": 8,
            "gamma": 6.903530332592491e-06
          },
          "state": "COMPLETE",
          "datetime": "2025-09-05T21:15:04.661058",
          "duration": 0.031192
        },
        {
          "trial_number": 39,
          "value": -0.31901180892495984,
          "params": {
            "n_estimators": 140,
            "max_depth": 9,
            "learning_rate": 0.019583596078006044,
            "subsample": 0.8095456532474576,
            "colsample_bytree": 0.8298141121283871,
            "colsample_bylevel": 0.7219000183497648,
            "reg_alpha": 8.618511168385485e-06,
            "reg_lambda": 0.0694370637490274,
            "min_child_weight": 10,
            "gamma": 2.5663250608126103e-07
          },
          "state": "COMPLETE",
          "datetime": "2025-09-05T21:15:04.692652",
          "duration": 0.030487
        },
        {
          "trial_number": 40,
          "value": -0.26467050785023793,
          "params": {
            "n_estimators": 150,
            "max_depth": 8,
            "learning_rate": 0.1769039660377654,
            "subsample": 0.7827832098778152,
            "colsample_bytree": 0.7408112390873881,
            "colsample_bylevel": 0.6916992872215939,
            "reg_alpha": 0.00036625692706843,
            "reg_lambda": 1.4771563688664102e-08,
            "min_child_weight": 9,
            "gamma": 8.649364154819827e-05
          },
          "state": "COMPLETE",
          "datetime": "2025-09-05T21:15:04.723602",
          "duration": 0.032267
        },
        {
          "trial_number": 41,
          "value": -0.23205878065036506,
          "params": {
            "n_estimators": 140,
            "max_depth": 8,
            "learning_rate": 0.08106317941687619,
            "subsample": 0.8567988464372488,
            "colsample_bytree": 0.8030564128003368,
            "colsample_bylevel": 0.7495166718290518,
            "reg_alpha": 0.0017377419909438275,
            "reg_lambda": 0.014132257962613557,
            "min_child_weight": 8,
            "gamma": 1.744626999805805e-06
          },
          "state": "COMPLETE",
          "datetime": "2025-09-05T21:15:04.756247",
          "duration": 0.032421
        },
        {
          "trial_number": 42,
          "value": -0.2500441135159033,
          "params": {
            "n_estimators": 140,
            "max_depth": 7,
            "learning_rate": 0.08624701045203813,
            "subsample": 0.8549196173611574,
            "colsample_bytree": 0.7781399869507721,
            "colsample_bylevel": 0.7530259531974671,
            "reg_alpha": 0.006086788623766362,
            "reg_lambda": 0.00777188973371519,
            "min_child_weight": 6,
            "gamma": 7.102784077199898e-07
          },
          "state": "COMPLETE",
          "datetime": "2025-09-05T21:15:04.789065",
          "duration": 0.035455
        },
        {
          "trial_number": 43,
          "value": -0.23814371971604373,
          "params": {
            "n_estimators": 130,
            "max_depth": 8,
            "learning_rate": 0.06698267593779372,
            "subsample": 0.8863026419821958,
            "colsample_bytree": 0.7936299934222272,
            "colsample_bylevel": 0.7215904196458885,
            "reg_alpha": 0.001169978464051569,
            "reg_lambda": 0.0033802787318810935,
            "min_child_weight": 7,
            "gamma": 3.917733502636117e-06
          },
          "state": "COMPLETE",
          "datetime": "2025-09-05T21:15:04.824897",
          "duration": 0.031992
        },
        {
          "trial_number": 44,
          "value": -0.23976792126250954,
          "params": {
            "n_estimators": 130,
            "max_depth": 10,
            "learning_rate": 0.05089421433161477,
            "subsample": 0.8241336890352183,
            "colsample_bytree": 0.895177018831114,
            "colsample_bylevel": 0.6942277100978679,
            "reg_alpha": 0.03996911719833416,
            "reg_lambda": 0.5981266145205467,
            "min_child_weight": 9,
            "gamma": 1.7723538762963184e-05
          },
          "state": "COMPLETE",
          "datetime": "2025-09-05T21:15:04.857325",
          "duration": 0.034787
        },
        {
          "trial_number": 45,
          "value": -0.2689972579430087,
          "params": {
            "n_estimators": 110,
            "max_depth": 6,
            "learning_rate": 0.11561457547227869,
            "subsample": 0.9446449380692549,
            "colsample_bytree": 0.8617747981476823,
            "colsample_bylevel": 0.6570462498274019,
            "reg_alpha": 4.4828619482725146e-05,
            "reg_lambda": 0.09344969431854867,
            "min_child_weight": 10,
            "gamma": 7.469593312667248e-05
          },
          "state": "COMPLETE",
          "datetime": "2025-09-05T21:15:04.892537",
          "duration": 0.032938
        },
        {
          "trial_number": 46,
          "value": -0.24682659815692815,
          "params": {
            "n_estimators": 150,
            "max_depth": 9,
            "learning_rate": 0.03730133602083732,
            "subsample": 0.9075537633605942,
            "colsample_bytree": 0.8038431133645454,
            "colsample_bylevel": 0.75174288343016,
            "reg_alpha": 0.0002289710234105282,
            "reg_lambda": 0.00035792881259611033,
            "min_child_weight": 8,
            "gamma": 1.2500615823958868e-06
          },
          "state": "COMPLETE",
          "datetime": "2025-09-05T21:15:04.925897",
          "duration": 0.0441
        },
        {
          "trial_number": 47,
          "value": -0.3132573939695484,
          "params": {
            "n_estimators": 120,
            "max_depth": 7,
            "learning_rate": 0.06105887005757428,
            "subsample": 0.8190109506429178,
            "colsample_bytree": 0.692655633746886,
            "colsample_bylevel": 0.7922368932693612,
            "reg_alpha": 0.0006217963487263295,
            "reg_lambda": 0.016827462173660115,
            "min_child_weight": 7,
            "gamma": 0.0009055107543078864
          },
          "state": "COMPLETE",
          "datetime": "2025-09-05T21:15:04.970424",
          "duration": 0.029331
        },
        {
          "trial_number": 48,
          "value": -0.3886362794698342,
          "params": {
            "n_estimators": 140,
            "max_depth": 8,
            "learning_rate": 0.028448477759320107,
            "subsample": 0.8738268485423257,
            "colsample_bytree": 0.7401577806880802,
            "colsample_bylevel": 0.818518638453589,
            "reg_alpha": 0.07377047939721572,
            "reg_lambda": 0.000826945687337543,
            "min_child_weight": 9,
            "gamma": 1.7416990707047487e-07
          },
          "state": "COMPLETE",
          "datetime": "2025-09-05T21:15:05.000170",
          "duration": 0.030678
        },
        {
          "trial_number": 49,
          "value": -0.2637358488742229,
          "params": {
            "n_estimators": 50,
            "max_depth": 6,
            "learning_rate": 0.08863172586713276,
            "subsample": 0.8520054175650397,
            "colsample_bytree": 0.8854797956840499,
            "colsample_bylevel": 0.7220200908649723,
            "reg_alpha": 0.01256947936128253,
            "reg_lambda": 1.8611971626241948,
            "min_child_weight": 10,
            "gamma": 7.582349786977042e-06
          },
          "state": "COMPLETE",
          "datetime": "2025-09-05T21:15:05.031230",
          "duration": 0.020513
        }
      ],
      "best_cv_scores": [
        -0.09144317877101599,
        -0.25444810909381416,
        -0.18977472047077085,
        -0.26787326007205126,
        -0.2772248579167901
      ],
      "best_cv_std": 0.06945448243788299
    },
    "training_completed_at": "2025-09-05T21:15:06.101341",
    "preprocessing_applied": true,
    "preprocessing_pipeline_path": "trained_models/5e1a066a-1aa9-4648-b34a-dcdbf0dd227c/preprocessing_pipeline.pkl",
    "scaling_method": "standard",
    "label_mapping": null,
    "tool_input_details": {
      "data_source": "./TS-AF.xls",
      "optimize_hyperparameters": true,
      "n_trials": 50,
      "cv_folds": 5,
      "optimization_algorithm": "TPE",
      "scoring_metric": "neg_mean_absolute_error",
      "validate_data": true,
      "save_model": true,
      "apply_preprocessing": true,
      "scaling_method": "standard",
      "task_type": "regression",
      "additional_model_params": {},
      "base_model_params": {
        "random_state": 42,
        "n_jobs": -1
      }
    },
    "preprocessing_details": {
      "applied": true,
      "target_preprocessing_applied": true,
      "scaling_method": "standard",
      "scaling_method_description": "StandardScaler (mean=0, std=1)",
      "pipeline_saved": true,
      "pipeline_components": {
        "numerical_imputer": true,
        "categorical_one_hot_encoder": true,
        "categorical_label_encoder": true,
        "feature_scaler": true,
        "target_scaler": true
      },
      "original_feature_count": 4,
      "processed_feature_count": 4,
      "preprocessing_info": {
        "is_fitted": true,
        "target_is_fitted": true,
        "config": {
          "numerical_features": [
            "SiO2",
            "CeO2",
            "Lignin",
            "2-VN"
          ],
          "categorical_features": [],
          "scaling_method": "standard",
          "impute_missing": true,
          "use_one_hot": false,
          "target_task_type": "regression",
          "target_scaling_method": "standard",
          "target_names": [
            "target"
          ],
          "target_shape": [
            53
          ]
        },
        "feature_names_in": [
          "SiO2",
          "CeO2",
          "Lignin",
          "2-VN"
        ],
        "feature_names_out": [
          "SiO2",
          "CeO2",
          "Lignin",
          "2-VN"
        ],
        "target_names": [
          "target"
        ],
        "input_feature_count": 4,
        "output_feature_count": 4,
        "preprocessing_steps": [
          {
            "transformer_name": "numerical",
            "columns": [
              "SiO2",
              "CeO2",
              "Lignin",
              "2-VN"
            ],
            "column_count": 4,
            "scaling_method": "standard"
          }
        ]
      }
    },
    "model_directory": "trained_models/5e1a066a-1aa9-4648-b34a-dcdbf0dd227c"
  }
}