{
  "report_metadata": {
    "generated_at": "2025-07-03T16:19:20.072363",
    "report_type": "training_report",
    "model_name": "2866c39f-af8e-44a1-b342-e1981a2ce9bd",
    "model_id": "2866c39f-af8e-44a1-b342-e1981a2ce9bd",
    "report_version": "1.0.0"
  },
  "training_summary": {
    "task_type": "regression",
    "training_time_seconds": 74.668173,
    "model_path": null,
    "training_completed_at": "2025-07-03T16:19:19.996298"
  },
  "dataset_overview": {
    "n_samples": 2703,
    "n_features": 4
  },
  "feature_names": [
    "layer_thickness",
    "hatch_distance",
    "laser_power",
    "laser_velocity"
  ],
  "model_configuration": {
    "hyperparameters": {
      "n_estimators": 60,
      "max_depth": 8,
      "learning_rate": 0.13297554090738672,
      "subsample": 0.8245108790277985,
      "colsample_bytree": 0.9083868719818244,
      "colsample_bylevel": 0.7975182385457563,
      "reg_alpha": 0.0005065186776865479,
      "reg_lambda": 7.04480806377519e-05,
      "min_child_weight": 1,
      "gamma": 9.354548757337708e-08
    },
    "model_info": {
      "is_fitted": true,
      "task_type": "regression",
      "n_features": 4,
      "feature_names": [
        "layer_thickness",
        "hatch_distance",
        "laser_power",
        "laser_velocity"
      ],
      "model_params": {
        "n_estimators": 60,
        "max_depth": 8,
        "learning_rate": 0.13297554090738672,
        "subsample": 0.8245108790277985,
        "colsample_bytree": 0.9083868719818244,
        "colsample_bylevel": 0.7975182385457563,
        "colsample_bynode": 1.0,
        "reg_alpha": 0.0005065186776865479,
        "reg_lambda": 7.04480806377519e-05,
        "gamma": 9.354548757337708e-08,
        "min_child_weight": 1,
        "tree_method": "hist",
        "device": "cuda",
        "n_jobs": 1,
        "random_state": 42
      },
      "n_estimators": 60,
      "max_depth": 8,
      "learning_rate": 0.13297554090738672,
      "subsample": 0.8245108790277985,
      "colsample_bytree": 0.9083868719818244,
      "gpu_info": {
        "gpu_available": true,
        "gpu_enabled": true,
        "effective_device": "cuda",
        "tree_method": "hist",
        "using_gpu": true,
        "gpu_name": "NVIDIA GeForce RTX 4060 Laptop GPU",
        "gpu_memory_total_mb": 8188,
        "gpu_memory_used_mb": 1226,
        "gpu_memory_available_mb": 6962
      }
    }
  },
  "hyperparameter_optimization": {
    "best_params": {
      "n_estimators": 60,
      "max_depth": 8,
      "learning_rate": 0.13297554090738672,
      "subsample": 0.8245108790277985,
      "colsample_bytree": 0.9083868719818244,
      "colsample_bylevel": 0.7975182385457563,
      "reg_alpha": 0.0005065186776865479,
      "reg_lambda": 7.04480806377519e-05,
      "min_child_weight": 1,
      "gamma": 9.354548757337708e-08
    },
    "best_score": -0.3014325266125701,
    "best_trial_number": 9,
    "n_trials": 10,
    "n_completed_trials": 10,
    "task_type": "regression",
    "sampler_type": "TPE",
    "optimization_history": [
      {
        "trial_number": 0,
        "value": -0.40832163674547955,
        "params": {
          "n_estimators": 90,
          "max_depth": 10,
          "learning_rate": 0.1205712628744377,
          "subsample": 0.8394633936788146,
          "colsample_bytree": 0.6624074561769746,
          "colsample_bylevel": 0.662397808134481,
          "reg_alpha": 3.3323645788192616e-08,
          "reg_lambda": 0.6245760287469893,
          "min_child_weight": 7,
          "gamma": 0.023585940584142682
        },
        "state": "COMPLETE",
        "datetime": "2025-07-03T16:18:13.372809",
        "duration": 4.4523
      },
      {
        "trial_number": 1,
        "value": -0.4253144856671211,
        "params": {
          "n_estimators": 50,
          "max_depth": 10,
          "learning_rate": 0.16967533607196555,
          "subsample": 0.6849356442713105,
          "colsample_bytree": 0.6727299868828402,
          "colsample_bylevel": 0.6733618039413735,
          "reg_alpha": 5.472429642032198e-06,
          "reg_lambda": 0.00052821153945323,
          "min_child_weight": 5,
          "gamma": 4.17890272377219e-06
        },
        "state": "COMPLETE",
        "datetime": "2025-07-03T16:18:17.828115",
        "duration": 2.615336
      },
      {
        "trial_number": 2,
        "value": -0.5352104624916794,
        "params": {
          "n_estimators": 110,
          "max_depth": 2,
          "learning_rate": 0.027010527749605478,
          "subsample": 0.7465447373174767,
          "colsample_bytree": 0.7824279936868144,
          "colsample_bylevel": 0.9140703845572055,
          "reg_alpha": 6.267062696005991e-07,
          "reg_lambda": 0.00042472707398058225,
          "min_child_weight": 6,
          "gamma": 2.6185068507773707e-08
        },
        "state": "COMPLETE",
        "datetime": "2025-07-03T16:18:20.445452",
        "duration": 1.764456
      },
      {
        "trial_number": 3,
        "value": -0.5954627456503483,
        "params": {
          "n_estimators": 110,
          "max_depth": 2,
          "learning_rate": 0.012476394272569451,
          "subsample": 0.9795542149013333,
          "colsample_bytree": 0.9862528132298237,
          "colsample_bylevel": 0.9233589392465844,
          "reg_alpha": 5.514725787121931e-06,
          "reg_lambda": 7.569183361880229e-08,
          "min_child_weight": 7,
          "gamma": 9.148975058772307e-05
        },
        "state": "COMPLETE",
        "datetime": "2025-07-03T16:18:22.212911",
        "duration": 5.919979
      },
      {
        "trial_number": 4,
        "value": -0.6342398653472493,
        "params": {
          "n_estimators": 60,
          "max_depth": 5,
          "learning_rate": 0.011240768803005551,
          "subsample": 0.9637281608315128,
          "colsample_bytree": 0.7035119926400067,
          "colsample_bylevel": 0.8650089137415928,
          "reg_alpha": 6.388511557344611e-06,
          "reg_lambda": 0.0004793052550782129,
          "min_child_weight": 6,
          "gamma": 4.609885087947832e-07
        },
        "state": "COMPLETE",
        "datetime": "2025-07-03T16:18:28.134891",
        "duration": 1.631992
      },
      {
        "trial_number": 5,
        "value": -0.31029593939769684,
        "params": {
          "n_estimators": 150,
          "max_depth": 8,
          "learning_rate": 0.24420460844911424,
          "subsample": 0.9579309401710595,
          "colsample_bytree": 0.8391599915244341,
          "colsample_bylevel": 0.9687496940092467,
          "reg_alpha": 6.257956190096665e-08,
          "reg_lambda": 5.805581976088804e-07,
          "min_child_weight": 1,
          "gamma": 8.471746987003668e-06
        },
        "state": "COMPLETE",
        "datetime": "2025-07-03T16:18:29.767886",
        "duration": 7.007293
      },
      {
        "trial_number": 6,
        "value": -0.5087519221380598,
        "params": {
          "n_estimators": 90,
          "max_depth": 3,
          "learning_rate": 0.16755052359850303,
          "subsample": 0.7427013306774357,
          "colsample_bytree": 0.7123738038749523,
          "colsample_bylevel": 0.8170784332632994,
          "reg_alpha": 1.8548894229694903e-07,
          "reg_lambda": 0.16587190283399655,
          "min_child_weight": 1,
          "gamma": 7.620481786158549
        },
        "state": "COMPLETE",
        "datetime": "2025-07-03T16:18:36.778177",
        "duration": 1.197932
      },
      {
        "trial_number": 7,
        "value": -0.5985048486064055,
        "params": {
          "n_estimators": 130,
          "max_depth": 2,
          "learning_rate": 0.010189592979395137,
          "subsample": 0.9261845713819337,
          "colsample_bytree": 0.8827429375390468,
          "colsample_bylevel": 0.8916028672163949,
          "reg_alpha": 0.08738424135626986,
          "reg_lambda": 4.638759594322625e-08,
          "min_child_weight": 4,
          "gamma": 1.1036250149900698e-07
        },
        "state": "COMPLETE",
        "datetime": "2025-07-03T16:18:37.979108",
        "duration": 4.307944
      },
      {
        "trial_number": 8,
        "value": -0.43227118368679296,
        "params": {
          "n_estimators": 140,
          "max_depth": 7,
          "learning_rate": 0.030816017044468066,
          "subsample": 0.6254233401144095,
          "colsample_bytree": 0.7243929286862649,
          "colsample_bylevel": 0.7300733288106989,
          "reg_alpha": 0.036851536911881845,
          "reg_lambda": 0.005470376807480391,
          "min_child_weight": 9,
          "gamma": 0.0001778010520878397
        },
        "state": "COMPLETE",
        "datetime": "2025-07-03T16:18:42.289052",
        "duration": 17.978666
      },
      {
        "trial_number": 9,
        "value": -0.3014325266125701,
        "params": {
          "n_estimators": 60,
          "max_depth": 8,
          "learning_rate": 0.13297554090738672,
          "subsample": 0.8245108790277985,
          "colsample_bytree": 0.9083868719818244,
          "colsample_bylevel": 0.7975182385457563,
          "reg_alpha": 0.0005065186776865479,
          "reg_lambda": 7.04480806377519e-05,
          "min_child_weight": 1,
          "gamma": 9.354548757337708e-08
        },
        "state": "COMPLETE",
        "datetime": "2025-07-03T16:19:00.269718",
        "duration": 2.761963
      }
    ],
    "best_cv_scores": [
      -0.31335403840342796,
      -0.3074170560935318,
      -0.29297011436147313,
      -0.30117201082309314,
      -0.29224941338132454
    ],
    "best_cv_std": 0.008172476915721733
  },
  "cross_validation_results": {
    "test_scores": {
      "MAE": {
        "scores": [
          0.31335403840342796,
          0.3074170560935318,
          0.29297011436147313,
          0.30117201082309314,
          0.29224941338132454
        ],
        "mean": 0.3014325266125701,
        "std": 0.008172476915721733,
        "min": 0.29224941338132454,
        "max": 0.31335403840342796
      },
      "MSE": {
        "scores": [
          0.20103975476715236,
          0.19267459917357457,
          0.1756119486797426,
          0.1953274438652134,
          0.1869413915140337
        ],
        "mean": 0.19031902759994332,
        "std": 0.008640295571475621,
        "min": 0.1756119486797426,
        "max": 0.20103975476715236
      },
      "R2": {
        "scores": [
          0.8182922871270621,
          0.7946785565851591,
          0.8200045667693907,
          0.8109879658198389,
          0.8020547011601604
        ],
        "mean": 0.8092036154923223,
        "std": 0.009638804065341202,
        "min": 0.7946785565851591,
        "max": 0.8200045667693907
      }
    },
    "train_scores": {
      "MAE": {
        "scores": [
          0.10460294825142638,
          0.10571101666115634,
          0.10620562200402746,
          0.10459054504610403,
          0.1095780972068536
        ],
        "mean": 0.10613764583391357,
        "std": 0.0018315106539492881,
        "min": 0.10459054504610403,
        "max": 0.1095780972068536
      },
      "MSE": {
        "scores": [
          0.020880709859578475,
          0.021206131698418174,
          0.022064891095005243,
          0.021302358207791257,
          0.023152936773937732
        ],
        "mean": 0.021721405526946173,
        "std": 0.0008142654390020141,
        "min": 0.020880709859578475,
        "max": 0.023152936773937732
      },
      "R2": {
        "scores": [
          0.9785445816790328,
          0.979115020498013,
          0.9780658160383662,
          0.9785149094337041,
          0.9771632721155612
        ],
        "mean": 0.9782807199529355,
        "std": 0.0006504457678650992,
        "min": 0.9771632721155612,
        "max": 0.979115020498013
      }
    },
    "fit_times": "[0.56637311 0.54919171 0.5570612  0.5621736  0.52521586]",
    "score_times": "[0.00700164 0.00699782 0.00900006 0.00916886 0.00807118]",
    "timing": {
      "fit_time_mean": 0.5520030975341796,
      "fit_time_std": 0.014566952872827488,
      "score_time_mean": 0.008047914505004883,
      "score_time_std": 0.0009339206224925011
    },
    "task_type": "regression",
    "cv_folds": 5,
    "data_shape": [
      2703,
      4
    ],
    "y_true": "[ 1.07188428  0.22800956 -1.89249615 ...  0.92041958 -0.09655764\n -0.01000639]",
    "y_pred_cv": "[ 0.6819851   0.3032594  -1.1719607  ...  0.5448064  -0.62831587\n -0.1329757 ]",
    "y_pred_proba_cv": null,
    "saved_files": {
      "original_data": "trained_models\\2866c39f-af8e-44a1-b342-e1981a2ce9bd\\cross_validation_data\\2866c39f-af8e-44a1-b342-e1981a2ce9bd_original_data.csv",
      "preprocessed_data": "trained_models\\2866c39f-af8e-44a1-b342-e1981a2ce9bd\\cross_validation_data\\2866c39f-af8e-44a1-b342-e1981a2ce9bd_preprocessed_data.csv",
      "cv_predictions_processed": "trained_models\\2866c39f-af8e-44a1-b342-e1981a2ce9bd\\cross_validation_data\\2866c39f-af8e-44a1-b342-e1981a2ce9bd_cv_predictions_processed.csv",
      "cv_predictions_original": "trained_models\\2866c39f-af8e-44a1-b342-e1981a2ce9bd\\cross_validation_data\\2866c39f-af8e-44a1-b342-e1981a2ce9bd_cv_predictions_original.csv",
      "scatter_plot": "trained_models\\2866c39f-af8e-44a1-b342-e1981a2ce9bd\\cross_validation_data\\2866c39f-af8e-44a1-b342-e1981a2ce9bd_cv_scatter_plot.png"
    },
    "cv_predictions": "{'y_true_processed': array([ 1.07188428,  0.22800956, -1.89249615, ...,  0.92041958,\n       -0.09655764, -0.01000639], shape=(2703,)), 'y_pred_processed': array([ 0.6819851 ,  0.3032594 , -1.1719607 , ...,  0.5448064 ,\n       -0.62831587, -0.1329757 ], shape=(2703,), dtype=float32), 'y_true_original': array([97.5, 93.6, 83.8, ..., 96.8, 92.1, 92.5], shape=(2703,)), 'y_pred_original': array([95.69807 , 93.94777 , 87.12998 , ..., 95.06409 , 89.642456,\n       91.931694], shape=(2703,), dtype=float32)}"
  },
  "feature_importance": {
    "layer_thickness": {
      "weight": 2565.0,
      "gain": 0.8449158072471619,
      "cover": 101.01286315917969,
      "sklearn_gain": 0.27628445625305176,
      "permutation_mean": 0.6148021120642808,
      "permutation_std": 0.016001765115711986
    },
    "hatch_distance": {
      "weight": 2439.0,
      "gain": 0.634192168712616,
      "cover": 102.79212951660156,
      "sklearn_gain": 0.2073785662651062,
      "permutation_mean": 0.5340742795232424,
      "permutation_std": 0.0112745391227284
    },
    "laser_power": {
      "weight": 3644.0,
      "gain": 0.8192659020423889,
      "cover": 79.82738494873047,
      "sklearn_gain": 0.26789700984954834,
      "permutation_mean": 0.763927355400982,
      "permutation_std": 0.021396948769434564
    },
    "laser_velocity": {
      "weight": 3357.0,
      "gain": 0.7597635984420776,
      "cover": 77.75871276855469,
      "sklearn_gain": 0.2484399825334549,
      "permutation_mean": 0.7396070602511404,
      "permutation_std": 0.009441781025934204
    }
  },
  "recommendations": [
    "📊 Moderate regression performance (R² > 0.70). Consider feature engineering or additional data.",
    "⚖️ One feature dominates importance. Verify data quality and consider feature engineering.",
    "📊 Model error is relatively high. Consider feature engineering or different algorithms.",
    "🔄 Consider running more optimization trials for better hyperparameter exploration."
  ],
  "raw_training_results": {
    "model_name": "2866c39f-af8e-44a1-b342-e1981a2ce9bd",
    "model_id": "2866c39f-af8e-44a1-b342-e1981a2ce9bd",
    "task_type": "regression",
    "target_column": "relative_density",
    "target_name": [
      "relative_density"
    ],
    "target_dimension": 1,
    "training_time_seconds": 74.668173,
    "data_shape": {
      "n_samples": 2703,
      "n_features": 4
    },
    "feature_names": [
      "layer_thickness",
      "hatch_distance",
      "laser_power",
      "laser_velocity"
    ],
    "hyperparameters": {
      "n_estimators": 60,
      "max_depth": 8,
      "learning_rate": 0.13297554090738672,
      "subsample": 0.8245108790277985,
      "colsample_bytree": 0.9083868719818244,
      "colsample_bylevel": 0.7975182385457563,
      "reg_alpha": 0.0005065186776865479,
      "reg_lambda": 7.04480806377519e-05,
      "min_child_weight": 1,
      "gamma": 9.354548757337708e-08
    },
    "performance_metrics": {
      "MAE": {
        "scores": [
          0.31335403840342796,
          0.3074170560935318,
          0.29297011436147313,
          0.30117201082309314,
          0.29224941338132454
        ],
        "mean": 0.3014325266125701,
        "std": 0.008172476915721733,
        "min": 0.29224941338132454,
        "max": 0.31335403840342796
      },
      "MSE": {
        "scores": [
          0.20103975476715236,
          0.19267459917357457,
          0.1756119486797426,
          0.1953274438652134,
          0.1869413915140337
        ],
        "mean": 0.19031902759994332,
        "std": 0.008640295571475621,
        "min": 0.1756119486797426,
        "max": 0.20103975476715236
      },
      "R2": {
        "scores": [
          0.8182922871270621,
          0.7946785565851591,
          0.8200045667693907,
          0.8109879658198389,
          0.8020547011601604
        ],
        "mean": 0.8092036154923223,
        "std": 0.009638804065341202,
        "min": 0.7946785565851591,
        "max": 0.8200045667693907
      }
    },
    "cross_validation_results": {
      "test_scores": {
        "MAE": {
          "scores": [
            0.31335403840342796,
            0.3074170560935318,
            0.29297011436147313,
            0.30117201082309314,
            0.29224941338132454
          ],
          "mean": 0.3014325266125701,
          "std": 0.008172476915721733,
          "min": 0.29224941338132454,
          "max": 0.31335403840342796
        },
        "MSE": {
          "scores": [
            0.20103975476715236,
            0.19267459917357457,
            0.1756119486797426,
            0.1953274438652134,
            0.1869413915140337
          ],
          "mean": 0.19031902759994332,
          "std": 0.008640295571475621,
          "min": 0.1756119486797426,
          "max": 0.20103975476715236
        },
        "R2": {
          "scores": [
            0.8182922871270621,
            0.7946785565851591,
            0.8200045667693907,
            0.8109879658198389,
            0.8020547011601604
          ],
          "mean": 0.8092036154923223,
          "std": 0.009638804065341202,
          "min": 0.7946785565851591,
          "max": 0.8200045667693907
        }
      },
      "train_scores": {
        "MAE": {
          "scores": [
            0.10460294825142638,
            0.10571101666115634,
            0.10620562200402746,
            0.10459054504610403,
            0.1095780972068536
          ],
          "mean": 0.10613764583391357,
          "std": 0.0018315106539492881,
          "min": 0.10459054504610403,
          "max": 0.1095780972068536
        },
        "MSE": {
          "scores": [
            0.020880709859578475,
            0.021206131698418174,
            0.022064891095005243,
            0.021302358207791257,
            0.023152936773937732
          ],
          "mean": 0.021721405526946173,
          "std": 0.0008142654390020141,
          "min": 0.020880709859578475,
          "max": 0.023152936773937732
        },
        "R2": {
          "scores": [
            0.9785445816790328,
            0.979115020498013,
            0.9780658160383662,
            0.9785149094337041,
            0.9771632721155612
          ],
          "mean": 0.9782807199529355,
          "std": 0.0006504457678650992,
          "min": 0.9771632721155612,
          "max": 0.979115020498013
        }
      },
      "fit_times": "[0.56637311 0.54919171 0.5570612  0.5621736  0.52521586]",
      "score_times": "[0.00700164 0.00699782 0.00900006 0.00916886 0.00807118]",
      "timing": {
        "fit_time_mean": 0.5520030975341796,
        "fit_time_std": 0.014566952872827488,
        "score_time_mean": 0.008047914505004883,
        "score_time_std": 0.0009339206224925011
      },
      "task_type": "regression",
      "cv_folds": 5,
      "data_shape": [
        2703,
        4
      ],
      "y_true": "[ 1.07188428  0.22800956 -1.89249615 ...  0.92041958 -0.09655764\n -0.01000639]",
      "y_pred_cv": "[ 0.6819851   0.3032594  -1.1719607  ...  0.5448064  -0.62831587\n -0.1329757 ]",
      "y_pred_proba_cv": null,
      "saved_files": {
        "original_data": "trained_models\\2866c39f-af8e-44a1-b342-e1981a2ce9bd\\cross_validation_data\\2866c39f-af8e-44a1-b342-e1981a2ce9bd_original_data.csv",
        "preprocessed_data": "trained_models\\2866c39f-af8e-44a1-b342-e1981a2ce9bd\\cross_validation_data\\2866c39f-af8e-44a1-b342-e1981a2ce9bd_preprocessed_data.csv",
        "cv_predictions_processed": "trained_models\\2866c39f-af8e-44a1-b342-e1981a2ce9bd\\cross_validation_data\\2866c39f-af8e-44a1-b342-e1981a2ce9bd_cv_predictions_processed.csv",
        "cv_predictions_original": "trained_models\\2866c39f-af8e-44a1-b342-e1981a2ce9bd\\cross_validation_data\\2866c39f-af8e-44a1-b342-e1981a2ce9bd_cv_predictions_original.csv",
        "scatter_plot": "trained_models\\2866c39f-af8e-44a1-b342-e1981a2ce9bd\\cross_validation_data\\2866c39f-af8e-44a1-b342-e1981a2ce9bd_cv_scatter_plot.png"
      },
      "cv_predictions": "{'y_true_processed': array([ 1.07188428,  0.22800956, -1.89249615, ...,  0.92041958,\n       -0.09655764, -0.01000639], shape=(2703,)), 'y_pred_processed': array([ 0.6819851 ,  0.3032594 , -1.1719607 , ...,  0.5448064 ,\n       -0.62831587, -0.1329757 ], shape=(2703,), dtype=float32), 'y_true_original': array([97.5, 93.6, 83.8, ..., 96.8, 92.1, 92.5], shape=(2703,)), 'y_pred_original': array([95.69807 , 93.94777 , 87.12998 , ..., 95.06409 , 89.642456,\n       91.931694], shape=(2703,), dtype=float32)}"
    },
    "feature_importance": {
      "layer_thickness": {
        "weight": 2565.0,
        "gain": 0.8449158072471619,
        "cover": 101.01286315917969,
        "sklearn_gain": 0.27628445625305176,
        "permutation_mean": 0.6148021120642808,
        "permutation_std": 0.016001765115711986
      },
      "hatch_distance": {
        "weight": 2439.0,
        "gain": 0.634192168712616,
        "cover": 102.79212951660156,
        "sklearn_gain": 0.2073785662651062,
        "permutation_mean": 0.5340742795232424,
        "permutation_std": 0.0112745391227284
      },
      "laser_power": {
        "weight": 3644.0,
        "gain": 0.8192659020423889,
        "cover": 79.82738494873047,
        "sklearn_gain": 0.26789700984954834,
        "permutation_mean": 0.763927355400982,
        "permutation_std": 0.021396948769434564
      },
      "laser_velocity": {
        "weight": 3357.0,
        "gain": 0.7597635984420776,
        "cover": 77.75871276855469,
        "sklearn_gain": 0.2484399825334549,
        "permutation_mean": 0.7396070602511404,
        "permutation_std": 0.009441781025934204
      }
    },
    "model_info": {
      "is_fitted": true,
      "task_type": "regression",
      "n_features": 4,
      "feature_names": [
        "layer_thickness",
        "hatch_distance",
        "laser_power",
        "laser_velocity"
      ],
      "model_params": {
        "n_estimators": 60,
        "max_depth": 8,
        "learning_rate": 0.13297554090738672,
        "subsample": 0.8245108790277985,
        "colsample_bytree": 0.9083868719818244,
        "colsample_bylevel": 0.7975182385457563,
        "colsample_bynode": 1.0,
        "reg_alpha": 0.0005065186776865479,
        "reg_lambda": 7.04480806377519e-05,
        "gamma": 9.354548757337708e-08,
        "min_child_weight": 1,
        "tree_method": "hist",
        "device": "cuda",
        "n_jobs": 1,
        "random_state": 42
      },
      "n_estimators": 60,
      "max_depth": 8,
      "learning_rate": 0.13297554090738672,
      "subsample": 0.8245108790277985,
      "colsample_bytree": 0.9083868719818244,
      "gpu_info": {
        "gpu_available": true,
        "gpu_enabled": true,
        "effective_device": "cuda",
        "tree_method": "hist",
        "using_gpu": true,
        "gpu_name": "NVIDIA GeForce RTX 4060 Laptop GPU",
        "gpu_memory_total_mb": 8188,
        "gpu_memory_used_mb": 1226,
        "gpu_memory_available_mb": 6962
      }
    },
    "optimization_results": {
      "best_params": {
        "n_estimators": 60,
        "max_depth": 8,
        "learning_rate": 0.13297554090738672,
        "subsample": 0.8245108790277985,
        "colsample_bytree": 0.9083868719818244,
        "colsample_bylevel": 0.7975182385457563,
        "reg_alpha": 0.0005065186776865479,
        "reg_lambda": 7.04480806377519e-05,
        "min_child_weight": 1,
        "gamma": 9.354548757337708e-08
      },
      "best_score": -0.3014325266125701,
      "best_trial_number": 9,
      "n_trials": 10,
      "n_completed_trials": 10,
      "task_type": "regression",
      "sampler_type": "TPE",
      "optimization_history": [
        {
          "trial_number": 0,
          "value": -0.40832163674547955,
          "params": {
            "n_estimators": 90,
            "max_depth": 10,
            "learning_rate": 0.1205712628744377,
            "subsample": 0.8394633936788146,
            "colsample_bytree": 0.6624074561769746,
            "colsample_bylevel": 0.662397808134481,
            "reg_alpha": 3.3323645788192616e-08,
            "reg_lambda": 0.6245760287469893,
            "min_child_weight": 7,
            "gamma": 0.023585940584142682
          },
          "state": "COMPLETE",
          "datetime": "2025-07-03T16:18:13.372809",
          "duration": 4.4523
        },
        {
          "trial_number": 1,
          "value": -0.4253144856671211,
          "params": {
            "n_estimators": 50,
            "max_depth": 10,
            "learning_rate": 0.16967533607196555,
            "subsample": 0.6849356442713105,
            "colsample_bytree": 0.6727299868828402,
            "colsample_bylevel": 0.6733618039413735,
            "reg_alpha": 5.472429642032198e-06,
            "reg_lambda": 0.00052821153945323,
            "min_child_weight": 5,
            "gamma": 4.17890272377219e-06
          },
          "state": "COMPLETE",
          "datetime": "2025-07-03T16:18:17.828115",
          "duration": 2.615336
        },
        {
          "trial_number": 2,
          "value": -0.5352104624916794,
          "params": {
            "n_estimators": 110,
            "max_depth": 2,
            "learning_rate": 0.027010527749605478,
            "subsample": 0.7465447373174767,
            "colsample_bytree": 0.7824279936868144,
            "colsample_bylevel": 0.9140703845572055,
            "reg_alpha": 6.267062696005991e-07,
            "reg_lambda": 0.00042472707398058225,
            "min_child_weight": 6,
            "gamma": 2.6185068507773707e-08
          },
          "state": "COMPLETE",
          "datetime": "2025-07-03T16:18:20.445452",
          "duration": 1.764456
        },
        {
          "trial_number": 3,
          "value": -0.5954627456503483,
          "params": {
            "n_estimators": 110,
            "max_depth": 2,
            "learning_rate": 0.012476394272569451,
            "subsample": 0.9795542149013333,
            "colsample_bytree": 0.9862528132298237,
            "colsample_bylevel": 0.9233589392465844,
            "reg_alpha": 5.514725787121931e-06,
            "reg_lambda": 7.569183361880229e-08,
            "min_child_weight": 7,
            "gamma": 9.148975058772307e-05
          },
          "state": "COMPLETE",
          "datetime": "2025-07-03T16:18:22.212911",
          "duration": 5.919979
        },
        {
          "trial_number": 4,
          "value": -0.6342398653472493,
          "params": {
            "n_estimators": 60,
            "max_depth": 5,
            "learning_rate": 0.011240768803005551,
            "subsample": 0.9637281608315128,
            "colsample_bytree": 0.7035119926400067,
            "colsample_bylevel": 0.8650089137415928,
            "reg_alpha": 6.388511557344611e-06,
            "reg_lambda": 0.0004793052550782129,
            "min_child_weight": 6,
            "gamma": 4.609885087947832e-07
          },
          "state": "COMPLETE",
          "datetime": "2025-07-03T16:18:28.134891",
          "duration": 1.631992
        },
        {
          "trial_number": 5,
          "value": -0.31029593939769684,
          "params": {
            "n_estimators": 150,
            "max_depth": 8,
            "learning_rate": 0.24420460844911424,
            "subsample": 0.9579309401710595,
            "colsample_bytree": 0.8391599915244341,
            "colsample_bylevel": 0.9687496940092467,
            "reg_alpha": 6.257956190096665e-08,
            "reg_lambda": 5.805581976088804e-07,
            "min_child_weight": 1,
            "gamma": 8.471746987003668e-06
          },
          "state": "COMPLETE",
          "datetime": "2025-07-03T16:18:29.767886",
          "duration": 7.007293
        },
        {
          "trial_number": 6,
          "value": -0.5087519221380598,
          "params": {
            "n_estimators": 90,
            "max_depth": 3,
            "learning_rate": 0.16755052359850303,
            "subsample": 0.7427013306774357,
            "colsample_bytree": 0.7123738038749523,
            "colsample_bylevel": 0.8170784332632994,
            "reg_alpha": 1.8548894229694903e-07,
            "reg_lambda": 0.16587190283399655,
            "min_child_weight": 1,
            "gamma": 7.620481786158549
          },
          "state": "COMPLETE",
          "datetime": "2025-07-03T16:18:36.778177",
          "duration": 1.197932
        },
        {
          "trial_number": 7,
          "value": -0.5985048486064055,
          "params": {
            "n_estimators": 130,
            "max_depth": 2,
            "learning_rate": 0.010189592979395137,
            "subsample": 0.9261845713819337,
            "colsample_bytree": 0.8827429375390468,
            "colsample_bylevel": 0.8916028672163949,
            "reg_alpha": 0.08738424135626986,
            "reg_lambda": 4.638759594322625e-08,
            "min_child_weight": 4,
            "gamma": 1.1036250149900698e-07
          },
          "state": "COMPLETE",
          "datetime": "2025-07-03T16:18:37.979108",
          "duration": 4.307944
        },
        {
          "trial_number": 8,
          "value": -0.43227118368679296,
          "params": {
            "n_estimators": 140,
            "max_depth": 7,
            "learning_rate": 0.030816017044468066,
            "subsample": 0.6254233401144095,
            "colsample_bytree": 0.7243929286862649,
            "colsample_bylevel": 0.7300733288106989,
            "reg_alpha": 0.036851536911881845,
            "reg_lambda": 0.005470376807480391,
            "min_child_weight": 9,
            "gamma": 0.0001778010520878397
          },
          "state": "COMPLETE",
          "datetime": "2025-07-03T16:18:42.289052",
          "duration": 17.978666
        },
        {
          "trial_number": 9,
          "value": -0.3014325266125701,
          "params": {
            "n_estimators": 60,
            "max_depth": 8,
            "learning_rate": 0.13297554090738672,
            "subsample": 0.8245108790277985,
            "colsample_bytree": 0.9083868719818244,
            "colsample_bylevel": 0.7975182385457563,
            "reg_alpha": 0.0005065186776865479,
            "reg_lambda": 7.04480806377519e-05,
            "min_child_weight": 1,
            "gamma": 9.354548757337708e-08
          },
          "state": "COMPLETE",
          "datetime": "2025-07-03T16:19:00.269718",
          "duration": 2.761963
        }
      ],
      "best_cv_scores": [
        -0.31335403840342796,
        -0.3074170560935318,
        -0.29297011436147313,
        -0.30117201082309314,
        -0.29224941338132454
      ],
      "best_cv_std": 0.008172476915721733
    },
    "training_completed_at": "2025-07-03T16:19:19.996298",
    "preprocessing_applied": true,
    "preprocessing_pipeline_path": "trained_models\\2866c39f-af8e-44a1-b342-e1981a2ce9bd\\preprocessing_pipeline.pkl",
    "scaling_method": "standard",
    "label_mapping": null,
    "tool_input_details": {
      "data_source": "D:\\SLM.xls",
      "optimize_hyperparameters": true,
      "n_trials": 10,
      "cv_folds": 5,
      "optimization_algorithm": "TPE",
      "scoring_metric": "neg_mean_absolute_error",
      "validate_data": true,
      "save_model": true,
      "apply_preprocessing": true,
      "scaling_method": "standard",
      "task_type": "regression",
      "additional_model_params": {
        "xgboost_params": {}
      },
      "base_model_params": {
        "random_state": 42,
        "n_jobs": -1
      }
    },
    "preprocessing_details": {
      "applied": true,
      "target_preprocessing_applied": true,
      "scaling_method": "standard",
      "scaling_method_description": "StandardScaler (mean=0, std=1)",
      "pipeline_saved": true,
      "pipeline_components": {
        "numerical_imputer": true,
        "categorical_one_hot_encoder": true,
        "categorical_label_encoder": true,
        "feature_scaler": true,
        "target_scaler": true
      },
      "original_feature_count": 4,
      "processed_feature_count": 4,
      "preprocessing_info": {
        "is_fitted": true,
        "target_is_fitted": true,
        "config": {
          "numerical_features": [
            "layer_thickness",
            "hatch_distance",
            "laser_power",
            "laser_velocity"
          ],
          "categorical_features": [],
          "scaling_method": "standard",
          "impute_missing": true,
          "use_one_hot": false,
          "target_task_type": "regression",
          "target_scaling_method": "standard",
          "target_names": [
            "target"
          ],
          "target_shape": [
            2703
          ]
        },
        "feature_names_in": [
          "layer_thickness",
          "hatch_distance",
          "laser_power",
          "laser_velocity"
        ],
        "feature_names_out": [
          "layer_thickness",
          "hatch_distance",
          "laser_power",
          "laser_velocity"
        ],
        "target_names": [
          "target"
        ],
        "input_feature_count": 4,
        "output_feature_count": 4,
        "preprocessing_steps": [
          {
            "transformer_name": "numerical",
            "columns": [
              "layer_thickness",
              "hatch_distance",
              "laser_power",
              "laser_velocity"
            ],
            "column_count": 4,
            "scaling_method": "standard"
          }
        ]
      }
    },
    "model_directory": "trained_models\\2866c39f-af8e-44a1-b342-e1981a2ce9bd"
  }
}